data,1 Praskiego Pułku WP 116,Aleja Komandosów 8,Aleja Krakowska 257,Arkuszowa 202,Armii Krajowej 39,Astronautów 17,Beniamina Flatta 7,Bogusławskiego 8a,Bohaterów 41,Brata Alberta 46,Cieplarniana 23,Cietrzewia 22a,Cybisa 1,Erazma z Zakroczymia 15,Estrady 112,Gościeradowska 18/20,Gubinowska 28/30,Głębocka 66,Hetmańska 25,Ignacego Paderewskiego 45,Irysowa 19,Jana Kazimierza 62,Jeziorna 5/9,Juranda ze Spychowa 10,Kajakowa 10,Kobiałka 49,Koryncka 33,Kruczkowskiego 12b,Latarnia 12707 plac Bankowy,Latarnia 142480 Tużycka 31,Latarnia 145562 Plac Wilsona,Latarnia 146935 plac Lelewela,Latarnia 149155 Lazurowa-Człuchowska,Latarnia 21452 Jana Kazimierza-Ordona,Latarnia 32579 Kamionkowskie Błonia Elekcyjne,Latarnia 33816 Kłobucka-Jurajska,Latarnia 36582 Rondo Daszyńskiego,Latarnia 37900 Rondo Wiatraczna,Latarnia 3986 Marszałkowska-Nowogrodzka,Latarnia 46148 Park Arkadia,Latarnia 46652 Płowiecka-Błękitna,Latarnia 6214 Rondo Waszyngtona,Latarnia 72131 Puławska-Dolina Służewiecka,Latarnia 77353 Czerniakowska-Jurija Gagarina,Latarnia 83582 Park nad Balatonem,Latarnia 85554 Syta-Vogla,Latarnia 86924 Targowa-Solidarności,Latarnia 8841 Al.Jerozolimskie-Kopińska,Latarnia Krucza-Hoża,Latarnia Krucza-Wilcza,Latarnia Plac Józefa Hallera,Latarnia nr 24603 - Kępa Potocka,Latoszki 24,Londyńska 10,Lwa Tołstoja 2,Mikołaja Reja 1,Milenijna 4,Myśliborska 35,Na Uboczu 9,Nowoursynowska 92/100,Objazdowa 3,Paluch 2,Papirusów 3/3A,Patriotów 90,Pazińskiego 11A,Plac Wojska Polskiego 28,Podróżnicza 11,Poezji 5,Promienista 12a,Przedszkole nr 170 Mahatmy Gandhiego 16,Przedszkole nr 196 Ludwika Nabielaka 18a,Przedszkole nr 299 przy Bernardyńskiej Wodzie 13,Przedszkole nr 384 Janusza Meissnera 8B,Przyczółkowa 27,Przygodna 2,Przytulna 3,Radzymińska 227,Rydzowa 1A,Samarytanka 11A,Sosnkowskiego 10,Stanisława Szobera 1/3,Stawki 14,Stefana Żeromskiego 22/28,Sycowska 1,Szegedyńska 13,Szwoleżerów 5,Słup sygnalizacyjno-oświetleniowy 30488 Anielewicza-Smocza,Teofila Lenartowicza 27,Ul. Ostródzka 175,Uprawna 9/17,Wacława Tokarza 2,Walerego Sławka 7,Warchałowskiego 8,Wilczy Dół 4,Zachodzącego Słońca 25,"Zgrupowania AK ""Kampinos"" 10",latarnia 50066 Lazurowa-Górczewska,ul. Sarabandy  16/22,Żegańska 1
2026-07-01 00:00:00,4.7,4.4,6.1,5.3,4.7,5.1,6.1,6.4,5.0,4.8,5.7,7.1,6.5,6.4,4.0,5.6,4.8,4.8,5.7,4.3,,6.7,6.6,5.2,5.6,4.1,,6.3,7.7,4.9,6.3,6.2,7.3,7.4,6.2,6.1,6.8,6.0,7.0,4.0,8.2,6.4,6.8,6.2,6.0,6.3,7.3,7.8,6.3,6.5,6.5,6.8,3.4,6.3,5.7,3.4,5.4,6.2,6.4,5.7,5.4,5.6,5.7,4.9,5.1,4.2,4.8,5.3,7.2,6.5,6.2,5.0,5.7,5.3,4.0,7.7,5.4,6.3,,6.2,7.1,6.6,4.9,7.5,5.8,4.4,7.0,6.4,5.3,3.4,5.5,7.6,6.5,5.7,6.2,5.7,6.4,5.0,4.8
2026-07-01 01:00:00,3.9,4.7,5.9,4.2,5.2,5.0,5.8,5.8,4.3,5.1,5.1,6.9,6.6,5.8,3.3,4.7,5.1,3.8,5.2,4.0,,6.3,6.0,4.3,5.6,3.4,,5.5,7.2,4.3,5.8,5.4,,7.0,5.2,6.4,6.5,5.4,6.6,4.3,7.0,5.6,7.1,6.5,5.8,6.2,6.7,7.5,5.5,5.4,5.8,6.1,3.5,5.5,4.9,2.9,4.5,5.4,6.3,5.6,4.7,5.8,4.9,5.1,4.9,4.3,4.2,5.4,6.9,6.4,6.2,5.1,5.5,5.4,4.4,6.6,4.4,6.0,,5.9,6.6,5.9,3.9,6.6,5.0,4.2,6.5,6.5,4.6,3.3,4.3,7.3,6.5,5.8,5.5,4.8,6.0,5.0,4.4
2026-07-01 02:00:00,3.7,3.9,5.6,3.9,4.2,4.6,6.0,5.1,3.7,4.5,4.8,6.5,6.8,5.2,2.8,4.3,4.8,3.6,4.8,3.7,,5.9,5.6,3.7,5.5,3.2,,5.0,6.8,4.0,5.7,5.2,6.7,6.6,4.9,6.3,6.0,5.0,6.2,4.1,6.5,5.3,7.0,6.3,,,6.4,7.0,5.2,5.0,5.3,5.7,3.5,5.0,4.1,2.6,4.0,4.8,6.4,5.7,4.1,5.5,4.4,5.0,4.4,3.7,3.8,5.3,6.4,6.2,5.9,4.7,5.1,5.4,3.5,6.0,,6.1,,5.4,6.2,5.4,3.5,6.3,4.5,3.7,6.3,6.3,,3.2,4.2,6.8,6.4,,,4.5,5.6,5.3,4.3
2026-07-01 03:00:00,3.4,3.7,5.5,4.0,3.7,4.5,5.5,4.8,3.6,4.2,4.6,6.4,6.6,4.9,2.7,4.0,4.5,3.2,4.6,3.5,,5.6,5.4,3.5,5.4,3.0,,4.9,6.7,3.8,5.7,5.1,6.5,6.6,4.9,6.3,6.0,4.9,6.1,4.1,6.3,5.2,,6.3,5.6,6.2,6.3,7.1,4.9,4.8,5.2,5.5,3.3,4.9,3.8,2.6,3.9,4.6,6.3,5.4,3.9,5.4,4.0,4.5,4.2,3.5,3.6,5.1,6.2,6.1,5.8,4.4,4.9,5.2,3.7,6.0,,6.0,,5.3,6.0,5.2,3.3,6.2,4.2,3.8,6.1,6.2,,3.1,4.0,6.7,6.3,5.5,4.8,4.4,5.4,5.2,4.1
2026-07-01 04:00:00,3.4,3.9,5.9,3.8,3.7,4.9,5.5,4.9,3.5,4.1,4.4,6.7,6.6,4.9,2.8,4.2,4.3,3.3,4.7,3.8,,6.0,5.7,3.6,5.4,3.0,,5.2,7.1,4.2,6.0,5.3,6.8,6.8,5.3,6.3,6.3,5.2,6.4,4.3,6.6,5.5,,6.5,5.8,6.3,6.7,7.4,5.3,4.9,6.2,5.7,3.4,5.1,3.9,2.7,3.9,4.9,6.3,5.5,4.2,5.2,4.2,4.4,4.1,3.5,3.6,5.1,6.4,6.3,5.9,4.5,5.2,5.3,3.3,5.9,4.2,6.0,,5.7,6.3,5.6,3.3,6.5,4.2,3.9,6.5,6.4,,3.1,4.0,7.1,6.3,5.6,5.2,4.2,6.0,5.2,4.2
2026-07-01 05:00:00,3.6,4.2,6.2,4.2,4.0,5.1,5.7,5.5,3.8,4.3,4.7,7.0,6.7,5.4,3.1,4.7,4.4,3.7,5.1,3.9,,6.3,5.7,3.9,5.6,3.3,,5.4,7.5,4.7,6.5,5.8,7.4,7.4,5.7,6.5,6.7,5.7,6.6,4.7,7.0,5.9,7.2,7.0,6.1,6.5,7.1,7.9,5.4,5.3,6.2,6.2,3.5,5.4,4.3,3.0,4.4,5.3,6.4,5.4,4.5,5.5,4.7,4.7,4.2,3.6,3.9,5.2,6.9,6.4,6.3,4.8,5.4,5.4,3.3,6.0,4.6,6.2,,6.0,6.7,6.1,3.8,6.7,4.8,4.2,6.7,6.5,,3.2,4.5,7.5,6.4,5.7,5.6,4.7,6.4,5.2,4.4
2026-07-01 06:00:00,4.4,4.6,6.5,4.7,4.6,5.7,6.2,6.1,4.4,4.9,5.5,7.4,7.1,6.0,3.6,5.3,5.0,4.3,5.6,4.4,,6.8,6.0,4.5,5.8,3.9,,5.9,8.3,5.2,6.8,6.4,7.9,7.9,6.1,6.8,7.1,6.2,7.1,5.0,7.9,6.3,7.6,7.5,6.5,6.8,7.6,8.4,6.1,5.9,6.7,6.7,3.7,5.9,5.0,3.3,5.3,5.9,6.6,5.8,4.9,6.0,5.2,5.2,4.9,5.1,4.4,5.7,7.2,6.8,6.7,5.0,5.9,5.7,3.7,6.6,5.4,6.3,,6.3,7.1,6.5,4.4,7.0,5.4,4.6,7.3,6.9,5.3,3.7,5.0,7.9,6.7,5.9,6.1,5.3,6.8,5.4,4.8
2026-07-01 07:00:00,4.7,5.2,6.8,5.2,5.1,6.2,6.3,6.4,5.1,5.3,5.7,7.8,7.2,6.5,3.9,6.0,5.4,4.8,6.2,5.0,,7.1,6.4,5.2,6.2,4.5,,6.6,9.3,5.7,7.3,6.7,8.4,8.3,6.4,7.0,7.6,6.3,7.4,5.2,8.7,6.7,8.1,7.7,6.7,7.0,9.1,9.0,6.6,6.4,7.0,7.0,4.0,6.5,5.7,3.6,5.8,6.5,6.9,6.2,6.5,6.2,5.9,5.6,5.4,5.4,5.1,6.1,7.9,7.2,7.1,5.5,6.3,6.0,4.2,8.0,5.9,6.6,,6.7,7.5,6.9,4.9,7.4,6.0,5.4,7.6,7.3,5.6,3.8,5.7,8.5,7.0,6.2,6.5,6.1,7.1,5.8,5.2
2026-07-01 08:00:00,4.7,5.1,6.4,3.6,5.1,6.8,6.0,5.0,3.7,5.1,5.8,6.8,6.8,4.9,2.6,5.4,5.2,3.8,9.8,4.5,,6.1,6.0,4.2,6.0,3.2,,5.7,7.3,4.5,5.8,5.4,7.0,7.1,5.5,6.5,6.7,5.8,6.7,4.5,7.2,5.9,7.4,6.9,6.0,6.6,7.0,7.8,5.8,5.6,5.9,5.4,4.0,5.6,4.2,3.0,4.0,5.0,6.8,6.3,5.1,5.6,4.2,5.8,5.3,4.7,3.8,6.5,6.8,6.7,6.5,5.3,5.7,6.0,4.1,5.8,4.5,6.7,,5.9,6.3,5.7,3.6,6.5,4.4,4.5,6.4,6.9,4.3,3.7,4.7,7.1,6.9,6.3,4.8,4.1,6.0,5.6,5.6
2026-07-01 09:00:00,3.5,4.4,6.0,3.7,3.8,5.3,5.0,4.8,3.4,4.1,4.5,6.6,5.9,4.8,2.7,4.4,4.1,3.2,5.9,3.6,,6.7,5.0,3.9,5.0,2.8,,5.1,,3.8,5.7,5.2,7.0,7.0,4.9,5.9,6.3,5.1,6.3,3.6,6.9,5.3,6.6,6.3,5.3,5.8,7.2,7.2,5.2,5.0,5.3,5.3,3.2,4.9,3.8,2.6,4.0,4.6,5.5,4.8,4.0,5.1,4.0,4.4,4.1,3.5,3.8,5.1,6.6,6.0,5.8,4.3,4.7,4.9,3.2,5.5,3.8,5.8,,5.7,6.2,5.4,3.2,6.4,4.1,3.8,6.2,6.3,3.6,2.8,4.0,6.9,6.0,5.3,4.7,4.0,6.6,4.7,4.1
2026-07-01 10:00:00,3.0,8.3,5.6,5.1,3.5,4.7,4.8,5.1,3.5,3.4,4.2,6.8,5.9,4.9,2.8,4.3,4.3,3.3,4.4,3.6,,6.0,5.1,3.8,6.8,2.8,,5.2,7.0,3.6,5.8,5.2,6.9,7.2,4.7,6.1,6.5,4.9,6.2,3.7,7.1,5.2,6.5,6.1,5.1,5.3,6.7,7.3,5.3,5.1,5.2,5.2,3.1,5.0,3.8,2.9,4.1,4.7,6.6,4.5,4.2,5.2,4.3,4.3,3.7,3.2,3.7,4.5,6.9,6.0,6.1,4.3,4.3,4.9,3.1,5.7,4.0,5.8,,5.9,6.5,5.5,3.5,6.4,4.1,3.9,6.3,6.4,3.5,2.7,4.2,7.2,6.3,5.2,4.8,3.9,6.1,4.6,4.1
2026-07-01 11:00:00,3.6,4.5,6.5,5.4,4.2,5.7,5.9,5.9,4.2,4.4,5.2,8.0,6.8,5.9,3.9,5.3,5.0,4.0,5.3,4.2,,7.0,6.1,4.3,6.3,3.5,,6.0,7.6,4.5,6.4,5.7,8.0,7.8,5.6,6.7,7.4,5.8,6.9,4.5,8.2,5.9,7.6,6.8,5.7,6.2,7.1,8.1,6.3,5.9,6.1,5.7,3.8,5.9,4.7,3.4,4.9,5.6,7.3,5.8,5.0,6.3,5.4,5.4,4.5,4.0,4.5,5.5,8.0,6.9,6.8,5.5,5.4,5.9,4.0,6.4,4.9,6.6,,6.9,7.5,6.2,4.3,7.4,5.1,5.0,7.1,7.2,4.5,3.8,5.0,8.9,7.3,6.3,5.7,4.9,6.8,5.7,5.0
2026-07-01 12:00:00,5.4,7.5,8.9,7.1,6.1,9.1,7.9,7.8,6.6,6.6,6.6,10.4,8.7,7.6,5.9,7.2,7.0,5.8,7.4,6.4,,9.0,8.2,6.0,8.0,5.2,,8.0,10.3,6.5,8.3,7.7,10.5,10.1,7.4,8.7,9.3,7.5,8.9,6.7,10.9,7.7,10.5,9.1,7.6,8.1,9.5,11.6,7.9,7.6,8.0,7.5,5.5,7.9,6.7,5.2,6.9,7.4,9.1,7.5,6.8,8.0,7.0,7.0,6.5,6.2,6.5,6.9,10.4,9.2,9.0,7.2,7.7,7.5,6.0,9.3,6.8,8.6,,9.1,10.1,8.3,6.2,10.0,7.1,6.9,9.6,10.7,8.9,5.8,6.8,11.8,9.1,8.0,7.4,6.9,8.8,7.4,6.5
2026-07-01 13:00:00,6.9,10.0,10.0,8.2,7.3,11.3,9.0,9.4,7.8,8.3,8.7,12.4,9.8,9.3,6.7,8.6,8.4,7.6,9.4,8.2,,11.2,9.8,7.4,9.1,6.7,,9.6,12.3,7.8,9.6,9.1,12.1,12.4,8.7,10.0,10.9,9.0,10.7,8.8,12.3,9.0,12.7,10.7,9.1,9.8,11.3,13.2,9.5,9.4,9.5,9.1,7.4,9.6,8.2,6.5,8.2,9.0,10.7,9.1,8.5,9.4,8.6,9.2,8.1,7.5,8.1,8.9,13.1,11.1,11.1,8.4,9.3,9.2,7.2,11.9,8.3,10.3,,10.3,12.3,9.8,7.3,11.7,8.7,8.2,10.7,13.2,9.1,7.5,8.4,14.0,11.0,9.5,8.8,8.7,10.2,8.1,8.7
2026-07-01 14:00:00,8.3,9.9,10.7,8.1,8.5,11.7,10.1,9.7,8.1,9.8,10.6,13.1,10.5,9.4,6.8,9.0,9.1,8.1,10.4,9.5,,11.6,10.5,7.8,9.5,7.0,,9.8,13.0,8.4,10.0,9.3,12.3,12.7,9.6,10.9,11.2,9.7,11.5,9.3,13.1,9.6,13.2,11.5,10.4,10.9,12.2,13.7,10.2,9.9,9.4,9.8,8.6,10.7,8.6,6.9,8.3,9.8,11.6,9.8,9.5,9.9,9.0,10.5,9.3,8.8,8.1,10.3,13.2,11.8,11.5,9.1,10.5,10.0,7.7,12.6,9.5,10.8,,10.9,12.6,10.4,7.7,12.1,9.4,8.6,11.1,13.6,8.5,8.7,9.0,14.9,11.5,10.0,9.4,9.6,10.3,8.6,9.2
2026-07-01 15:00:00,8.9,10.3,11.1,8.2,9.5,12.5,10.2,9.4,8.1,10.7,11.1,13.0,10.6,9.6,6.9,9.0,8.8,8.1,11.0,9.9,,11.0,10.2,7.9,9.8,6.9,,9.6,13.1,8.3,10.1,9.5,12.2,12.3,9.4,10.4,11.6,9.6,11.5,9.6,12.8,9.6,12.9,11.5,10.2,10.4,12.0,14.2,10.3,10.3,9.6,10.1,8.4,10.6,8.4,7.1,8.1,9.9,11.8,9.9,9.8,10.1,9.4,11.0,10.1,9.9,7.8,10.8,13.0,12.1,12.3,9.1,10.8,9.8,7.6,12.5,9.5,10.6,,10.6,12.6,10.5,7.9,12.4,9.2,8.5,11.0,14.1,8.7,8.8,9.3,14.7,11.2,10.0,9.3,9.3,10.6,8.7,9.2
2026-07-01 16:00:00,8.0,8.5,10.4,7.1,8.2,11.5,10.0,8.5,7.6,9.1,9.3,11.6,10.4,8.5,6.1,8.4,8.3,7.6,10.0,8.3,,10.1,9.5,7.1,9.9,6.5,,8.8,12.0,7.7,9.2,8.8,10.9,11.3,8.6,9.9,10.6,8.7,10.5,8.7,11.6,8.9,12.2,10.2,9.3,9.9,11.1,12.8,9.4,9.7,8.8,8.9,8.0,9.8,7.8,6.5,7.3,9.2,11.9,9.8,9.2,9.7,8.1,9.6,8.9,8.5,7.2,9.1,11.2,11.2,11.0,9.0,10.1,9.5,6.8,11.7,8.8,10.2,,9.2,11.3,9.7,7.4,11.6,8.5,7.9,10.0,13.2,8.3,9.0,8.9,13.1,10.9,10.0,8.8,8.2,9.0,8.9,7.9
2026-07-01 17:00:00,7.0,7.8,9.1,7.0,6.8,9.6,9.1,7.9,6.8,7.6,7.6,10.4,9.1,8.2,6.1,7.0,7.0,6.4,8.5,7.3,,9.1,8.2,6.3,9.0,5.9,,7.7,10.6,6.5,8.4,8.0,10.5,10.3,7.4,8.6,9.7,7.7,9.2,7.2,10.0,7.7,10.6,9.2,8.0,8.7,9.5,11.4,8.1,8.3,7.5,7.9,7.1,8.3,7.9,5.7,6.9,8.1,11.0,9.2,7.7,8.4,7.2,8.7,7.6,7.2,6.9,8.6,10.5,9.9,9.7,7.5,8.5,9.1,5.8,10.6,7.4,9.8,,8.4,10.0,8.6,6.9,9.8,7.6,6.8,9.1,10.9,7.2,8.2,7.3,11.8,9.8,9.5,8.5,7.5,8.8,8.1,6.7
2026-07-01 18:00:00,6.3,6.9,9.3,7.4,6.4,9.9,8.3,8.3,7.1,7.1,6.9,10.9,8.7,8.3,6.4,7.2,6.8,6.3,7.9,6.7,,9.6,7.8,6.3,8.4,6.3,,7.9,11.0,6.6,8.6,7.9,11.2,10.7,7.5,8.6,9.9,7.6,9.7,7.4,9.9,8.2,10.5,9.2,7.9,8.3,9.6,12.0,8.3,8.4,8.0,8.2,6.1,8.2,8.0,5.7,7.1,8.4,9.7,8.5,7.4,8.4,7.5,7.5,7.0,6.6,7.0,7.7,11.1,9.4,9.4,7.3,8.2,8.1,5.2,10.9,7.3,8.9,,8.9,10.6,9.0,7.0,9.9,7.9,6.6,9.4,10.7,7.3,6.2,7.3,12.5,9.2,8.5,8.9,7.8,9.5,7.9,6.2
2026-07-01 19:00:00,6.2,7.0,10.2,8.6,6.6,10.9,8.7,9.7,7.9,7.2,7.1,,9.9,9.9,7.1,8.0,7.5,6.9,8.4,6.9,,11.0,8.6,7.2,8.7,6.9,,8.8,12.6,7.3,10.1,9.3,13.2,12.5,8.1,9.6,10.9,8.2,10.7,8.5,11.0,9.0,12.0,10.0,8.5,8.8,10.8,13.9,9.0,9.0,9.4,10.2,6.2,8.7,9.0,6.2,8.2,9.6,10.0,8.7,7.9,9.3,8.9,7.4,7.0,6.6,8.0,7.7,12.3,10.5,9.9,7.7,8.5,8.1,5.8,12.8,7.9,9.2,,10.1,12.2,10.0,7.9,11.2,9.1,7.2,10.8,11.8,8.0,6.2,8.1,14.5,10.1,8.8,10.1,,11.0,8.3,6.6
2026-07-01 20:00:00,6.5,7.1,10.5,7.9,6.8,11.9,9.3,9.8,7.4,7.4,7.5,12.2,11.5,9.2,6.5,8.2,8.0,6.9,8.5,6.9,,11.1,9.2,,9.5,6.6,,9.2,13.6,7.7,10.5,9.5,13.9,13.6,8.7,11.1,11.7,8.7,11.7,10.2,11.3,9.7,13.9,11.5,9.3,9.6,11.5,15.3,9.5,9.4,9.6,10.3,7.1,9.0,8.2,6.3,7.8,9.0,11.2,9.2,7.9,10.1,8.5,7.8,7.4,6.6,7.4,8.2,12.5,11.3,10.6,8.1,8.9,8.6,6.4,11.3,8.0,9.9,,10.3,12.0,10.0,7.5,11.7,8.8,7.6,11.6,12.9,7.6,7.0,8.0,14.6,11.1,9.3,10.0,8.0,11.0,9.1,7.1
2026-07-01 21:00:00,6.1,6.7,9.2,7.1,6.5,9.8,8.2,8.5,6.9,7.1,7.3,10.5,10.3,8.6,5.9,7.5,7.4,6.8,8.0,6.7,,9.6,8.4,7.0,8.3,6.5,,8.4,11.7,7.4,9.4,8.6,11.6,11.6,8.1,9.9,10.1,8.4,10.2,8.7,10.1,8.9,11.9,10.1,8.9,9.1,10.8,12.9,8.5,8.3,8.6,9.3,6.2,8.4,7.4,5.5,7.4,8.3,9.7,8.3,7.3,8.7,7.8,7.4,6.9,6.4,7.0,7.8,10.7,9.9,9.2,7.3,8.0,8.1,6.0,10.5,7.5,9.2,,8.8,10.2,8.8,6.7,10.1,7.9,6.9,10.2,10.9,7.4,6.0,7.5,11.9,9.8,8.4,8.4,7.7,9.5,8.1,6.6
2026-07-01 22:00:00,6.0,7.1,9.2,7.2,6.7,9.9,8.3,8.6,7.0,7.3,7.3,10.4,10.0,9.0,6.1,7.7,7.3,7.0,8.3,7.7,,9.4,8.3,7.3,7.9,6.7,,8.6,12.4,7.9,10.2,9.2,11.8,12.5,8.8,9.7,10.6,8.8,10.9,8.5,10.5,9.3,11.9,10.6,9.4,9.2,11.5,13.1,8.6,8.4,9.2,9.8,5.6,8.5,7.9,5.5,7.6,8.6,9.3,8.1,7.5,8.5,7.9,6.9,7.0,6.6,7.3,7.4,10.5,9.6,9.5,7.2,8.3,7.6,6.3,11.2,7.7,8.6,,8.7,10.2,9.1,6.9,9.9,8.0,7.1,10.7,10.8,7.5,6.0,7.8,11.5,9.5,8.0,8.5,8.0,9.9,7.6,6.7
2026-07-01 23:00:00,5.3,6.9,9.6,7.7,5.6,10.9,8.3,8.3,,6.3,6.2,10.8,10.7,8.9,6.4,7.5,7.5,6.7,8.2,7.1,,9.9,8.6,7.0,8.3,6.5,,8.8,12.7,7.8,10.4,9.5,13.7,12.6,8.9,10.5,11.4,8.9,11.6,9.3,11.0,9.5,13.2,10.8,9.5,8.9,11.6,13.6,8.7,8.4,9.1,9.8,5.4,8.2,8.0,5.7,7.5,8.6,9.4,8.2,7.3,8.8,8.2,6.7,6.3,5.3,7.2,7.1,11.4,9.9,9.5,7.8,8.3,7.3,5.9,10.4,7.5,8.1,,9.6,11.0,9.3,7.0,10.4,7.9,7.1,11.3,11.3,7.2,5.6,7.5,12.4,10.0,8.3,8.7,8.4,11.0,7.9,6.2
2026-07-02 00:00:00,3.9,7.0,10.4,8.5,4.2,11.8,7.8,8.5,,5.4,4.6,11.7,10.9,9.4,7.0,6.8,7.2,6.2,7.9,6.8,,11.0,7.9,6.7,9.1,6.7,,7.9,12.5,7.6,10.0,9.5,16.0,15.6,8.7,11.7,12.5,9.0,11.9,10.3,10.7,9.1,13.8,11.2,9.6,8.1,10.9,14.9,8.2,8.1,9.0,10.3,3.8,7.8,8.1,5.9,7.4,8.3,9.0,7.7,6.5,9.7,8.8,4.7,5.6,4.2,6.9,4.1,12.1,10.1,10.1,7.6,8.3,7.8,5.5,11.3,7.0,6.9,,10.1,11.8,8.8,7.0,11.6,7.9,6.8,11.7,11.5,7.1,4.8,6.9,13.1,9.6,7.8,8.6,8.2,13.3,7.9,5.4
2026-07-02 01:00:00,4.3,6.4,11.0,9.0,5.2,12.5,8.6,9.7,7.8,5.8,5.4,12.5,11.8,10.1,7.3,7.8,7.9,7.4,7.7,6.4,,11.5,8.2,7.9,10.1,7.6,,9.6,16.2,9.3,13.7,12.1,16.5,16.6,10.0,13.4,14.6,9.8,14.2,11.7,12.5,11.4,16.4,12.2,9.6,8.9,13.7,16.3,9.3,8.9,11.3,12.1,5.9,8.1,8.8,6.2,8.5,9.7,10.4,9.4,7.3,10.4,8.9,5.7,5.3,5.8,8.2,5.7,13.2,10.7,10.4,8.0,7.6,9.4,4.6,13.1,8.0,9.2,,11.1,12.1,10.4,8.1,12.4,8.5,7.4,14.7,12.1,8.0,6.2,8.2,14.0,11.2,9.3,9.9,8.8,13.7,8.9,5.8
2026-07-02 02:00:00,7.3,8.4,11.2,8.0,7.8,12.8,9.8,9.0,7.6,8.4,8.5,12.3,12.1,9.7,6.7,8.8,9.1,7.8,10.1,8.4,,11.4,10.6,8.2,10.8,7.8,,10.3,15.4,10.1,12.9,11.9,14.9,14.8,11.6,12.6,13.4,12.3,13.6,12.1,12.7,12.0,16.5,13.6,12.4,12.3,13.9,14.6,9.8,9.3,11.9,11.4,8.0,9.8,8.5,6.4,8.4,9.3,11.0,10.8,8.7,10.7,8.6,9.0,8.4,8.2,8.0,9.2,13.1,11.2,11.5,9.1,10.3,10.6,7.7,12.6,8.9,10.1,,11.0,11.6,10.5,7.9,12.6,8.9,8.4,13.6,13.0,8.2,7.7,8.9,13.3,12.0,10.6,8.9,8.6,12.4,9.3,8.8
2026-07-02 03:00:00,6.9,7.9,10.4,7.6,7.4,12.0,8.9,8.4,7.4,7.8,7.9,11.3,10.8,9.5,6.0,8.6,8.4,7.7,9.0,7.9,,10.7,9.7,8.1,9.7,7.7,,9.4,14.3,9.6,11.5,10.6,13.8,14.5,11.0,12.0,13.1,10.9,12.9,10.7,12.6,10.9,14.7,12.1,11.4,10.7,12.7,14.1,9.4,8.9,11.0,10.3,6.8,9.0,8.2,6.3,8.2,9.0,9.7,9.3,8.3,9.7,8.1,8.3,7.7,7.8,7.6,8.7,12.2,10.4,10.4,8.5,9.5,8.9,7.1,12.4,8.5,9.1,,9.9,10.9,10.1,7.6,11.7,7.7,7.9,13.0,11.9,8.2,6.4,8.8,12.1,10.7,9.3,8.6,7.7,11.7,8.5,7.7
2026-07-02 04:00:00,7.1,7.7,7.4,4.3,7.5,7.6,8.2,5.6,5.4,7.8,8.1,8.3,9.3,5.6,3.0,7.1,7.2,6.2,8.5,7.6,,7.4,8.2,6.3,7.9,5.7,,7.1,9.3,8.2,7.5,7.2,9.1,9.6,8.9,8.9,9.0,9.3,8.5,8.1,8.3,8.7,11.1,9.6,10.2,10.2,9.4,10.0,6.8,6.5,8.1,7.0,6.2,7.8,6.1,4.5,5.1,5.6,8.7,8.5,7.1,7.5,5.0,8.6,7.8,7.7,4.9,8.6,8.2,8.4,8.3,7.1,8.4,8.6,7.0,7.9,7.3,9.0,,6.7,7.5,6.7,4.7,8.3,4.9,6.1,8.3,9.3,6.7,5.6,7.2,7.9,9.3,8.6,5.8,4.7,8.0,7.5,7.9
2026-07-02 05:00:00,5.9,5.4,5.4,3.2,6.0,4.4,5.3,4.3,3.1,6.1,6.8,6.2,6.5,4.1,2.3,4.1,3.9,3.5,5.2,5.3,,5.5,4.9,3.5,5.1,2.9,,4.4,7.4,4.9,6.2,5.8,7.2,7.4,5.5,6.4,6.7,5.9,6.8,4.8,6.7,5.6,7.0,6.5,6.2,6.7,6.6,7.5,4.9,4.5,5.6,5.6,3.3,4.5,3.8,2.5,3.4,3.9,5.9,5.5,4.1,5.2,3.6,6.4,5.6,5.8,3.1,6.9,6.3,5.7,5.5,4.1,4.8,5.7,3.9,5.4,4.0,6.3,,5.0,5.8,5.5,3.6,6.0,3.8,3.5,6.9,5.8,3.9,2.8,4.2,6.5,6.1,5.7,4.2,3.4,6.6,4.8,5.4
2026-07-02 06:00:00,3.8,3.4,4.7,2.7,4.1,3.6,4.2,3.6,,3.7,4.7,5.2,5.7,3.6,2.0,3.3,3.7,2.9,3.9,3.3,,4.6,4.5,2.8,4.2,2.5,,4.3,7.4,4.0,6.0,5.9,6.4,6.8,4.8,5.7,6.2,5.0,6.5,4.1,6.4,5.2,6.3,6.4,5.2,5.9,6.6,6.7,4.5,4.2,5.4,4.9,2.6,3.8,3.0,2.2,3.0,3.3,4.7,4.4,3.2,4.3,3.1,4.0,3.4,4.0,2.6,4.7,5.4,4.8,5.1,3.8,3.8,4.3,2.6,4.8,3.1,5.0,,4.2,4.6,5.1,2.7,5.1,4.2,3.5,6.3,5.3,3.2,2.4,3.4,5.4,5.2,4.4,3.5,3.1,5.7,3.9,3.3
2026-07-02 07:00:00,2.6,3.0,4.9,2.9,3.0,3.7,3.6,4.1,,2.9,3.2,5.2,4.8,3.9,2.0,3.4,3.2,2.5,3.5,2.6,,4.6,3.9,2.7,3.6,2.3,,4.3,7.2,3.5,5.4,5.2,6.7,8.9,4.5,5.0,6.0,4.7,6.2,3.5,7.0,5.0,5.8,6.1,4.9,5.5,6.3,6.8,4.4,4.1,4.9,4.6,2.2,4.0,3.0,2.2,3.2,3.5,3.9,3.9,3.3,3.9,3.1,3.3,2.9,3.0,2.9,3.7,5.6,4.8,5.2,3.6,3.7,3.5,2.6,4.8,2.8,3.7,,4.4,4.8,5.0,2.9,5.0,3.6,3.2,6.1,5.0,2.8,2.6,3.1,5.5,4.4,3.9,3.3,3.6,6.0,3.6,3.2
2026-07-02 08:00:00,2.5,3.3,5.2,2.7,2.8,3.6,3.6,3.5,2.7,2.8,3.0,5.3,4.9,3.9,2.0,3.6,3.3,2.8,3.9,2.7,,4.9,4.1,3.5,3.8,2.4,,4.5,6.9,3.7,5.9,5.7,6.9,6.7,4.6,5.5,6.1,5.1,6.5,3.6,6.6,5.2,6.0,6.2,5.1,5.1,6.5,6.6,4.6,4.3,5.0,4.6,2.2,4.0,3.2,2.2,3.3,3.5,4.0,4.0,3.4,4.1,3.1,3.3,2.8,2.5,2.8,3.4,5.6,4.7,4.8,3.6,3.8,3.6,2.4,4.8,3.0,3.9,,4.3,4.8,4.8,3.0,5.1,4.2,3.7,6.0,5.3,2.9,2.4,3.3,5.6,4.6,4.0,3.4,3.6,6.0,3.8,3.0
2026-07-02 09:00:00,2.7,4.9,6.0,2.7,2.9,4.3,3.6,3.2,2.5,3.0,3.1,5.2,4.9,3.7,1.9,3.5,3.2,2.5,4.0,2.7,,6.3,4.2,3.0,3.8,2.3,,4.6,6.7,3.6,5.7,5.6,6.5,6.6,4.2,5.1,5.8,4.8,6.5,3.2,6.6,5.0,5.8,6.0,4.8,5.2,5.9,6.5,4.6,4.2,5.1,4.3,2.2,4.1,4.1,2.1,3.2,3.2,3.8,3.9,3.4,3.9,2.9,3.4,3.0,2.7,2.7,3.7,5.2,4.7,4.9,3.7,3.8,3.6,2.6,4.6,2.8,3.9,,4.3,4.6,4.7,3.5,4.9,4.2,3.9,5.6,5.3,2.9,2.1,3.3,5.3,4.6,3.9,3.2,3.3,5.3,4.1,3.0
2026-07-02 10:00:00,2.6,4.0,5.8,2.6,2.9,3.6,3.6,3.0,2.4,2.9,3.1,5.0,4.9,3.9,1.8,3.5,3.2,2.5,3.9,2.6,,4.9,4.0,2.7,3.8,2.3,,4.0,6.5,3.4,4.9,4.5,6.4,6.3,4.3,5.1,5.5,5.1,6.2,3.1,6.2,4.9,5.6,5.7,5.2,4.9,6.1,6.3,4.3,4.0,5.1,4.1,2.2,4.1,3.0,2.1,3.1,3.5,3.9,4.0,3.3,3.8,2.8,3.4,3.0,2.6,2.6,3.8,5.1,4.7,4.6,3.5,3.8,3.4,2.6,4.6,2.9,3.7,,4.0,4.8,4.2,2.7,5.1,3.4,3.1,5.0,5.3,2.8,2.1,3.3,5.0,4.5,4.1,3.1,3.3,5.2,5.2,3.3
2026-07-02 11:00:00,2.6,3.8,5.6,2.6,2.9,3.5,3.4,3.1,,2.9,3.0,5.7,4.9,3.7,1.8,3.5,2.9,2.5,3.9,2.6,,5.4,3.8,3.2,4.2,2.4,,3.7,6.0,3.1,4.5,4.3,6.2,6.1,3.9,4.9,5.2,4.5,5.6,2.9,5.8,4.2,5.5,5.1,5.0,4.5,5.5,6.2,3.9,3.6,4.8,3.9,2.0,3.7,3.9,2.2,3.0,3.0,3.7,3.8,3.5,3.9,2.8,3.6,3.2,2.5,2.8,3.8,5.4,4.6,4.5,3.3,3.8,3.3,2.4,4.7,2.9,3.5,,4.4,4.6,3.9,2.8,4.9,3.3,2.8,4.8,5.2,2.8,2.0,3.2,5.3,4.4,3.8,3.1,3.2,5.3,6.1,3.3
2026-07-02 12:00:00,2.5,5.1,5.3,2.5,2.7,3.4,3.4,2.9,,2.8,3.0,5.4,4.4,3.8,1.6,3.5,3.0,2.2,3.8,2.6,,5.1,3.7,2.4,3.9,2.0,,3.7,5.9,2.8,4.4,4.0,5.8,5.8,3.6,4.7,5.1,4.3,5.6,2.8,6.1,5.0,5.5,4.9,4.0,4.1,5.5,6.0,3.9,3.8,4.4,3.9,2.0,3.6,3.2,2.0,2.6,2.8,3.6,3.6,3.3,3.8,2.6,3.1,3.1,2.4,2.4,3.3,5.3,4.5,4.3,3.4,4.0,3.2,2.1,4.2,2.5,3.4,,4.3,4.6,3.8,2.5,4.9,3.3,2.9,4.6,5.1,2.5,2.0,2.9,5.5,4.3,3.8,3.1,2.9,5.1,3.3,2.9
2026-07-02 13:00:00,2.6,3.7,4.4,1.8,2.4,2.9,3.1,2.3,,2.9,3.1,4.2,3.9,2.7,1.3,2.7,2.8,1.8,3.3,2.4,,4.3,3.4,1.8,4.2,1.6,2.7,3.3,4.9,2.1,3.3,3.0,4.5,5.0,3.2,3.9,4.1,3.7,4.6,2.4,5.2,3.8,4.9,4.5,4.0,4.1,4.5,6.3,3.6,3.5,3.7,2.6,2.0,3.3,2.2,1.9,1.8,2.1,3.6,3.4,2.9,3.2,1.9,3.0,2.9,2.2,1.7,3.4,4.3,4.0,4.1,3.0,4.1,3.1,2.1,3.2,2.1,3.5,,3.1,3.7,3.4,1.8,3.9,2.3,2.6,3.8,4.7,2.0,2.3,2.3,4.2,4.0,3.5,2.5,2.3,3.7,2.8,2.8
2026-07-02 14:00:00,1.5,2.4,3.5,1.7,1.5,2.1,2.4,2.0,,1.6,1.9,3.5,2.6,2.2,1.3,1.9,2.0,1.4,2.0,1.4,,4.1,2.5,1.5,2.9,1.1,1.7,2.4,3.4,1.4,2.1,2.2,3.5,3.4,1.9,2.6,2.8,2.2,3.3,1.5,4.3,2.3,3.9,3.1,2.5,2.7,3.3,3.5,2.7,2.6,2.3,2.0,1.5,2.5,2.7,2.1,1.7,2.1,2.7,2.5,1.9,2.5,1.8,2.5,2.1,1.5,1.7,2.7,3.5,3.0,2.8,2.2,2.3,2.4,1.5,3.0,1.5,2.5,,2.9,3.1,2.6,1.7,3.1,2.0,1.9,2.6,4.6,1.5,1.5,1.9,3.7,2.8,2.6,1.9,1.8,2.7,2.0,2.4
2026-07-02 15:00:00,1.3,4.4,3.3,5.4,1.2,2.2,2.3,2.6,1.8,1.5,1.5,4.1,2.5,2.6,1.9,1.9,1.7,1.3,1.9,1.4,,3.6,2.0,1.5,2.6,1.3,1.3,2.2,3.4,1.2,2.2,2.2,4.0,3.7,1.6,2.6,3.0,2.0,2.9,1.4,3.8,2.0,,2.9,2.0,2.0,3.2,3.7,2.6,2.6,2.0,2.0,1.3,2.1,2.5,1.4,2.0,2.3,2.7,2.2,1.9,2.4,2.3,1.7,1.5,1.2,1.8,1.8,4.1,3.0,2.8,2.2,1.9,2.1,1.1,3.6,1.4,2.3,,3.1,3.7,2.7,2.0,3.6,2.4,2.1,2.8,3.6,1.9,1.3,1.8,4.0,2.5,2.5,2.5,2.5,3.3,2.2,1.8
2026-07-02 16:00:00,1.3,3.1,5.6,2.2,1.5,3.0,3.0,3.0,2.6,1.7,1.5,4.7,3.2,3.7,1.9,2.6,2.1,2.0,2.4,1.7,,3.9,2.7,2.3,3.0,2.0,1.4,3.0,4.7,1.9,3.4,3.3,4.5,5.0,2.6,3.6,4.3,3.1,4.5,2.0,5.4,3.0,,3.7,3.1,2.5,4.4,5.0,3.5,3.6,2.9,3.0,1.4,3.2,4.2,1.9,2.7,3.4,3.4,3.0,2.9,3.0,2.7,1.9,1.8,1.5,2.5,2.0,4.8,4.4,4.1,2.9,2.9,2.5,1.5,4.8,2.4,2.7,,3.2,4.3,3.8,2.6,4.4,3.0,2.7,3.9,4.5,2.6,1.6,2.9,4.6,3.4,3.1,3.0,2.8,3.6,2.6,2.0
2026-07-02 17:00:00,2.0,3.5,3.8,2.0,2.1,2.3,3.0,2.4,2.1,2.4,1.9,3.7,2.9,3.1,1.6,2.4,2.3,2.0,3.0,2.3,,3.2,3.0,1.9,2.8,2.1,2.0,2.8,4.2,2.2,2.8,3.0,4.5,4.1,2.4,3.1,3.6,2.9,3.9,1.9,5.1,2.9,4.1,3.7,2.7,3.1,4.5,4.4,3.2,3.5,2.8,2.5,1.9,3.0,2.6,1.7,2.1,3.3,3.4,3.1,2.7,2.5,2.5,2.6,2.5,2.2,1.9,2.7,4.1,3.7,3.9,3.1,3.1,3.0,1.7,4.4,2.3,3.3,,2.6,3.4,3.3,2.3,3.3,2.6,2.6,3.3,4.2,2.6,2.3,2.6,3.7,3.1,3.2,2.7,2.5,3.1,2.3,2.5
2026-07-02 18:00:00,2.1,2.4,3.7,2.2,2.1,2.5,2.7,2.5,2.1,2.3,2.0,4.1,2.7,2.9,1.7,2.2,1.9,1.7,2.7,2.0,,3.5,2.5,1.7,2.7,1.9,2.0,2.5,4.1,1.8,2.9,2.7,5.0,3.7,2.3,2.9,3.4,3.1,3.5,1.9,4.5,2.8,4.0,3.4,2.5,2.6,4.2,4.4,3.0,3.3,2.7,2.6,1.6,3.1,2.6,1.6,2.3,2.8,3.1,2.7,2.6,2.7,2.5,2.6,2.4,2.1,2.2,2.7,4.2,3.5,3.4,2.5,2.9,2.4,1.5,4.4,2.1,2.7,,3.2,3.5,3.2,2.1,3.4,3.3,2.2,3.1,4.1,2.3,1.6,2.4,5.4,2.9,2.7,2.8,2.4,3.6,2.3,1.9
2026-07-02 19:00:00,2.0,2.4,4.3,2.7,2.1,2.9,2.8,2.7,2.2,2.2,1.9,4.4,3.0,3.4,1.8,2.5,2.2,1.8,3.0,2.0,,4.6,2.5,1.9,3.0,1.9,1.9,3.0,4.9,2.0,3.1,3.0,4.9,4.5,2.3,3.1,3.8,3.1,4.1,2.1,5.1,3.2,4.3,3.7,2.5,2.6,4.2,5.1,3.4,3.7,3.3,3.0,1.6,3.2,2.9,1.6,2.5,2.9,3.7,3.0,2.8,2.9,2.6,2.4,2.4,1.9,2.3,2.7,4.4,3.6,3.6,2.6,3.0,2.8,1.6,4.3,2.4,3.0,,3.2,4.2,3.8,2.4,4.1,3.1,2.6,3.5,4.5,2.4,1.7,2.8,5.4,3.4,3.1,3.3,3.0,4.1,2.7,1.9
2026-07-02 20:00:00,2.0,2.4,4.9,3.0,2.2,3.3,3.3,3.4,2.4,2.4,2.2,4.6,3.8,4.6,2.0,2.9,2.8,2.1,3.3,2.2,,5.1,3.5,2.3,3.2,2.1,2.1,3.7,5.2,2.3,3.7,3.2,5.1,4.9,2.9,3.7,4.1,3.4,4.5,2.5,5.4,3.4,4.9,4.2,3.2,3.2,4.4,5.7,4.3,4.3,3.7,3.6,1.9,3.9,3.0,1.9,2.9,3.4,4.1,3.4,3.1,3.5,3.0,2.7,2.5,2.1,2.5,3.0,4.7,4.6,4.3,3.0,3.4,3.0,1.9,4.7,2.7,3.5,,3.8,4.6,4.4,2.6,4.5,3.9,2.8,4.0,5.0,2.8,1.9,3.2,5.7,3.9,3.4,3.5,3.6,4.0,3.0,2.3
2026-07-02 21:00:00,2.2,3.1,4.9,2.9,2.6,3.7,3.5,4.0,2.9,2.5,2.9,5.1,4.2,4.8,2.1,3.8,3.1,2.6,3.7,2.9,,4.9,3.6,3.1,3.5,2.4,2.4,4.2,5.6,3.0,4.2,3.6,5.5,5.3,3.6,4.3,4.6,3.8,5.5,2.6,6.0,3.7,5.1,4.6,3.9,3.8,5.3,5.9,4.5,4.4,4.2,4.2,2.7,4.3,3.2,1.9,3.1,3.3,4.3,3.9,3.6,4.7,3.4,3.2,2.9,2.2,2.5,3.8,5.4,4.6,4.6,3.1,3.9,3.9,2.3,4.9,3.2,6.8,,5.0,4.9,4.9,2.9,4.9,4.4,3.3,4.5,5.0,3.4,2.1,3.5,6.0,4.2,3.7,,3.5,4.4,3.3,2.7
2026-07-02 22:00:00,2.7,3.9,5.1,3.7,3.2,4.1,3.7,4.4,5.9,2.8,3.7,5.8,5.2,4.0,2.3,5.3,3.7,3.2,5.3,3.7,,5.0,4.0,3.2,3.7,3.5,2.9,4.8,6.2,4.5,4.9,4.9,5.8,5.6,4.0,4.9,5.0,4.7,5.8,3.2,7.2,4.1,6.0,5.9,5.5,4.5,6.2,6.5,5.3,5.1,5.1,5.1,2.8,3.8,3.6,2.0,3.6,3.5,5.4,4.3,4.4,4.9,3.9,4.1,3.2,3.3,2.8,4.7,5.3,5.6,5.8,3.6,4.4,5.2,2.4,5.4,3.9,4.5,,5.7,5.2,5.1,3.1,5.7,4.9,3.5,4.9,5.5,4.2,2.4,4.1,6.2,5.2,4.1,4.0,5.1,5.3,4.2,4.4
2026-07-02 23:00:00,3.7,3.9,5.4,5.3,3.9,4.5,4.5,4.1,5.4,3.4,4.8,6.1,5.7,4.4,2.6,5.4,3.8,3.9,5.8,4.2,,6.4,4.5,4.8,4.3,,5.3,4.7,6.4,6.0,4.9,4.8,6.5,5.9,4.4,5.4,4.7,4.2,5.4,3.3,8.0,4.8,6.0,6.2,5.5,4.7,5.5,6.9,4.8,5.0,4.7,6.0,3.1,4.7,3.4,2.1,3.8,4.2,5.0,4.5,5.5,5.1,4.2,4.7,3.8,5.2,3.1,6.2,6.0,6.1,5.8,4.0,4.8,4.3,2.8,6.1,5.9,4.6,,6.3,5.2,5.6,3.1,6.1,5.4,4.1,5.5,5.8,4.7,2.8,5.1,6.9,5.4,4.7,3.7,7.5,5.0,4.0,5.8
2026-07-03 00:00:00,4.6,4.6,5.6,4.7,4.2,4.9,4.5,4.4,5.7,4.2,5.3,6.7,5.2,5.0,3.1,4.3,4.0,4.3,5.1,4.9,,6.4,5.0,5.8,4.6,4.0,3.7,5.1,6.4,4.6,5.1,5.9,6.7,6.7,4.0,4.9,5.2,3.9,6.0,3.5,8.4,5.0,6.8,6.4,4.9,5.0,5.7,7.3,5.0,5.3,4.5,5.3,2.7,4.5,3.9,2.6,3.8,6.1,5.0,4.7,4.0,4.4,4.3,4.9,4.7,5.0,3.3,6.6,6.4,6.0,6.2,4.1,4.4,4.1,3.5,6.3,4.2,4.9,,6.1,6.0,5.6,3.8,6.6,3.7,3.7,5.8,5.8,5.3,2.4,4.3,7.2,5.3,4.7,4.7,5.2,6.4,3.9,5.8
2026-07-03 01:00:00,4.7,4.7,6.0,4.4,4.5,5.1,4.4,5.8,4.5,4.5,5.4,6.5,5.9,6.5,3.1,4.3,3.8,3.9,4.7,4.9,,6.2,5.1,6.3,4.7,3.8,3.9,4.5,6.4,3.8,5.2,5.2,6.9,6.6,3.8,5.4,5.2,3.7,5.2,3.6,7.1,4.3,6.2,6.4,5.1,5.0,5.5,7.4,4.8,5.4,4.6,5.4,3.0,4.2,4.4,2.7,4.9,5.1,5.4,4.8,4.0,4.6,5.2,5.6,5.2,4.5,4.5,6.5,6.5,6.0,6.2,4.0,4.7,4.2,3.6,6.1,3.9,5.0,,5.8,6.0,5.5,3.7,6.7,4.6,4.3,5.7,5.9,5.9,2.6,4.3,6.9,5.7,4.8,5.0,4.6,6.2,4.4,5.4
2026-07-03 02:00:00,5.1,4.8,6.0,4.5,4.7,6.2,4.9,5.3,4.0,4.4,5.6,6.2,6.5,6.1,3.3,4.0,4.1,3.5,4.6,4.7,,6.0,4.8,5.1,4.6,3.9,4.1,4.7,6.3,3.5,4.9,4.8,7.1,6.5,3.9,6.2,5.7,4.4,5.5,3.5,6.6,4.5,6.8,6.4,5.1,5.5,5.5,7.1,4.7,4.7,4.6,5.1,3.0,4.1,4.2,2.6,4.6,4.6,5.6,4.9,3.7,4.4,5.7,6.0,6.0,4.4,4.2,6.3,6.3,6.2,6.1,4.1,4.9,5.1,3.6,6.5,3.7,5.6,,5.3,6.3,5.0,3.6,6.2,4.3,3.8,5.6,5.8,5.0,2.7,4.0,6.7,5.8,5.0,5.2,4.5,6.2,5.1,6.7
2026-07-03 03:00:00,4.3,4.9,6.0,4.7,4.7,4.5,5.0,5.2,3.8,5.0,5.1,6.7,6.7,6.0,3.3,4.1,4.4,3.2,5.0,4.6,,6.3,5.1,3.8,5.0,3.6,4.7,5.0,6.7,3.6,5.5,5.1,7.4,6.9,4.8,6.8,6.0,4.9,6.0,3.9,6.8,5.0,7.3,6.4,5.7,6.3,6.1,7.3,5.4,5.3,4.8,5.4,3.4,4.7,4.4,2.7,4.4,4.9,6.1,5.4,3.9,4.8,4.7,6.1,5.3,4.7,4.0,6.4,6.6,6.0,6.1,4.2,5.5,5.4,4.0,6.3,3.7,6.0,,5.6,6.5,5.7,3.7,6.3,4.5,4.1,6.2,5.8,4.4,2.8,4.1,6.9,6.1,5.8,5.4,4.6,6.4,5.5,5.7
2026-07-03 04:00:00,4.5,4.8,6.3,5.0,4.5,5.1,5.2,5.5,4.0,5.1,5.4,6.6,6.8,6.0,3.5,4.5,4.5,3.5,5.5,4.6,,6.2,5.6,4.0,5.8,3.6,4.5,5.2,6.7,4.0,5.8,5.5,7.0,7.0,5.4,6.7,6.0,5.2,6.3,4.4,6.7,5.4,7.3,6.3,5.8,7.0,6.0,7.7,5.4,5.3,5.1,5.5,3.5,4.9,4.5,2.7,5.8,5.0,6.4,5.7,4.3,5.3,4.9,6.2,5.4,4.3,4.8,6.4,6.6,6.2,5.9,4.7,5.5,5.2,4.2,6.5,4.1,6.0,,5.7,6.5,5.7,3.9,6.6,4.7,4.1,6.3,6.5,4.4,3.3,4.1,6.9,6.3,6.3,5.6,4.8,6.3,6.1,5.3
2026-07-03 05:00:00,4.6,5.2,6.3,4.6,4.8,5.1,5.2,5.4,4.6,5.2,5.4,6.8,6.9,6.3,3.3,4.3,4.5,3.5,5.9,4.9,,6.3,5.6,4.0,5.7,3.8,4.4,5.2,6.7,4.6,5.7,5.3,6.8,7.3,5.3,6.7,6.1,5.4,6.5,4.4,6.6,5.7,7.6,6.5,6.2,7.0,6.0,7.9,5.6,5.4,4.9,5.5,3.9,5.1,4.4,2.8,4.7,5.1,6.4,5.6,4.1,7.0,4.7,6.2,5.2,4.5,4.5,6.6,6.5,6.3,6.0,4.5,5.9,5.2,4.4,6.5,4.6,5.9,,5.8,6.2,5.6,3.6,6.7,4.5,4.0,6.3,6.5,4.4,3.3,4.2,7.2,6.5,5.5,5.2,6.8,6.0,5.9,5.2
2026-07-03 06:00:00,4.4,4.6,6.0,5.0,4.5,4.7,5.0,5.8,4.4,4.7,5.6,6.9,6.4,6.2,3.5,5.1,4.4,4.3,5.1,4.2,,6.5,5.5,5.1,4.9,4.0,3.7,5.7,7.4,4.4,6.3,6.0,7.8,7.3,5.2,6.2,6.6,5.4,6.7,4.2,7.0,5.9,6.8,6.5,5.7,5.8,6.9,7.9,5.5,5.3,5.8,6.2,3.3,5.2,5.1,2.8,5.0,6.8,6.0,5.3,4.5,5.7,5.1,5.9,5.0,4.3,4.7,6.7,7.0,6.2,5.9,4.3,5.1,4.9,3.6,7.0,4.7,5.7,,6.0,6.8,6.0,4.2,6.4,5.4,4.1,6.7,6.3,4.9,3.0,5.2,7.5,6.1,5.2,5.8,10.5,7.0,4.6,4.5
2026-07-03 07:00:00,3.7,5.0,6.8,5.4,4.4,5.5,5.4,6.3,4.7,4.7,5.0,7.3,7.0,6.6,3.9,5.8,4.9,4.6,5.9,4.7,,7.2,6.1,5.4,5.6,4.1,3.8,6.3,9.0,6.0,7.5,7.0,9.1,8.7,6.2,7.0,7.7,6.4,7.7,5.0,7.6,6.6,7.6,7.4,6.4,6.0,7.8,9.3,6.3,6.2,6.7,7.3,3.4,6.0,5.7,3.4,5.5,6.7,6.4,5.8,5.3,191.9,5.7,4.7,4.6,4.2,5.3,5.3,7.7,6.7,6.5,5.1,5.9,5.3,3.6,7.1,5.8,5.9,,6.7,7.5,6.9,4.7,7.0,6.4,5.0,7.7,7.0,5.5,3.2,6.1,8.3,6.6,5.5,6.3,10.4,8.5,5.0,4.3
2026-07-03 08:00:00,4.3,5.7,7.4,4.8,5.3,5.6,5.6,6.0,4.0,5.2,5.6,7.0,7.7,5.9,3.3,5.6,4.9,4.5,6.0,5.0,,6.6,6.3,4.8,6.0,3.7,4.0,6.2,9.2,6.1,8.0,7.3,8.8,8.7,6.7,7.8,8.0,7.0,8.0,5.9,7.6,7.1,9.1,8.3,7.1,7.0,8.3,9.4,6.1,6.0,7.0,7.7,3.6,6.0,6.3,3.2,5.0,5.8,6.5,6.1,5.4,8.4,4.9,5.3,4.8,4.9,4.7,5.9,7.1,6.7,6.8,5.1,6.1,5.6,4.1,6.3,5.5,6.1,,6.2,6.8,6.7,4.9,6.9,7.4,5.0,8.0,7.6,5.1,3.6,5.9,7.7,6.9,6.0,5.9,6.0,7.7,5.3,4.7
2026-07-03 09:00:00,3.8,4.8,6.9,4.4,4.4,5.2,5.4,5.2,3.3,4.4,5.5,6.9,8.0,4.9,3.0,5.3,4.9,3.5,5.4,3.8,,7.2,5.9,3.8,5.8,3.3,3.5,5.8,9.0,5.3,7.3,6.9,9.5,8.9,6.3,8.5,8.1,6.6,8.1,6.3,7.2,6.9,9.7,8.0,7.0,7.2,7.6,9.5,5.7,5.6,6.8,7.3,3.3,5.5,5.2,3.1,4.0,5.0,6.3,5.9,4.9,466.3,4.3,4.8,4.2,4.0,4.5,5.4,7.1,6.7,6.3,4.8,5.4,5.6,3.4,5.5,4.4,5.9,,6.1,6.9,6.0,4.1,7.0,6.1,4.8,7.8,7.4,4.2,3.2,4.4,7.7,6.8,5.8,5.2,7.6,8.0,5.0,3.9
2026-07-03 10:00:00,3.1,6.8,5.2,2.3,3.0,3.3,4.0,3.4,1.9,3.6,4.3,4.1,4.9,2.9,1.5,4.0,3.8,1.9,5.0,2.8,,4.9,5.1,2.1,3.2,1.6,3.4,4.6,7.1,3.8,5.1,4.7,5.6,6.8,5.3,4.5,6.2,5.8,6.7,4.4,6.1,5.7,6.0,6.7,6.1,6.0,6.3,6.9,4.9,4.7,5.2,4.9,2.8,4.6,2.7,2.3,2.4,2.9,4.1,4.1,3.9,135.8,2.5,4.7,4.2,2.6,2.1,5.0,4.3,5.0,5.1,3.9,4.9,4.0,3.3,3.5,3.2,4.4,,3.0,4.5,4.4,2.4,3.7,5.8,4.0,6.1,5.9,2.2,2.5,3.0,4.0,4.4,4.0,3.7,3.1,4.9,3.9,4.2
2026-07-03 11:00:00,1.8,2.6,3.3,1.9,1.8,2.0,2.0,2.3,1.6,1.8,2.4,3.1,2.2,2.6,1.4,2.3,1.8,1.3,2.0,1.4,,3.4,2.2,1.6,2.0,1.4,1.4,2.4,3.7,1.5,2.6,2.7,3.7,3.6,2.1,2.4,3.1,2.4,3.2,1.6,4.0,2.3,3.2,2.8,2.3,2.6,3.0,3.6,2.5,2.4,2.5,2.9,1.2,2.2,2.2,1.3,2.1,2.0,2.1,1.9,2.2,2.0,2.0,2.2,1.9,1.4,1.8,2.8,3.4,3.0,2.7,2.3,2.1,1.9,1.5,3.2,1.4,2.1,,2.5,3.0,2.5,1.7,2.7,6.0,2.0,3.0,3.5,1.6,1.1,1.8,2.7,2.4,2.3,1.9,3.0,3.2,2.0,1.7
2026-07-03 12:00:00,1.6,3.0,4.0,1.8,1.7,2.3,2.2,2.1,1.9,1.8,1.9,3.2,2.1,3.4,1.3,2.5,1.8,1.9,2.2,1.7,4.3,3.1,2.3,2.0,2.1,1.7,1.6,2.6,3.3,1.8,2.4,2.4,4.0,3.4,2.1,2.7,3.1,2.2,3.2,1.4,4.3,2.3,3.3,2.8,2.1,2.0,2.8,4.4,2.5,2.5,2.7,2.4,1.1,2.4,2.2,1.4,2.3,2.3,2.0,1.9,2.3,2.2,2.0,1.6,1.8,1.6,2.1,1.8,3.5,2.7,3.1,2.4,2.5,1.9,1.5,3.8,1.9,2.0,,2.6,3.1,2.6,1.7,2.9,3.2,1.8,2.7,3.8,2.1,1.2,2.4,2.9,2.4,2.4,1.9,2.2,3.0,3.2,1.6
2026-07-03 13:00:00,1.4,5.2,3.7,1.7,1.6,2.4,2.1,1.8,1.7,1.6,1.8,3.6,2.4,2.6,1.2,2.2,2.0,1.5,2.3,1.7,4.8,3.4,2.4,1.8,2.5,1.5,1.5,2.4,3.3,1.5,2.3,2.2,4.3,3.4,2.0,3.0,3.3,2.3,3.0,1.4,4.9,2.2,3.6,2.7,2.3,2.1,2.6,4.1,2.6,2.6,2.4,1.9,1.2,2.5,1.9,1.4,2.0,2.0,2.6,2.2,2.1,2.5,1.8,2.0,1.8,1.5,1.6,2.0,4.0,3.0,3.1,2.2,2.1,2.2,1.5,3.5,1.5,2.5,1.8,2.8,3.2,2.5,1.7,3.3,2.0,1.9,2.5,3.7,1.8,1.4,2.0,3.2,2.8,2.7,1.8,2.2,3.0,4.1,1.7
2026-07-03 14:00:00,1.4,4.3,4.0,1.7,1.6,2.7,2.0,2.0,1.6,1.5,1.6,4.5,2.0,2.6,1.2,2.1,1.8,1.6,2.1,1.5,3.2,3.1,2.2,1.9,2.1,1.7,1.5,2.2,2.9,1.5,2.2,2.0,3.8,2.8,1.8,2.8,3.4,2.1,2.9,1.2,4.2,2.2,3.0,2.5,2.3,2.0,2.6,2.9,2.5,2.2,2.4,1.9,1.2,2.2,1.8,1.3,1.9,1.9,2.2,1.9,2.3,2.1,1.8,1.9,1.7,1.5,2.8,1.9,3.9,2.6,3.0,2.2,2.2,2.0,1.4,3.7,1.7,2.1,1.6,2.5,2.8,2.7,1.6,2.7,2.4,1.8,2.4,3.1,1.8,1.6,2.0,2.5,2.4,2.4,1.6,2.4,2.7,2.6,1.6
2026-07-03 15:00:00,1.5,3.0,3.4,2.1,1.4,5.0,2.2,1.7,1.7,1.5,1.5,3.3,2.1,2.7,1.3,2.3,2.1,1.4,1.8,1.6,4.6,3.9,2.3,1.9,2.2,1.7,1.4,2.1,3.1,1.5,2.2,2.0,4.6,3.0,1.7,2.8,3.1,2.0,3.0,1.3,5.7,2.1,3.5,2.4,2.0,1.9,2.5,3.0,2.5,2.2,2.4,2.3,1.2,2.0,2.0,1.3,1.9,2.1,2.2,1.9,2.8,2.3,1.8,1.8,1.6,1.4,1.9,1.8,4.3,2.8,3.7,2.5,2.4,2.2,1.3,3.6,1.7,2.0,1.6,2.8,3.0,2.4,1.6,3.0,2.7,1.8,2.3,3.2,1.8,1.2,2.0,2.7,2.4,2.5,1.7,3.2,2.9,3.2,1.5
2026-07-03 16:00:00,1.7,21.1,3.9,2.0,1.8,3.5,2.5,2.1,1.7,1.9,1.8,3.5,2.2,7.7,1.4,2.5,2.0,1.8,2.4,1.8,3.1,3.4,2.1,2.1,2.5,1.9,1.7,2.5,3.5,1.7,2.5,2.4,4.2,2.9,2.0,2.9,3.4,2.5,3.0,1.3,5.1,2.3,3.4,2.5,2.8,2.0,2.8,3.1,2.8,2.4,2.6,2.4,1.3,2.5,2.2,1.6,2.1,2.3,2.5,2.0,2.9,2.5,2.2,2.0,1.9,1.7,2.1,2.3,4.6,2.8,3.2,3.0,2.2,2.3,1.6,4.0,2.0,2.3,1.7,4.6,3.4,2.8,1.8,3.4,3.0,2.3,2.6,4.0,2.1,1.3,2.2,3.1,2.4,2.9,2.2,2.7,3.1,2.3,1.8
2026-07-03 17:00:00,1.9,3.0,3.5,2.0,1.7,3.0,2.4,1.8,1.8,1.8,1.7,3.6,2.3,3.3,1.5,2.6,2.1,1.7,2.4,1.8,2.8,3.8,2.4,2.1,2.5,1.8,1.7,2.5,3.2,1.7,2.5,2.3,5.3,3.2,2.1,3.1,3.5,2.5,3.0,1.3,4.7,2.4,,2.8,2.3,2.0,2.6,3.3,2.9,2.5,2.6,2.6,1.6,2.4,2.2,1.4,2.3,2.2,2.6,2.1,2.4,2.4,2.2,2.0,1.9,1.7,1.9,2.2,4.1,3.0,3.1,2.8,2.3,2.4,1.6,3.9,1.9,2.3,1.7,3.1,3.2,2.8,1.9,3.4,4.0,2.4,2.7,3.2,2.0,1.4,2.2,3.2,2.6,2.8,2.1,2.4,3.0,2.2,1.7
2026-07-03 18:00:00,1.8,2.4,3.3,2.0,1.9,2.7,2.4,2.0,2.0,1.9,1.9,3.5,2.3,4.7,1.5,2.5,2.2,1.8,2.7,1.8,2.7,6.9,2.5,2.2,2.5,1.8,1.8,2.7,3.6,1.9,2.7,2.5,5.1,3.1,2.2,2.7,3.2,2.7,3.1,1.4,4.8,2.6,,2.9,2.3,2.0,3.1,3.3,3.1,2.7,3.2,2.5,1.4,2.7,2.3,1.5,2.4,2.4,2.5,2.3,2.6,2.6,2.4,1.9,2.1,1.7,2.0,2.1,3.9,3.0,3.0,2.5,2.5,2.6,1.7,4.2,2.1,2.3,1.8,3.0,3.4,3.0,2.2,3.2,4.0,2.4,2.9,3.6,2.1,1.4,2.3,3.1,2.7,3.0,2.2,2.2,3.2,2.5,2.0
2026-07-03 19:00:00,1.9,2.6,3.8,2.3,2.0,2.8,2.6,2.5,2.3,2.1,2.2,,2.5,4.5,1.8,2.7,2.3,2.1,2.9,2.0,3.0,4.1,2.7,2.3,2.8,2.2,2.1,3.0,4.1,2.1,3.0,2.9,4.1,3.6,2.5,2.7,3.5,2.9,3.5,1.6,5.1,2.9,,3.2,2.7,2.3,3.6,3.5,3.4,3.2,3.4,2.6,1.7,2.9,2.5,1.8,2.7,2.9,2.7,2.5,2.8,2.8,2.7,2.0,2.3,2.0,2.3,2.4,4.1,3.4,3.3,2.8,2.8,3.4,2.1,4.7,2.2,2.5,2.0,3.2,3.7,3.5,2.3,3.5,3.3,2.8,3.2,3.9,2.5,1.5,2.7,3.5,3.0,3.2,2.5,2.7,3.6,2.5,2.1
2026-07-03 20:00:00,2.3,2.6,4.1,2.4,2.2,3.4,3.0,2.9,2.4,2.4,2.6,4.4,2.8,4.5,1.8,3.1,2.6,2.2,3.0,2.3,3.3,4.0,3.2,2.6,2.9,2.5,2.1,3.5,4.4,2.1,3.3,3.5,4.7,4.1,2.7,3.0,3.7,3.1,3.9,1.8,5.8,3.1,,3.8,3.0,2.7,3.9,3.9,3.9,3.5,3.8,2.7,1.7,3.5,2.7,1.9,2.9,2.9,2.8,2.8,3.0,3.0,2.8,2.4,2.7,2.2,2.4,2.6,4.7,3.9,3.8,3.1,3.2,2.7,1.9,4.8,2.3,2.9,2.1,3.6,4.2,4.0,2.4,4.0,3.3,3.2,3.7,4.2,2.5,1.7,2.9,3.6,3.3,3.4,2.9,2.9,4.1,2.7,2.4
2026-07-03 21:00:00,2.4,2.8,4.3,2.7,2.3,3.4,3.3,2.7,2.4,2.4,2.8,4.5,3.0,5.5,1.9,3.2,2.8,2.4,3.2,2.3,3.5,4.1,3.3,3.0,3.1,2.4,2.3,3.4,4.8,2.4,3.4,3.5,4.7,4.7,3.0,3.5,4.0,3.3,4.1,1.8,6.0,3.4,4.6,3.7,3.2,3.3,4.4,4.0,4.0,3.9,3.8,2.9,1.8,3.9,2.9,1.9,3.1,3.1,3.1,2.9,3.2,4.2,2.9,2.7,2.6,2.2,2.5,2.8,5.3,4.2,4.0,3.2,3.3,3.1,2.2,4.8,2.4,2.9,2.3,4.4,4.2,4.6,2.7,4.1,3.3,3.1,3.7,4.3,2.6,1.8,2.9,4.1,3.3,3.5,3.1,3.0,5.4,2.8,2.7
2026-07-03 22:00:00,2.5,3.0,4.5,2.9,2.4,3.7,3.1,3.5,2.6,2.6,2.8,5.1,3.4,5.5,1.9,3.4,3.5,2.5,3.7,2.6,3.7,4.4,3.7,4.3,3.4,2.4,2.6,4.2,5.4,2.7,,4.7,5.3,4.9,3.2,3.6,4.0,3.6,4.2,2.0,6.5,4.2,4.7,4.5,3.9,3.1,4.6,4.4,4.2,4.5,4.2,2.9,2.0,4.6,3.5,2.0,3.2,3.4,3.4,3.2,3.2,5.1,3.2,2.9,2.8,2.3,2.7,3.0,5.8,4.4,4.0,3.3,3.7,3.4,2.9,5.3,3.0,3.0,2.5,4.4,4.5,4.6,4.9,5.8,6.0,3.4,4.4,4.6,3.0,2.0,3.2,4.5,3.9,3.4,3.5,5.3,4.7,3.0,2.6
2026-07-03 23:00:00,2.6,3.6,4.4,3.3,2.7,3.2,3.3,3.8,2.9,2.9,3.1,4.9,3.5,5.2,2.0,3.7,3.0,2.6,3.7,2.8,4.0,4.8,3.7,3.2,3.1,2.8,2.5,4.9,5.7,2.8,5.0,6.6,5.6,5.1,3.4,4.0,4.4,3.7,4.9,2.1,6.9,4.5,4.7,4.5,3.8,3.4,4.6,5.2,4.4,4.1,4.2,3.3,1.8,4.4,3.3,2.2,3.5,3.9,3.3,3.3,3.6,3.6,3.4,3.5,3.0,2.5,2.9,3.1,5.3,4.7,4.6,3.4,4.0,3.0,3.4,5.4,3.1,3.1,2.7,4.4,4.9,4.8,2.9,4.4,3.8,3.6,4.9,4.6,3.4,1.9,3.6,4.3,3.9,3.6,4.4,3.5,4.8,2.7,3.0
2026-07-04 00:00:00,2.9,3.3,4.8,3.3,3.1,3.8,3.8,4.2,3.2,3.2,3.3,5.7,4.7,5.2,2.4,4.0,3.8,2.8,4.0,3.1,4.5,5.1,4.5,3.3,3.4,3.1,2.9,4.7,5.8,3.1,,4.5,5.8,5.6,3.9,4.0,5.0,4.0,5.2,2.5,7.0,4.3,5.1,4.8,4.2,3.6,4.8,5.5,5.0,4.5,4.7,3.9,1.9,4.4,4.3,2.5,3.9,4.2,3.7,3.7,3.8,4.1,3.7,3.4,3.3,2.9,3.2,3.4,6.0,5.2,5.0,4.0,4.2,3.2,3.2,5.7,3.2,3.4,2.9,4.5,5.3,5.2,4.6,5.2,4.2,4.2,5.4,5.0,3.5,2.1,3.9,4.9,4.6,3.6,4.0,3.8,5.1,3.0,3.1
2026-07-04 01:00:00,3.1,3.5,4.9,3.3,3.1,4.1,4.2,3.6,3.1,3.5,3.4,5.8,4.1,5.0,2.6,4.1,3.8,2.6,4.0,3.1,4.7,5.2,4.4,3.5,4.0,3.3,3.1,4.5,5.8,3.1,5.1,4.5,5.9,5.2,4.5,4.3,4.8,4.1,5.3,2.4,6.7,4.7,5.3,4.5,4.3,3.8,5.0,5.2,4.9,4.2,5.0,3.9,2.3,4.9,4.2,2.4,3.9,4.2,3.9,3.9,3.9,4.4,3.8,3.5,3.6,2.8,3.2,3.7,6.2,5.0,5.2,4.1,4.4,3.9,3.4,5.8,3.3,4.0,2.9,4.9,5.5,5.3,4.8,5.5,3.9,4.2,5.0,5.1,3.3,2.3,3.9,4.9,4.8,4.6,3.8,3.8,5.0,3.5,3.3
2026-07-04 02:00:00,2.9,3.3,4.7,3.3,2.9,3.9,4.3,3.7,3.1,3.2,3.3,5.7,4.2,4.7,2.6,3.8,3.9,2.7,4.0,3.0,4.7,5.1,4.4,3.2,4.3,3.1,3.1,4.3,5.5,3.1,5.4,4.7,6.2,5.3,3.9,4.1,4.7,3.9,5.1,2.5,6.7,4.3,5.2,4.7,3.8,3.8,4.6,5.3,4.6,4.0,5.0,3.8,2.5,4.3,5.2,2.5,3.6,3.8,4.2,4.0,4.0,4.3,3.7,3.3,3.6,2.9,3.0,3.7,6.1,5.2,5.0,4.3,4.0,4.2,2.8,5.7,3.2,4.3,2.7,5.0,5.8,5.0,4.5,5.3,4.2,3.9,5.1,5.2,3.4,2.3,3.6,5.2,5.0,4.8,4.0,3.5,5.2,3.9,3.1
2026-07-04 03:00:00,2.8,3.4,4.6,3.3,2.8,3.8,4.2,3.6,3.0,3.2,3.0,5.3,4.1,4.8,2.6,3.8,3.8,2.7,3.9,2.8,4.6,4.8,4.3,3.2,4.4,2.9,3.0,4.4,5.7,3.2,5.4,4.8,5.8,5.0,4.0,4.1,4.8,3.9,5.0,2.4,6.8,4.4,5.2,4.6,4.1,3.7,4.7,5.0,4.6,4.1,5.1,4.0,2.3,4.5,6.0,2.4,3.6,4.1,4.2,3.8,4.0,4.9,3.7,3.4,3.5,2.6,3.0,3.6,6.0,5.0,5.0,4.0,4.2,4.2,2.8,5.4,3.3,4.2,2.7,4.9,5.6,5.1,4.7,5.4,4.6,3.9,5.2,5.1,3.2,2.2,3.6,5.2,5.0,4.9,3.8,3.9,4.9,4.2,3.3
2026-07-04 04:00:00,3.1,3.3,4.4,3.2,2.8,3.8,3.9,3.3,2.9,3.3,3.3,5.3,4.2,4.5,2.4,3.8,3.5,2.6,3.9,2.8,4.1,4.8,4.1,3.3,4.5,3.0,2.9,3.9,5.3,3.1,4.4,4.0,5.6,4.8,3.8,4.4,4.6,3.8,4.5,2.4,6.3,4.0,5.1,4.3,3.8,3.7,4.5,4.5,4.1,3.8,4.6,4.1,2.3,3.9,3.5,2.3,3.5,3.9,4.2,3.7,3.8,4.8,3.6,3.1,3.5,2.8,2.8,3.4,6.0,4.8,4.5,3.9,3.8,4.1,2.5,5.5,3.2,4.3,2.6,5.1,5.5,4.6,3.3,5.6,6.0,3.6,4.7,5.1,3.2,2.1,3.6,5.4,4.6,5.0,3.5,3.3,4.9,4.0,3.2
2026-07-04 05:00:00,2.8,2.9,4.7,2.8,2.6,3.9,4.0,3.0,2.6,2.8,2.9,5.6,4.2,4.0,2.1,3.7,3.7,2.4,3.4,2.6,4.3,4.7,4.0,2.9,4.3,2.6,2.7,3.7,5.0,2.5,3.9,3.7,5.7,4.8,3.4,4.1,4.5,3.5,4.2,2.3,6.1,3.7,5.3,4.1,3.5,3.7,4.2,4.6,4.0,3.4,4.2,4.1,2.4,3.8,3.1,2.2,3.2,3.5,4.0,3.9,3.4,4.4,3.2,3.2,3.2,2.4,2.6,3.4,5.8,4.7,4.6,3.9,3.6,4.1,2.4,5.0,2.8,4.3,2.5,4.9,5.4,4.3,2.9,5.2,4.6,3.6,4.6,4.9,2.8,2.1,3.0,4.8,4.9,4.9,3.4,3.3,4.8,4.0,2.8
2026-07-04 06:00:00,2.6,3.2,4.9,2.8,2.4,3.8,4.2,3.0,2.7,3.0,2.9,5.4,4.7,3.8,2.1,3.7,3.7,2.3,3.4,2.6,4.4,5.0,4.1,3.0,4.4,2.6,2.6,3.9,5.3,2.7,3.8,3.6,6.1,5.2,3.4,5.3,4.9,3.5,4.5,2.5,6.2,3.6,5.7,5.1,3.4,,4.2,5.1,4.1,3.5,4.0,3.9,2.4,3.7,3.2,2.2,3.0,3.4,4.3,4.2,3.3,4.7,3.0,2.9,3.0,2.5,2.6,3.3,5.9,5.1,4.7,3.8,3.6,4.3,2.4,5.1,2.9,4.2,2.4,4.8,5.2,4.1,2.7,5.3,3.9,3.6,4.3,5.1,2.8,2.3,3.1,5.0,5.2,5.0,3.2,3.0,5.4,4.3,2.7
2026-07-04 07:00:00,2.4,2.9,4.6,2.4,2.4,3.7,4.1,2.7,2.4,2.6,2.7,5.2,3.9,3.7,2.0,3.2,3.5,2.2,3.1,2.4,4.4,4.5,3.8,2.9,3.9,2.5,2.3,3.3,4.5,2.5,3.5,3.2,5.5,4.6,3.1,4.8,4.2,3.1,4.1,2.2,5.4,3.4,5.2,3.9,3.1,,3.7,4.3,3.7,3.3,3.6,3.1,2.4,3.3,3.0,2.0,2.9,3.2,3.9,3.8,3.0,4.0,3.0,3.0,2.7,2.3,2.4,3.2,6.4,4.5,4.2,3.6,3.1,4.0,2.2,4.8,2.6,4.0,2.3,4.6,4.6,3.8,2.4,5.3,3.1,3.3,4.1,4.7,2.7,2.2,2.9,4.8,4.6,4.6,2.9,2.9,4.4,3.6,2.5
2026-07-04 08:00:00,2.4,2.9,4.4,2.8,2.3,3.6,3.8,2.9,2.8,2.6,2.4,5.1,3.7,4.2,2.1,3.2,3.5,2.4,3.2,2.4,7.4,4.2,3.7,3.0,3.8,2.7,2.2,3.4,4.8,2.8,3.8,3.6,5.3,4.5,3.1,3.6,4.2,3.4,3.9,2.2,5.8,3.4,4.8,3.6,3.1,,3.9,5.5,3.6,3.2,4.0,3.4,2.2,3.3,3.2,2.1,3.4,3.4,3.6,3.5,3.4,3.8,3.2,2.4,2.7,2.3,2.9,3.3,5.6,4.4,4.1,3.4,3.0,3.7,2.2,5.4,2.8,3.6,2.3,4.2,4.6,3.8,2.7,5.0,3.1,3.1,4.0,4.5,3.1,2.0,2.9,4.4,4.3,4.4,3.0,3.0,4.3,3.4,2.4
2026-07-04 09:00:00,2.8,3.2,4.8,3.1,2.7,3.8,3.9,3.2,3.2,2.8,2.9,5.4,3.8,4.7,2.2,3.6,3.7,2.7,3.6,2.7,7.3,4.9,4.0,3.5,3.8,3.2,2.8,4.0,5.5,3.0,4.2,4.1,5.9,5.1,3.8,3.9,5.0,3.7,4.8,2.4,6.5,4.1,5.1,4.5,3.9,,4.5,8.0,4.4,3.9,4.8,3.8,2.2,3.9,3.3,2.4,3.6,3.7,3.8,3.5,15.8,4.0,3.6,2.9,3.3,2.6,3.2,3.3,5.9,4.6,4.8,3.9,3.9,3.8,2.6,5.7,3.0,3.8,2.8,4.5,5.1,4.5,2.9,5.0,3.4,3.9,4.9,4.8,3.4,2.2,3.4,4.7,4.4,4.3,3.5,4.0,4.9,3.6,3.0
2026-07-04 10:00:00,3.4,4.1,4.6,2.8,3.2,3.5,3.8,3.1,2.8,3.9,3.4,5.0,3.8,4.3,2.2,3.7,3.4,2.6,3.8,3.0,5.6,4.8,3.8,3.1,3.8,2.6,2.8,3.9,5.5,3.4,4.4,4.2,6.4,5.1,3.8,3.9,4.7,4.1,4.8,2.3,6.2,4.1,4.9,4.5,4.0,,4.8,5.1,4.3,3.6,4.8,4.0,2.2,3.9,3.4,2.2,3.5,3.6,4.1,3.7,24.8,3.7,3.6,3.3,3.3,2.9,2.7,3.5,5.7,4.6,4.8,3.7,3.7,4.6,2.5,5.1,3.0,3.8,3.0,4.1,4.8,4.6,2.9,4.8,3.4,3.6,4.8,4.7,3.2,2.2,3.5,4.3,4.5,4.3,3.2,3.3,4.7,3.5,3.0
2026-07-04 11:00:00,2.6,3.4,4.8,2.9,2.7,3.5,3.7,3.1,2.6,2.8,2.9,5.1,3.9,3.8,2.1,3.3,3.2,2.3,3.4,2.6,4.7,4.7,3.7,2.8,4.0,2.5,2.5,3.8,5.3,2.9,4.1,4.0,6.2,5.3,3.6,3.9,4.9,3.7,5.0,2.5,6.2,3.9,5.5,4.5,3.8,3.6,4.7,5.4,4.1,3.6,4.2,3.7,2.2,3.8,3.0,2.2,3.0,3.2,3.7,3.7,3.2,3.9,3.0,2.9,3.0,2.4,2.5,3.1,5.6,4.5,4.5,3.6,3.4,3.7,2.3,5.2,2.7,3.5,2.7,4.5,4.9,4.2,2.7,4.8,3.0,3.4,5.0,4.8,2.8,2.1,3.2,4.6,4.1,4.4,3.2,3.3,5.0,3.5,2.9
2026-07-04 12:00:00,3.1,4.6,5.3,3.2,3.1,3.8,3.9,3.7,3.1,3.5,3.6,5.6,4.5,4.8,2.4,4.0,3.6,2.8,4.5,3.1,6.4,5.0,4.4,3.3,4.1,2.9,3.0,4.6,6.3,3.4,5.0,4.7,6.3,6.0,4.6,4.6,5.5,4.8,5.8,2.8,6.7,5.1,5.4,5.0,4.8,4.1,5.7,6.0,4.7,4.4,5.4,4.2,2.4,4.6,3.5,2.5,3.6,3.9,4.0,4.0,3.9,4.3,3.5,3.6,3.6,2.7,3.1,3.9,5.9,5.1,5.2,3.7,4.2,3.9,2.7,5.5,3.2,4.2,3.2,4.7,5.3,5.1,3.2,5.3,3.6,3.9,5.6,5.0,3.4,2.3,3.9,5.2,4.8,4.5,3.8,3.9,5.4,3.8,3.4
2026-07-04 13:00:00,3.2,5.3,5.6,3.1,3.4,3.8,4.1,3.7,3.2,3.5,3.7,5.8,5.1,4.7,2.3,3.9,3.5,2.8,3.9,3.1,6.4,5.1,4.4,3.2,4.1,3.2,2.9,4.5,6.3,3.3,4.8,4.5,6.7,6.3,4.5,5.1,5.8,4.5,6.0,3.4,6.5,4.8,5.7,5.4,4.5,4.5,5.3,6.6,4.7,4.2,5.0,4.2,2.5,4.4,3.3,2.5,3.6,3.7,4.4,4.1,3.5,4.3,3.5,3.5,3.5,3.1,3.1,3.8,6.0,4.9,5.1,3.8,4.0,3.9,2.8,5.9,3.1,4.1,3.1,4.9,5.2,4.9,2.9,5.4,3.5,3.8,5.7,5.3,3.4,2.5,3.7,6.1,4.9,4.6,3.8,3.5,5.7,3.8,3.2
2026-07-04 14:00:00,2.9,4.4,5.3,3.3,3.1,3.4,3.7,3.9,3.1,3.3,3.5,5.4,4.5,5.2,2.4,3.8,3.1,2.8,3.8,3.2,4.9,5.1,4.2,3.1,3.7,2.7,2.8,4.3,6.5,3.4,5.1,4.6,6.1,6.2,4.2,4.7,5.7,4.4,5.9,3.1,6.4,4.7,5.3,5.1,4.5,4.2,5.7,6.5,4.5,4.4,4.7,4.5,2.4,4.2,3.4,2.3,3.6,4.3,4.2,3.9,3.5,4.0,3.5,3.4,3.3,2.9,3.2,3.8,5.8,4.8,4.7,3.4,4.1,3.7,2.6,6.0,3.5,3.9,3.3,4.6,5.2,4.9,3.0,4.9,3.6,3.6,5.6,5.2,3.3,2.2,3.7,5.9,4.6,4.1,3.9,3.6,5.2,3.4,3.1
2026-07-04 15:00:00,2.6,5.4,5.1,3.5,3.1,4.0,3.8,4.3,3.3,3.2,3.5,5.7,4.5,5.3,2.6,4.0,3.1,3.0,3.9,3.6,5.0,5.3,4.3,3.3,3.8,3.0,2.8,4.4,6.5,3.5,5.2,4.9,6.4,6.2,4.2,4.6,5.8,4.2,6.0,2.9,6.3,4.6,,5.2,4.5,4.1,5.6,6.6,4.6,4.5,4.6,4.6,2.4,4.3,3.6,2.4,3.7,4.2,4.4,3.9,3.5,4.2,3.7,3.5,3.2,2.9,3.5,3.9,5.9,5.0,4.8,3.4,4.2,3.5,2.5,6.3,3.5,3.8,3.5,5.0,5.5,4.9,3.2,5.3,4.2,3.5,5.8,5.3,3.6,2.2,3.9,6.2,4.6,4.5,4.0,4.4,5.5,3.5,3.1
2026-07-04 16:00:00,2.9,3.9,5.9,4.4,3.4,4.6,4.1,4.9,3.8,3.8,3.9,6.4,5.2,6.3,3.2,4.3,3.5,3.5,4.4,3.7,5.5,6.1,4.9,3.8,4.3,3.4,3.3,5.1,7.0,3.8,5.7,5.4,7.0,6.8,5.1,5.2,6.3,4.7,6.6,3.6,6.9,5.4,,5.8,5.0,4.3,6.1,7.2,5.4,5.2,5.2,5.3,2.6,4.9,4.3,2.6,4.3,4.9,5.0,4.5,3.9,4.9,4.1,3.8,3.6,3.2,4.1,4.0,6.6,5.8,5.4,3.9,4.8,4.0,2.8,6.6,4.2,4.3,4.2,5.7,6.3,5.6,3.6,5.9,5.2,4.1,6.2,5.8,4.1,2.5,4.6,7.1,5.2,4.8,4.9,5.6,6.2,3.7,3.3
2026-07-04 17:00:00,3.3,4.2,6.3,4.8,3.8,5.1,4.8,5.7,4.5,4.0,4.0,6.9,5.7,6.6,3.8,4.5,3.9,3.9,5.2,4.2,6.2,6.6,5.4,4.2,4.8,4.1,3.5,5.7,7.6,4.3,6.3,6.0,7.5,7.3,5.6,5.7,6.8,5.4,7.1,4.1,7.4,6.0,6.2,6.3,5.5,4.9,6.7,8.0,6.0,5.9,5.8,5.5,2.9,5.5,5.1,3.1,4.8,5.9,5.7,5.1,4.7,5.3,4.8,4.3,4.0,3.6,4.6,4.5,7.0,6.2,5.9,4.5,5.4,4.5,3.1,7.5,4.8,4.8,4.5,6.2,6.9,6.3,4.3,6.8,5.2,4.5,6.8,6.4,4.8,2.9,5.0,7.6,5.6,5.4,5.9,7.6,6.6,4.3,3.5
2026-07-04 18:00:00,4.0,5.0,6.8,5.4,4.4,5.7,5.8,6.1,5.4,5.1,4.8,7.3,6.5,7.2,4.3,5.5,4.7,4.6,6.1,5.0,6.8,7.0,6.1,5.2,5.8,4.7,4.3,6.3,8.2,5.3,6.7,6.3,7.8,7.6,6.3,6.4,7.2,6.2,7.5,4.6,7.5,6.5,7.1,6.9,6.3,5.8,7.3,8.4,6.6,6.5,6.5,6.4,3.9,6.3,5.8,3.4,5.8,6.5,6.5,5.9,5.6,6.1,5.6,4.8,4.9,4.3,5.8,5.4,7.4,6.8,6.6,5.2,6.4,5.5,3.6,8.5,5.9,5.9,5.6,6.6,7.2,6.9,5.0,7.2,6.4,5.4,7.1,7.1,5.9,3.4,6.1,8.2,6.5,6.0,6.4,6.1,6.7,5.1,4.3
2026-07-04 19:00:00,4.2,5.2,6.3,4.8,5.0,4.9,5.3,5.7,5.4,5.3,5.0,6.6,5.8,6.8,3.7,5.5,4.5,4.6,5.8,5.0,6.3,6.6,5.6,5.0,4.6,4.7,4.0,5.9,7.6,5.1,6.3,5.9,7.2,7.0,6.0,5.6,6.5,7.0,7.1,4.3,7.3,6.1,6.3,6.7,5.6,5.5,6.7,7.7,6.0,6.3,6.2,6.5,3.4,6.0,5.1,3.0,5.5,6.1,5.7,5.4,5.3,5.1,5.4,5.1,4.7,5.0,5.5,5.6,6.8,6.4,6.3,4.9,6.0,4.8,3.6,8.6,5.8,5.2,5.1,5.7,6.6,6.5,4.4,6.4,7.0,4.8,6.6,6.6,5.9,3.1,,7.0,6.0,5.3,5.8,5.5,6.4,4.1,4.1
2026-07-04 20:00:00,3.9,4.9,6.7,5.5,4.7,5.7,5.5,,4.8,4.8,4.8,7.4,6.1,6.7,3.9,5.8,4.6,4.4,5.6,4.5,6.5,7.1,6.2,4.8,5.5,4.2,4.0,6.2,7.7,5.1,6.6,6.1,8.2,7.7,5.6,6.3,6.8,5.8,7.4,4.3,7.7,6.3,6.7,6.7,5.9,5.3,7.0,8.2,6.5,6.6,6.3,6.5,3.5,6.4,5.5,3.4,5.3,6.0,6.0,5.3,5.2,5.9,5.3,4.6,4.5,4.3,5.0,5.0,7.5,6.7,6.4,5.5,6.0,5.0,3.6,7.4,5.3,5.6,5.2,6.7,7.2,6.8,4.7,7.0,6.1,5.1,6.9,6.8,5.3,3.2,5.5,7.9,6.2,5.6,6.2,5.5,7.0,4.8,4.3
2026-07-04 21:00:00,4.3,5.6,6.7,5.7,5.2,5.8,6.0,6.4,4.1,5.2,5.8,7.5,6.6,6.8,3.7,5.9,5.3,4.7,6.2,5.0,6.8,7.2,6.6,4.9,6.0,3.4,4.6,6.7,8.2,5.3,6.8,6.4,8.0,7.7,6.2,6.5,7.0,6.3,7.8,4.6,8.2,6.7,7.1,7.1,6.6,6.0,7.4,8.6,7.1,6.9,6.5,6.8,3.7,6.7,5.7,3.6,5.1,5.9,6.6,6.0,5.8,6.2,5.6,,5.2,4.9,4.5,5.9,7.5,7.1,6.8,5.9,6.5,6.0,4.1,6.6,5.2,6.4,5.7,6.7,7.3,7.0,5.0,7.4,5.7,5.7,7.3,7.3,,3.6,5.7,8.0,6.8,6.3,6.5,5.4,7.0,5.8,4.9
2026-07-04 22:00:00,4.2,5.1,6.7,5.4,4.9,5.8,6.1,6.1,3.4,5.0,5.5,7.5,6.7,5.9,4.4,5.9,5.0,3.6,5.8,4.2,6.8,7.0,6.5,3.8,5.9,3.0,4.3,6.3,7.6,4.7,6.5,6.2,7.9,8.2,5.9,6.3,6.8,6.0,7.4,4.4,7.7,6.3,7.2,6.8,6.5,5.9,7.1,8.2,6.8,6.7,6.5,6.4,3.9,6.2,5.3,3.6,4.5,5.3,6.6,6.0,5.8,6.1,5.0,5.7,5.2,4.4,3.8,5.7,7.4,6.9,6.6,6.1,6.0,5.5,3.9,15.6,4.6,6.2,5.4,6.9,7.1,6.9,4.7,7.6,5.6,5.2,6.8,7.1,,3.5,5.0,8.2,6.8,6.0,6.1,5.8,7.2,5.5,4.6
2026-07-04 23:00:00,4.3,5.3,7.4,5.9,4.8,6.8,6.2,6.2,4.1,5.0,5.4,7.9,7.1,6.1,4.6,5.9,5.4,3.9,5.7,4.8,7.2,7.3,6.4,4.3,6.3,4.2,4.1,6.4,7.9,5.4,6.7,6.2,8.6,8.1,6.1,6.6,7.0,6.0,7.5,4.8,8.8,6.3,7.6,7.0,6.4,6.3,7.1,8.9,6.9,6.9,6.4,6.4,4.3,6.1,5.5,3.6,5.0,5.7,7.3,6.3,5.6,6.7,5.5,5.7,5.0,4.7,4.5,5.9,8.1,7.2,6.8,5.7,6.1,6.0,4.0,6.5,5.1,7.5,6.2,7.6,8.2,6.9,4.8,7.8,5.7,5.3,7.1,7.4,,3.7,5.5,8.7,7.1,6.3,6.2,7.4,8.1,5.9,4.6
2026-07-05 00:00:00,4.7,5.6,7.3,5.6,5.4,7.1,6.5,6.4,4.9,5.1,5.4,8.2,7.4,6.7,5.2,6.1,6.2,4.7,6.1,5.2,7.6,7.4,6.9,5.2,6.3,5.3,4.6,6.6,8.4,6.0,7.0,6.7,8.7,8.3,6.7,7.1,7.3,6.3,7.5,5.3,9.2,6.8,8.3,7.3,6.9,6.5,7.5,9.0,7.0,7.3,6.7,6.8,4.1,6.5,5.9,4.0,5.6,6.4,6.7,6.5,5.9,7.1,6.1,6.3,5.6,6.2,5.1,7.5,8.5,7.8,6.9,6.1,6.6,6.2,4.6,7.7,6.0,10.9,6.1,7.7,8.0,8.0,5.1,8.2,6.2,5.8,7.7,7.9,5.2,4.0,5.9,8.4,7.0,6.4,6.6,9.8,8.1,6.1,5.5
2026-07-05 01:00:00,5.0,5.8,7.0,6.2,5.6,6.8,6.5,6.6,5.5,5.2,5.9,7.7,7.2,6.8,4.9,6.2,6.0,4.8,6.3,5.4,7.2,7.5,6.7,5.6,6.3,5.1,5.0,6.5,8.1,5.7,7.1,7.0,8.7,8.1,6.4,7.1,7.1,6.3,7.1,5.1,8.5,6.7,8.4,7.1,6.6,6.5,7.4,8.9,6.5,6.8,6.7,6.7,4.1,6.5,6.1,4.1,5.8,7.1,6.9,6.4,6.1,6.8,6.4,6.3,6.1,5.5,5.5,6.8,8.0,7.1,7.0,6.1,6.6,6.3,4.8,8.2,5.7,13.2,5.8,7.0,8.0,7.7,5.4,7.5,6.2,6.0,7.3,7.6,5.8,3.9,7.0,8.2,7.1,6.5,6.5,12.3,7.9,6.2,5.4
2026-07-05 02:00:00,5.3,5.6,6.6,6.7,5.7,6.3,6.5,6.6,5.5,5.8,6.3,7.6,7.4,7.1,5.1,6.1,5.7,4.7,6.0,5.2,7.0,7.3,6.5,5.5,6.4,5.4,5.0,6.6,8.2,5.3,7.1,7.0,8.7,8.1,6.2,7.1,7.2,6.1,7.2,5.0,8.6,6.6,8.4,7.0,6.5,6.6,7.2,8.8,6.5,6.5,6.7,6.7,4.4,6.3,6.2,3.9,6.0,6.7,7.1,6.5,6.0,6.8,6.3,6.4,6.1,5.5,5.6,7.0,7.9,6.8,6.8,5.8,6.2,6.2,4.4,8.4,5.8,10.2,5.7,6.8,8.0,7.3,5.5,7.6,6.4,5.8,7.6,7.2,5.8,4.0,7.3,7.6,7.3,6.7,6.7,13.7,8.0,5.9,6.1
2026-07-05 03:00:00,5.3,5.4,6.6,6.5,5.7,6.3,6.0,6.7,5.5,5.8,6.3,7.5,6.6,7.2,5.3,6.1,5.3,5.3,6.0,5.2,6.9,7.0,6.1,5.8,6.2,5.4,4.6,6.4,8.1,5.6,7.2,7.0,8.4,7.8,6.3,6.3,7.1,6.3,7.2,4.4,8.2,6.4,7.2,6.9,6.6,6.2,7.4,8.4,6.4,6.4,7.0,6.9,4.1,6.2,6.2,3.6,6.2,7.7,6.4,5.7,6.1,5.9,6.4,6.2,5.8,5.2,5.8,7.2,7.9,6.5,6.6,5.3,6.1,5.6,4.2,8.6,5.8,6.2,5.9,7.3,7.5,7.1,5.6,7.1,6.1,5.5,7.5,6.6,5.9,3.6,6.7,7.7,6.5,6.3,6.6,12.9,7.8,5.3,5.5
2026-07-05 04:00:00,4.9,6.3,6.6,6.2,5.6,5.6,5.6,6.3,5.7,5.7,6.2,7.5,6.3,7.2,6.2,6.1,5.0,5.3,5.8,5.1,6.6,7.4,6.3,5.9,5.6,5.5,4.4,6.4,8.0,5.7,7.1,7.0,8.7,8.1,6.1,6.2,7.1,6.1,7.0,4.5,8.1,6.4,7.0,6.9,6.4,5.9,7.2,8.6,6.4,6.1,6.9,6.9,3.6,6.1,6.1,3.8,6.2,8.3,5.8,5.5,5.9,6.1,6.3,6.0,5.5,5.2,5.8,7.7,8.1,6.8,6.6,5.6,6.0,5.4,4.0,8.8,5.6,5.8,5.9,6.4,7.5,6.8,5.3,6.9,6.1,5.7,7.3,6.8,6.0,3.2,6.5,7.3,6.2,5.8,6.3,14.8,7.5,5.3,4.9
2026-07-05 05:00:00,4.7,5.1,6.8,6.0,5.4,5.8,5.9,6.2,5.6,5.6,5.8,7.6,6.7,7.1,4.3,5.9,5.3,5.1,5.9,4.9,6.9,7.2,6.4,5.7,5.7,5.5,4.3,6.5,8.3,5.5,7.1,6.8,8.8,8.3,6.3,6.8,7.4,6.3,7.5,4.8,8.3,6.6,7.6,7.1,6.7,6.0,7.3,8.6,6.5,6.3,6.9,6.8,3.6,6.3,5.9,3.8,6.1,8.3,6.3,6.0,5.8,6.3,6.0,5.6,5.3,4.9,5.7,6.7,7.9,6.9,6.8,5.7,6.1,5.6,4.3,8.8,5.5,6.0,5.7,6.7,7.8,7.0,5.2,7.2,5.7,5.8,7.6,7.0,5.9,3.4,6.7,7.7,6.5,5.9,6.3,14.6,8.1,5.6,5.1
2026-07-05 06:00:00,4.7,5.2,7.3,6.5,5.0,6.6,6.3,6.5,5.4,5.3,6.0,8.1,7.1,7.0,4.6,6.1,5.8,5.7,6.3,5.2,7.3,7.7,6.9,6.1,6.4,5.3,4.9,6.8,9.1,5.7,7.7,7.3,9.5,9.0,6.8,7.3,8.1,6.7,7.9,5.4,8.9,7.1,8.3,7.6,6.8,6.5,7.9,9.3,6.8,6.7,7.4,7.1,4.0,6.6,6.3,4.1,6.2,8.4,6.7,6.4,6.2,831.5,6.2,5.4,5.4,4.6,5.7,6.0,8.6,7.4,7.1,6.1,6.4,6.1,4.4,8.3,5.7,6.4,6.0,7.2,8.2,7.5,5.8,7.7,6.0,6.2,8.3,7.6,5.9,3.7,6.2,8.3,7.1,6.4,6.7,8.2,8.5,6.1,5.3
2026-07-05 07:00:00,5.0,5.9,7.4,6.9,5.3,7.2,6.4,6.9,5.7,5.3,6.4,8.6,7.3,7.7,5.0,6.6,6.4,6.2,6.7,5.9,7.4,8.2,7.2,6.8,6.5,5.5,5.4,7.4,9.9,6.2,8.3,8.0,9.9,9.9,7.2,7.7,8.4,6.9,8.5,6.0,9.6,7.4,8.8,7.9,7.6,7.0,8.5,9.7,7.4,7.1,7.9,7.7,4.2,6.9,6.7,4.4,6.6,7.7,6.9,6.9,6.6,344.5,6.7,5.7,5.9,4.8,6.2,6.4,9.0,7.7,7.4,6.5,7.0,6.0,5.0,8.7,6.2,6.7,6.4,7.6,8.8,7.8,6.2,8.0,6.4,6.6,9.0,8.2,6.2,3.9,6.5,8.9,7.5,6.4,7.2,7.9,8.8,6.4,5.9
2026-07-05 08:00:00,5.3,6.0,7.4,6.9,5.5,6.8,6.3,7.2,5.8,5.4,6.2,8.5,7.2,8.1,5.0,6.8,6.5,5.9,6.6,6.0,7.4,8.4,7.4,6.5,6.8,5.6,5.5,7.6,10.0,6.2,8.3,8.0,10.0,10.0,7.1,7.8,8.6,7.0,8.5,6.2,10.0,7.4,8.7,7.9,7.4,6.8,8.7,9.8,7.5,7.3,8.0,7.7,4.2,7.1,6.6,4.6,7.0,7.1,6.8,7.0,6.7,11.9,6.9,5.8,6.1,5.0,6.6,6.6,9.3,7.8,7.7,6.6,6.6,6.0,5.3,9.0,6.5,7.0,6.7,7.8,9.1,8.0,6.1,8.1,6.6,6.5,9.2,8.5,6.6,3.8,6.6,9.1,7.8,6.6,7.3,7.1,8.8,6.5,6.2
2026-07-05 09:00:00,5.0,5.8,7.0,6.7,5.3,6.4,6.3,7.2,5.9,5.4,6.2,8.3,7.0,7.8,4.9,6.7,6.3,5.9,6.4,5.9,7.2,8.2,7.2,6.4,6.5,5.6,5.4,7.4,9.2,6.2,8.1,7.7,9.5,9.4,7.0,7.3,8.6,6.8,8.2,5.7,9.7,7.2,8.3,7.7,7.1,6.6,8.5,9.4,7.5,7.1,7.9,7.4,4.0,7.0,6.3,4.4,6.8,6.9,6.6,6.5,6.6,7.3,6.8,6.1,6.1,4.8,6.4,6.4,9.1,7.7,7.5,6.4,6.6,5.8,5.1,8.5,6.5,6.9,6.7,7.6,8.9,8.1,5.8,8.2,6.4,6.4,8.8,8.2,6.2,3.7,6.6,8.9,7.5,6.3,6.9,6.6,8.5,6.1,6.0
2026-07-05 10:00:00,4.4,5.1,6.6,6.3,5.2,5.7,5.8,6.7,5.3,4.9,5.9,7.9,6.6,7.3,4.5,6.2,5.6,4.9,6.0,5.3,7.0,7.2,6.6,5.7,6.1,4.8,4.8,6.8,7.9,5.3,7.0,6.8,8.5,8.1,6.4,6.7,7.5,6.3,7.2,5.0,8.7,6.4,7.4,7.0,6.4,6.2,7.5,8.4,6.8,6.4,6.8,6.5,3.7,6.5,5.8,4.0,6.3,6.4,6.3,5.8,6.1,6.4,6.4,5.5,5.5,4.6,5.8,5.8,8.5,7.2,7.0,5.9,6.1,5.6,4.5,7.6,5.9,6.5,6.0,7.2,8.2,7.2,5.3,7.5,5.8,6.4,7.7,7.4,5.5,3.3,5.9,8.4,7.0,6.0,6.4,6.4,7.5,5.8,5.3
2026-07-05 11:00:00,4.4,5.1,7.0,6.0,5.1,6.1,6.0,6.7,5.5,5.1,5.8,7.8,6.7,7.1,4.3,6.2,5.7,5.1,6.1,5.2,7.2,7.3,6.7,5.7,6.2,5.0,4.7,6.8,8.2,5.3,7.0,6.8,7.9,8.1,6.3,6.7,7.5,6.3,7.6,5.1,8.7,6.6,7.5,7.1,6.4,6.2,7.4,8.7,7.0,6.6,6.8,6.7,3.9,6.5,5.8,3.9,6.1,6.5,6.6,6.1,6.1,6.4,6.1,5.4,5.4,4.7,5.8,6.1,8.0,7.4,7.1,5.8,6.5,5.9,4.3,8.1,5.8,6.5,6.0,6.9,7.7,7.1,5.0,7.6,5.9,6.0,7.6,7.6,5.8,3.6,6.1,8.1,6.9,6.3,6.4,6.8,7.0,6.0,5.2
2026-07-05 12:00:00,4.6,4.8,6.3,5.2,5.0,5.0,5.7,6.0,5.0,5.0,5.8,7.0,6.2,6.6,3.7,5.8,5.1,4.6,5.7,5.0,6.7,6.6,6.2,5.2,5.5,4.6,4.3,6.2,7.8,4.7,6.4,6.1,7.2,7.3,5.6,6.1,6.7,5.7,6.9,4.4,7.7,6.0,6.7,6.6,5.7,6.0,6.8,7.8,6.3,6.1,6.4,6.2,4.1,6.0,5.2,3.3,5.6,6.2,6.3,5.7,5.7,5.6,5.6,5.4,5.2,4.6,5.1,5.9,7.2,6.8,6.5,5.3,5.9,5.4,3.9,7.7,5.2,6.2,5.4,6.2,7.1,6.5,4.5,6.6,5.4,4.9,6.9,6.8,5.4,3.4,5.6,7.3,6.5,5.8,5.8,8.0,6.7,5.2,4.9
2026-07-05 13:00:00,3.6,4.5,5.9,4.6,4.2,4.7,4.7,5.3,4.4,4.2,4.8,6.6,5.6,6.3,3.3,5.0,4.2,4.1,5.3,4.2,5.9,6.2,5.3,4.5,4.7,4.4,3.5,5.7,7.3,4.1,6.1,5.5,7.2,7.0,5.3,5.5,6.5,5.3,6.7,3.7,7.3,5.8,6.1,6.1,5.5,5.0,6.8,7.5,5.7,5.6,6.0,5.8,3.0,5.4,4.5,3.1,4.8,5.3,5.6,4.8,4.9,5.4,4.8,4.4,4.2,3.9,4.6,4.9,6.9,6.2,5.9,4.4,5.4,4.6,3.3,7.2,4.5,5.3,4.5,5.9,6.6,6.1,3.9,6.1,4.9,4.4,6.5,6.1,4.7,2.9,5.0,7.1,5.9,4.9,5.2,6.6,6.2,4.4,4.0
2026-07-05 14:00:00,3.2,4.2,5.7,4.1,3.6,4.4,4.2,5.1,3.7,3.9,4.1,6.5,5.6,5.5,2.8,4.6,3.9,3.7,4.9,3.9,5.8,6.2,5.2,3.8,4.3,3.5,3.2,5.6,7.5,4.2,6.1,5.6,7.4,7.2,5.2,5.5,6.8,5.1,7.1,3.8,7.2,5.8,6.1,6.3,5.4,4.6,6.6,7.6,5.7,5.5,5.7,5.6,2.6,5.2,4.3,3.0,4.0,4.6,5.1,4.4,4.6,5.0,4.0,3.8,3.8,3.3,3.9,4.3,6.8,5.9,5.8,4.0,5.0,4.0,2.9,6.3,4.3,4.7,4.5,5.9,6.7,6.0,3.7,6.2,4.4,4.5,6.8,6.2,3.9,2.5,4.4,7.1,5.4,4.2,5.0,6.5,6.5,4.6,3.6
2026-07-05 15:00:00,3.0,3.9,6.1,3.5,3.7,4.8,4.7,4.2,3.0,3.6,4.0,6.4,6.3,4.6,2.3,3.8,4.3,3.0,4.6,3.7,6.2,6.1,5.5,3.2,4.6,3.2,3.3,5.4,7.2,3.8,5.4,4.9,7.2,7.0,5.0,6.3,6.8,5.2,7.0,4.3,6.9,5.9,7.1,6.7,5.3,6.1,6.4,7.6,5.8,5.4,5.5,4.6,2.6,4.6,3.5,3.0,3.6,3.9,5.3,5.0,4.0,6.8,3.4,4.0,3.7,3.4,3.2,4.4,6.8,6.0,5.9,4.3,4.8,3.9,3.8,5.7,3.5,4.7,3.6,6.0,6.1,5.3,3.2,7.0,3.6,4.3,6.3,6.3,3.4,2.7,3.5,7.2,5.9,4.3,4.1,4.9,6.2,4.4,3.8
2026-07-05 16:00:00,3.2,4.0,5.1,3.6,3.3,4.1,4.4,4.1,3.4,3.5,4.1,5.7,5.6,4.9,2.5,4.0,3.9,3.1,5.1,3.6,5.6,5.0,5.0,3.9,4.3,2.9,3.1,5.0,6.7,3.8,5.1,4.8,6.0,6.0,4.7,5.4,5.9,4.8,6.6,3.7,6.5,5.3,6.2,6.1,5.0,5.1,6.0,6.8,5.4,5.2,5.1,4.6,2.7,4.8,3.6,2.5,4.1,4.6,5.1,4.7,4.1,5.9,3.9,4.0,3.8,3.1,3.6,4.3,5.8,5.6,5.4,3.9,4.9,4.0,3.1,5.7,3.7,4.8,3.8,4.8,5.3,5.0,3.0,5.8,3.8,4.1,5.8,5.9,3.9,2.7,3.9,6.0,5.6,4.4,4.1,6.9,5.0,4.0,3.8
2026-07-05 17:00:00,2.5,3.0,2.7,1.9,2.7,2.0,2.5,2.5,1.9,2.6,3.0,2.9,3.1,2.9,1.4,2.8,2.2,2.1,2.9,2.2,3.1,2.8,2.5,3.0,2.8,2.3,1.9,2.7,4.3,2.2,3.0,2.8,3.5,3.4,2.6,3.2,3.1,2.8,4.6,1.9,4.0,3.0,4.0,3.5,2.7,2.9,3.5,4.1,3.0,2.8,3.0,2.7,1.8,2.8,2.1,1.4,2.2,3.1,3.1,2.7,2.4,764.8,2.1,2.8,2.5,2.5,1.9,3.4,3.0,3.0,3.0,2.0,2.7,2.9,1.7,4.3,2.4,3.4,2.4,2.7,2.9,3.0,1.8,3.0,2.2,2.1,3.4,3.7,2.5,1.5,2.4,3.3,3.2,2.9,2.3,8.5,2.7,2.7,2.2
2026-07-05 18:00:00,1.2,1.6,2.5,1.7,1.4,1.8,1.7,2.0,,1.5,1.6,2.7,2.1,2.3,1.1,1.7,1.5,1.2,2.0,1.4,2.4,2.3,1.9,1.2,1.7,1.1,1.2,2.1,3.7,1.7,2.5,2.1,3.1,3.0,2.1,2.5,2.8,2.3,4.0,1.6,3.2,2.4,3.5,2.8,2.1,1.8,3.1,3.6,2.6,2.3,2.7,2.3,1.0,2.2,1.6,1.0,1.5,2.0,2.0,1.7,1.7,297.4,1.5,1.6,1.5,1.3,1.4,1.6,2.8,2.3,2.3,1.6,1.8,1.7,1.1,2.8,1.6,1.8,1.8,2.4,2.3,2.3,1.4,2.7,1.7,1.7,2.7,3.1,1.3,0.9,1.9,3.4,2.0,1.7,1.8,5.5,2.6,1.7,1.3
2026-07-05 19:00:00,1.2,1.4,2.9,1.7,1.4,2.4,1.7,1.8,1.4,1.2,2.2,,2.3,2.5,1.1,1.7,1.5,1.4,2.1,1.3,2.3,2.7,1.9,1.6,2.2,1.3,1.2,2.1,3.6,1.8,2.4,2.3,3.5,2.9,2.1,2.4,2.6,2.2,3.3,1.4,3.6,2.3,,2.8,2.1,1.9,3.1,3.2,2.5,2.5,2.5,2.5,1.1,2.5,1.7,1.0,1.7,1.7,2.1,2.0,1.7,680.8,1.6,1.5,1.4,1.4,1.4,1.5,3.0,2.4,2.7,2.3,1.9,1.8,1.1,3.7,1.5,1.8,6.4,2.3,2.5,2.7,1.4,2.4,2.9,1.7,2.5,3.0,1.7,1.1,1.9,2.9,2.4,2.0,1.6,4.6,3.1,1.7,
2026-07-05 20:00:00,1.4,1.7,3.0,2.1,1.6,2.0,1.9,2.0,1.6,1.5,1.9,2.9,2.7,3.8,1.2,2.4,1.6,1.4,2.2,1.6,2.5,2.9,2.1,1.6,2.4,2.0,1.5,2.3,3.9,3.0,2.9,2.7,3.7,3.6,2.7,2.7,3.1,2.5,4.0,1.7,3.8,2.6,,3.3,2.6,2.2,3.3,3.9,3.4,,2.8,3.5,1.2,2.2,1.7,1.2,1.9,2.0,2.4,2.1,2.0,1810.3,1.7,1.7,1.6,1.4,1.7,2.0,3.1,2.8,2.5,1.8,2.2,2.0,1.2,4.3,2.1,2.0,10.9,3.2,2.7,2.8,1.7,2.8,3.4,2.2,2.8,3.3,1.6,1.1,2.7,3.3,2.8,2.5,1.6,3.2,3.4,1.9,1.5
2026-07-05 21:00:00,1.8,2.6,3.2,2.3,2.4,2.6,2.4,2.4,2.0,2.1,2.0,3.0,3.3,3.0,2.3,3.4,2.1,1.7,2.5,2.2,3.5,3.0,2.7,2.0,2.1,2.0,1.9,2.5,4.5,3.6,3.7,3.3,4.2,4.0,2.8,3.3,3.8,2.9,4.6,2.2,4.0,3.0,5.0,3.9,3.0,2.9,4.3,4.6,3.5,,3.4,4.3,1.4,2.4,2.3,3.1,2.3,2.4,2.7,2.4,2.3,957.8,2.5,2.0,1.8,1.7,2.1,2.3,3.1,3.3,2.9,2.4,2.5,2.1,1.4,4.3,2.2,2.2,5.0,2.9,2.9,3.3,2.0,3.0,2.5,2.0,3.5,4.1,2.0,1.3,2.6,3.6,3.0,2.5,2.2,6.1,,1.7,1.8
2026-07-05 22:00:00,1.9,2.3,2.6,2.2,3.8,2.0,2.1,2.4,2.3,2.1,2.5,2.8,3.1,3.7,1.7,2.7,2.0,2.0,2.6,2.8,2.7,2.6,2.4,2.2,1.9,2.3,2.0,2.7,4.8,3.6,3.9,3.6,3.9,3.7,3.3,2.8,3.4,3.4,4.5,2.0,4.4,3.4,4.2,3.7,3.2,3.4,4.0,4.1,3.4,3.3,3.6,3.9,1.3,2.5,2.4,1.3,2.6,2.8,2.4,2.1,2.5,28.1,2.5,2.2,2.1,2.3,2.3,2.7,3.1,2.7,2.9,2.0,2.5,1.9,1.7,4.8,3.2,2.0,4.2,2.8,2.6,3.3,2.1,2.8,3.1,2.1,3.9,3.5,2.4,1.3,3.2,3.4,2.6,2.2,2.1,3.4,3.6,1.7,2.0
2026-07-05 23:00:00,2.7,3.4,3.9,2.9,3.2,2.9,2.6,3.3,3.4,3.2,3.3,4.4,3.6,5.4,2.3,4.5,2.5,3.1,3.9,3.1,3.8,3.9,3.0,3.6,2.6,,2.5,3.7,5.7,3.7,4.8,4.6,5.5,5.1,3.9,3.8,4.7,4.3,5.1,2.4,6.1,4.0,5.0,4.3,4.2,3.1,5.2,5.3,4.2,3.9,4.6,5.9,1.5,3.5,3.0,1.8,3.8,3.8,3.1,2.7,3.6,767.8,3.5,2.6,3.1,2.8,3.4,2.3,4.8,3.5,3.4,2.4,3.7,2.3,2.2,6.0,3.7,2.6,4.0,4.0,4.4,4.4,2.8,4.2,3.6,3.0,4.7,4.3,3.5,1.5,4.0,4.9,3.3,2.7,3.1,4.1,5.0,2.4,2.8
2026-07-06 00:00:00,3.9,4.9,5.5,4.9,4.4,4.7,4.9,5.8,4.4,4.5,4.8,6.1,5.2,6.5,3.6,5.9,4.6,4.1,5.5,4.6,6.0,5.9,5.7,4.8,3.5,,3.9,6.2,7.8,5.2,6.8,6.7,7.1,7.2,5.9,5.1,6.7,5.8,6.8,3.9,7.8,6.2,6.4,6.6,6.3,5.6,7.0,7.6,6.3,6.3,6.5,6.7,2.6,5.9,5.2,3.2,5.4,5.7,4.4,4.5,5.5,270.6,5.3,4.3,4.5,3.9,4.7,4.8,6.3,6.0,6.3,4.7,6.0,3.4,3.8,7.3,5.1,3.6,6.0,4.8,6.5,6.7,4.8,5.7,5.3,5.5,6.9,6.1,4.7,2.8,5.4,6.1,5.1,3.9,5.6,7.1,6.5,3.2,4.4
2026-07-06 01:00:00,4.7,5.3,5.6,4.4,5.4,4.5,4.4,5.2,5.4,5.4,5.7,6.4,5.6,6.6,3.4,5.9,4.2,4.9,5.8,5.2,5.7,5.8,5.3,5.5,4.5,4.9,4.2,5.6,7.2,5.6,6.4,6.3,7.1,6.8,5.7,5.6,6.2,5.8,9.7,3.9,7.1,5.9,6.2,6.1,6.0,5.2,6.7,7.2,5.6,5.3,6.4,6.6,2.6,5.8,4.9,2.8,5.6,6.0,4.9,4.6,5.6,337.4,5.5,5.1,,5.0,5.4,5.2,6.6,5.8,5.6,4.4,5.8,4.0,3.5,8.3,5.7,4.7,5.9,5.6,6.2,6.2,4.3,6.1,5.1,4.6,6.4,5.9,5.7,2.5,6.2,6.5,5.4,4.5,5.0,9.1,6.5,4.3,4.9
2026-07-06 02:00:00,4.2,5.1,6.1,4.6,4.9,5.1,5.1,5.5,5.1,5.0,5.0,6.9,6.4,6.6,3.5,6.0,4.6,4.5,5.4,4.8,6.1,6.4,5.6,5.2,5.4,4.7,3.7,5.8,7.3,5.2,6.4,6.3,7.7,7.3,5.4,6.3,6.4,5.5,6.5,4.1,7.4,5.8,6.8,6.2,5.8,5.4,6.5,7.6,5.7,5.4,6.3,6.7,3.1,5.5,5.1,3.0,5.7,6.0,5.9,5.4,5.4,78.6,5.5,4.2,,4.3,5.1,4.8,7.3,6.1,6.0,4.7,5.5,4.9,3.2,7.8,5.3,6.4,6.0,6.2,6.8,6.3,4.5,6.7,5.1,4.6,6.6,6.3,5.5,2.9,5.7,7.1,6.2,5.5,5.3,9.8,6.8,5.6,4.2
2026-07-06 03:00:00,3.9,4.5,6.6,4.8,4.5,5.9,5.7,5.4,4.8,4.5,4.4,7.6,6.8,6.4,3.6,5.9,4.9,4.2,4.8,4.3,6.8,6.9,5.8,4.8,6.1,4.2,3.3,5.5,7.3,4.7,6.2,5.9,8.5,7.7,5.1,7.0,6.5,5.0,6.5,4.2,7.3,5.5,7.8,6.3,5.3,5.8,6.3,8.1,5.6,5.3,5.9,6.8,3.6,5.1,4.9,3.2,5.4,6.1,6.5,5.9,4.9,71.4,5.4,4.0,,4.0,4.8,4.7,8.1,6.5,6.2,5.0,5.1,5.6,3.1,7.6,4.7,6.2,5.7,7.0,7.4,6.2,4.2,7.5,5.0,4.6,6.7,6.5,5.1,3.3,5.5,8.1,6.7,6.2,5.5,13.0,7.5,5.7,3.8
2026-07-06 04:00:00,3.5,3.9,7.0,5.0,4.0,6.5,6.1,5.7,4.5,4.0,4.1,8.2,7.0,6.5,3.7,5.0,5.5,4.0,5.0,3.8,7.1,7.4,6.3,4.8,6.1,4.0,3.5,6.0,8.1,4.5,6.7,6.4,9.3,8.4,5.7,7.1,7.2,5.6,7.0,4.7,7.9,6.0,8.0,6.9,5.6,6.2,6.6,8.9,6.0,5.8,6.3,6.4,3.9,5.7,5.3,3.7,5.4,5.9,6.6,6.2,5.1,237.2,5.5,4.8,,3.6,4.8,5.5,8.9,6.9,6.5,5.5,5.2,5.8,3.6,7.1,4.6,6.2,4.7,7.4,8.0,6.8,4.5,7.8,5.2,5.4,7.4,7.0,4.8,3.6,6.3,8.4,6.9,6.2,6.3,10.9,8.4,5.6,4.0
2026-07-06 05:00:00,3.6,4.2,7.0,5.6,4.0,6.2,6.1,6.3,5.0,4.3,4.2,8.0,6.9,6.8,3.9,5.7,5.6,4.2,5.6,4.2,7.0,7.4,6.4,5.2,5.8,4.5,3.6,6.4,8.7,4.7,7.5,7.2,9.3,8.7,6.2,6.9,7.7,6.2,7.6,4.9,8.5,6.6,7.9,7.5,6.0,6.4,7.4,9.4,6.5,6.2,6.9,6.7,3.7,6.1,5.8,4.1,5.8,6.6,6.5,6.1,5.8,67.7,5.8,4.9,,3.6,5.3,5.7,8.5,7.0,7.0,5.8,5.4,5.6,4.1,7.9,4.7,6.0,5.1,7.0,8.2,7.3,5.2,7.5,5.7,6.1,7.8,7.1,5.3,3.5,6.2,8.0,6.8,6.1,6.7,16.0,8.5,5.3,4.5
2026-07-06 06:00:00,3.4,3.9,6.4,4.4,3.8,5.5,5.3,5.4,4.5,3.8,3.8,7.3,6.3,6.3,3.3,4.9,4.7,3.8,4.8,3.6,6.4,6.7,5.8,4.7,5.3,4.2,3.1,5.8,7.9,4.1,6.7,6.5,8.2,7.9,5.6,6.5,7.1,5.6,7.0,4.2,7.9,6.1,7.0,6.7,5.1,5.5,7.0,8.2,5.8,5.5,6.4,6.0,3.2,5.4,4.8,3.4,5.1,5.3,5.9,5.4,5.0,196.6,5.0,4.2,,3.3,4.7,4.6,7.8,6.5,6.4,5.0,4.6,4.9,3.4,7.2,4.2,5.3,4.3,6.5,7.3,6.8,4.4,6.9,4.7,5.2,7.2,6.4,4.8,3.0,6.2,7.5,6.3,5.5,5.9,13.2,7.7,4.8,3.9
2026-07-06 07:00:00,3.0,3.4,6.1,3.8,3.4,4.7,4.5,4.5,3.6,3.1,3.5,6.6,5.5,5.4,2.7,4.3,4.1,3.3,4.3,3.2,5.4,6.5,5.1,4.0,4.9,3.7,3.1,5.5,7.3,3.9,5.7,5.4,7.5,7.4,5.1,6.0,6.4,4.7,6.6,3.7,7.4,5.5,6.2,6.1,5.0,4.7,6.2,7.5,5.4,5.2,5.8,5.2,2.7,5.1,4.1,2.9,4.4,4.4,5.0,5.0,4.6,1419.4,4.3,3.4,,3.0,3.9,3.9,7.0,5.9,6.2,4.6,4.3,4.2,2.9,6.2,4.3,4.9,3.8,5.7,6.8,6.0,3.6,6.2,4.0,4.6,6.6,5.9,3.9,2.7,4.9,6.6,5.8,4.9,5.0,8.0,7.0,4.5,3.4
2026-07-06 08:00:00,2.9,20.1,5.3,3.3,3.3,3.9,3.7,3.8,3.0,2.9,3.4,5.9,4.2,4.7,2.4,4.3,3.6,3.0,3.7,3.3,4.9,5.7,4.5,3.6,4.2,2.9,2.7,4.3,6.1,3.5,4.7,4.7,6.9,6.6,3.9,5.1,5.3,4.0,5.5,3.0,6.4,4.3,5.3,5.3,4.1,3.8,5.3,6.5,4.8,4.3,4.8,5.1,2.2,4.2,4.0,2.6,3.9,3.8,3.8,4.1,3.9,2011.1,3.8,3.1,,2.8,3.4,3.5,6.5,5.3,5.5,3.9,3.6,3.7,2.6,5.5,3.6,4.2,3.9,5.0,5.8,4.7,3.1,5.6,4.2,4.0,5.3,5.3,3.2,2.2,3.9,6.0,5.0,4.5,3.7,4.2,5.8,3.8,3.1
2026-07-06 09:00:00,2.7,25.4,5.0,2.9,2.8,3.9,3.5,3.3,2.5,2.6,2.9,5.8,4.1,4.0,2.1,3.5,3.4,2.3,3.5,2.7,4.8,6.1,4.2,2.8,3.7,2.2,2.5,4.1,5.6,2.6,4.1,4.1,6.6,6.3,3.5,4.6,5.7,3.4,5.4,2.6,6.5,3.9,5.2,4.6,3.8,3.5,4.6,6.1,4.6,4.0,4.6,3.8,2.0,3.8,3.6,2.5,3.1,3.3,3.5,3.6,3.6,283.5,3.2,2.8,,2.5,2.8,3.1,6.1,4.7,5.1,3.8,3.3,3.4,2.4,4.8,2.8,3.8,2.8,4.9,5.9,4.4,2.8,5.6,4.0,3.7,4.7,5.1,2.5,1.9,3.7,5.4,4.5,4.1,3.3,3.5,5.8,3.6,2.8
2026-07-06 10:00:00,2.3,84.8,5.0,4.2,2.5,3.2,3.0,2.8,2.2,2.3,2.7,4.8,3.6,3.4,1.9,3.2,3.0,2.1,3.2,2.3,4.8,4.3,,2.4,3.4,2.0,2.4,3.5,6.3,2.3,3.5,3.5,5.5,5.0,3.1,3.5,4.6,3.1,4.6,2.1,7.3,3.5,4.7,3.9,3.3,3.0,3.9,4.8,4.0,3.6,3.8,2.9,1.7,3.6,3.0,2.1,2.8,2.9,3.2,3.0,3.2,3.5,2.8,2.8,,2.2,2.4,2.8,5.1,4.3,4.3,3.2,3.1,3.0,2.2,4.4,2.4,3.3,2.4,3.8,4.5,3.9,2.4,4.4,3.1,3.3,4.0,4.5,2.3,1.7,2.8,4.2,3.8,3.7,2.6,2.9,4.3,3.2,2.8
2026-07-06 11:00:00,2.1,59.7,4.4,2.6,2.3,3.4,2.9,2.8,2.2,3.0,2.6,4.5,3.4,3.6,1.8,3.0,2.7,2.1,2.9,2.2,4.2,4.6,,2.4,3.4,2.0,2.1,3.1,4.1,2.1,3.0,3.0,5.6,4.4,2.7,3.2,4.0,2.8,3.9,1.9,5.5,3.0,4.4,3.8,2.8,2.8,3.3,5.5,3.4,3.1,3.4,2.5,1.6,3.2,2.7,2.0,2.8,2.9,3.0,2.8,3.2,3.4,2.8,2.4,2.3,2.0,2.3,2.5,5.0,3.9,3.8,3.1,2.7,2.9,2.0,4.4,2.3,3.1,2.2,3.8,4.1,3.4,2.3,4.4,2.7,3.0,3.5,4.5,2.3,1.7,2.8,3.9,3.5,3.6,2.4,3.3,3.8,2.9,2.4
2026-07-06 12:00:00,2.1,57.4,4.5,2.5,2.2,3.7,3.1,2.7,2.3,2.3,2.4,4.5,3.4,3.7,1.7,2.8,2.7,2.0,2.7,2.2,4.5,4.3,,2.4,3.2,2.3,2.2,3.3,4.2,2.1,3.1,3.0,5.4,4.6,2.8,3.5,4.4,2.6,4.2,1.8,5.6,3.1,4.5,3.5,2.8,,3.3,5.1,3.6,3.3,3.3,2.7,1.6,3.1,2.9,1.9,2.7,2.9,3.2,3.0,3.1,3.0,2.7,2.5,2.5,2.0,2.5,2.6,4.9,3.9,4.1,3.3,3.1,3.0,2.0,4.9,2.2,3.5,2.2,3.7,4.4,3.5,2.2,4.5,3.1,3.0,3.7,4.4,2.4,1.7,2.8,3.9,3.7,3.5,2.5,4.1,3.9,2.9,2.4
2026-07-06 13:00:00,2.2,59.3,4.8,2.4,2.1,3.3,3.2,2.6,2.2,2.2,2.6,4.6,3.2,3.5,1.9,3.0,2.8,2.0,2.9,2.3,4.0,4.4,,2.3,3.1,2.4,2.2,3.2,4.3,2.1,3.1,3.0,5.8,4.6,2.8,3.4,4.1,2.8,4.0,1.9,5.8,3.2,4.6,3.5,2.9,,3.4,4.5,3.5,3.2,3.3,2.7,1.7,3.3,2.6,2.0,2.6,3.0,3.3,2.8,3.2,3.1,2.6,2.5,2.5,2.1,2.6,2.7,4.9,4.0,4.0,3.2,2.9,3.0,2.1,4.5,2.3,3.0,2.2,3.7,4.2,3.5,2.3,4.4,2.8,3.0,3.6,4.6,2.6,1.8,2.7,3.8,3.8,3.6,2.6,5.8,4.1,2.9,2.5
2026-07-06 14:00:00,2.2,20.8,3.9,2.4,2.1,3.3,2.9,2.4,2.1,2.2,2.3,4.5,2.9,3.2,1.7,2.8,2.8,1.9,2.9,2.3,4.4,4.5,,2.3,2.9,2.0,2.2,3.2,4.1,1.9,3.0,2.7,6.8,4.4,2.6,3.2,3.9,2.8,4.4,1.8,5.7,3.1,4.2,3.7,2.9,,3.5,4.3,3.7,3.4,3.2,2.5,1.6,3.1,2.6,2.1,2.4,2.8,3.1,2.7,3.7,3.0,2.4,2.5,2.5,2.0,2.6,2.7,4.7,3.8,3.8,3.0,2.9,2.8,2.1,4.4,2.1,2.8,2.0,3.6,4.0,3.8,2.2,4.1,2.5,3.0,3.5,4.3,2.3,1.8,2.6,3.7,3.3,3.3,2.6,3.5,3.7,2.5,2.5
2026-07-06 15:00:00,2.2,4.8,4.0,2.3,2.1,4.2,2.6,2.5,2.1,2.2,2.4,4.1,2.5,3.1,1.8,2.7,2.2,1.9,2.8,2.4,4.0,4.3,,2.2,2.4,2.0,2.1,3.1,4.3,2.0,2.9,2.8,5.1,4.2,2.5,,3.7,2.8,4.2,1.6,5.5,3.0,3.9,3.2,2.7,,3.5,4.3,3.5,3.2,3.2,2.6,1.3,3.2,2.6,1.8,2.3,2.8,2.6,2.5,3.9,2.6,2.5,2.2,2.3,2.1,2.4,2.2,4.4,3.6,3.7,3.0,2.9,2.5,1.9,4.2,2.2,2.3,2.1,3.3,3.7,3.5,2.3,3.6,2.8,2.9,3.6,4.1,2.4,1.9,2.5,3.4,2.8,2.7,2.5,3.4,3.6,2.1,2.3
2026-07-06 16:00:00,2.0,4.7,3.8,1.9,1.9,3.8,2.3,2.1,1.9,2.0,2.0,3.2,2.2,2.8,1.4,2.5,1.8,1.7,2.5,2.2,4.4,3.2,,2.0,2.1,1.8,2.0,2.5,3.5,1.9,2.6,2.7,4.8,3.3,2.1,2.4,3.4,2.4,3.4,1.3,5.0,2.8,3.2,2.8,2.4,2.0,3.2,3.5,3.1,2.8,2.7,2.2,1.2,2.7,2.2,1.5,2.0,2.5,3.3,2.1,2.8,2.2,2.0,2.0,2.1,1.8,1.8,2.0,3.6,2.9,3.1,2.6,2.5,2.2,,4.2,2.0,2.2,1.9,2.6,3.1,3.0,1.9,2.8,2.6,2.3,2.8,3.5,2.1,1.8,2.4,2.7,2.4,2.4,2.2,4.6,3.7,1.9,2.0
2026-07-06 17:00:00,1.4,4.5,3.2,1.6,1.5,9.5,2.0,1.6,1.5,1.5,1.5,3.0,1.9,2.7,1.1,1.9,1.7,1.3,1.9,1.5,3.3,2.7,,1.5,2.0,1.5,1.5,2.1,2.9,1.4,2.1,2.0,3.5,2.8,1.6,2.2,2.7,1.9,3.0,1.1,3.9,2.3,3.1,2.5,1.8,1.8,2.5,3.1,2.5,2.4,2.2,1.8,1.1,2.1,2.0,1.3,1.7,1.9,2.7,1.8,1.9,2.2,1.7,1.7,1.6,1.5,1.4,1.8,3.4,2.6,2.7,2.3,1.9,1.9,1.3,3.5,1.5,1.9,1.5,2.6,2.6,2.4,1.5,2.6,2.3,1.9,2.3,3.0,1.7,1.1,1.8,2.6,2.2,2.3,1.7,2.4,2.6,1.8,1.4
2026-07-06 18:00:00,1.5,6.3,3.7,1.8,1.5,6.1,2.0,1.9,1.7,1.6,1.6,2.9,2.0,2.6,1.4,2.1,1.7,1.5,2.2,1.6,2.8,3.2,,1.7,2.1,1.5,1.5,2.2,3.5,1.6,2.3,2.1,3.4,3.0,1.9,2.2,2.9,2.2,3.6,1.2,4.3,2.4,3.2,2.6,2.0,1.9,2.7,3.5,2.7,2.7,2.5,2.1,1.1,2.2,2.0,1.4,2.0,2.2,2.2,2.0,2.2,2.1,2.0,1.7,1.8,1.4,1.7,1.9,3.4,3.1,2.7,2.1,2.1,1.8,1.3,3.8,1.7,2.0,1.7,2.6,3.4,2.6,1.7,2.8,2.4,1.9,2.5,3.3,1.8,1.1,2.1,2.9,2.2,2.2,2.0,3.4,3.0,1.8,1.6
2026-07-06 19:00:00,1.6,26.9,3.1,1.6,1.7,6.8,2.2,1.9,1.6,1.7,1.8,2.9,2.1,2.9,1.2,2.0,1.9,1.4,2.2,1.6,3.2,2.9,,1.6,2.1,1.4,1.6,2.4,3.4,1.6,2.3,2.0,3.4,3.0,2.1,2.1,2.8,2.4,3.4,1.3,4.2,2.5,3.3,2.6,2.2,2.1,2.9,3.3,2.8,2.7,2.4,2.0,1.3,2.4,1.9,1.3,1.8,1.9,2.3,2.0,2.3,2.1,1.7,1.9,1.8,1.5,1.6,2.1,3.3,2.9,2.8,2.2,2.2,2.0,1.4,3.6,1.7,2.6,1.7,2.7,2.7,2.8,1.7,2.7,2.5,1.9,2.5,3.3,1.7,1.2,2.0,2.9,2.6,2.2,2.0,2.0,3.0,2.0,1.7
2026-07-06 20:00:00,1.7,3.2,3.5,2.3,1.6,2.9,2.6,2.4,1.7,1.6,1.8,3.9,2.8,,1.6,2.2,2.2,1.5,2.3,1.7,3.5,3.6,,1.8,2.7,1.4,1.6,2.9,3.7,1.7,2.7,2.5,4.1,3.8,2.3,2.8,3.3,2.4,4.6,1.7,4.7,2.9,3.8,3.2,2.4,2.3,3.0,4.1,3.8,2.9,2.7,2.3,1.5,2.7,2.3,1.6,2.1,2.3,2.9,2.6,2.4,2.8,2.1,1.9,1.9,1.6,1.8,2.1,4.4,3.6,3.1,2.6,2.4,2.4,1.5,3.7,1.8,2.8,1.9,3.8,3.6,3.1,2.1,3.8,2.0,2.4,3.0,4.0,1.7,1.5,,4.1,3.1,2.9,2.6,6.3,3.5,2.6,1.8
2026-07-06 21:00:00,2.4,3.9,5.6,3.2,2.6,4.3,3.7,3.6,3.0,2.6,2.8,5.8,4.0,4.5,2.5,3.5,3.4,2.6,3.7,2.7,5.2,5.2,,3.0,3.8,2.5,2.6,4.0,5.4,2.8,3.9,3.8,5.7,5.5,3.6,4.1,4.4,3.4,5.8,2.6,6.1,4.0,,4.5,3.7,3.2,4.6,6.0,4.9,4.5,4.4,3.6,2.1,3.8,3.3,2.3,3.4,3.8,4.0,3.6,3.6,4.0,3.4,2.9,,2.4,3.0,3.1,6.3,5.3,4.9,3.8,3.7,3.3,2.4,5.3,2.9,3.7,3.2,6.1,4.9,4.6,3.0,5.6,3.6,3.4,4.4,5.3,3.1,2.0,3.9,6.3,4.4,4.0,3.6,5.4,4.7,3.6,2.7
2026-07-06 22:00:00,3.7,3.7,6.4,4.1,3.5,5.2,5.5,4.5,4.0,3.9,4.5,7.1,5.9,5.8,3.3,4.5,4.6,3.5,4.9,4.0,6.6,6.7,,4.4,5.5,3.4,3.8,5.7,6.9,3.4,5.2,5.0,7.3,7.1,4.7,5.8,6.3,4.7,7.8,3.9,7.6,5.6,,6.3,5.4,4.9,5.9,7.5,6.4,6.2,5.7,4.7,3.2,5.4,4.2,3.3,4.8,5.4,5.9,5.5,4.7,5.4,4.9,4.3,,3.2,4.2,4.9,7.4,6.7,6.3,5.1,5.6,4.9,3.6,6.3,3.7,5.2,3.8,6.3,6.9,6.1,3.8,7.1,4.5,5.8,6.2,6.6,4.3,3.1,4.4,7.1,6.2,5.6,5.2,6.9,6.5,5.1,4.3
2026-07-06 23:00:00,4.0,4.5,6.5,4.9,4.3,5.4,5.7,5.6,4.5,4.5,4.7,7.8,6.1,6.3,3.5,5.5,4.9,4.0,5.6,4.4,6.8,6.7,,4.7,5.7,4.2,3.9,6.1,7.2,4.4,6.1,5.9,7.5,7.3,5.6,5.9,6.6,5.4,7.5,3.7,8.0,5.9,6.7,6.2,5.6,5.3,6.6,7.6,6.3,6.3,6.1,5.9,3.4,5.8,5.0,3.2,5.3,5.7,5.9,5.8,5.4,5.7,5.4,4.8,,4.0,4.7,5.1,7.6,6.6,6.4,5.2,5.8,5.2,3.6,7.2,4.7,5.8,5.0,6.5,7.1,6.5,4.5,7.1,5.0,4.8,6.6,6.6,5.1,3.2,5.2,7.4,6.4,5.9,5.9,5.8,6.6,5.5,4.3
2026-07-07 00:00:00,4.4,5.3,7.3,6.2,4.8,6.8,6.5,6.7,5.5,5.1,5.4,8.4,7.1,7.4,4.6,6.4,5.9,5.3,6.3,5.2,7.7,7.7,,5.9,6.5,5.1,4.6,7.0,8.7,5.8,7.2,7.0,9.0,8.6,6.6,6.8,7.7,6.5,7.8,4.9,9.1,6.9,7.8,7.1,6.6,6.2,7.6,9.0,7.0,7.0,7.1,7.0,4.0,6.6,6.3,4.1,6.4,6.7,6.8,6.5,6.5,6.7,6.5,5.5,,4.4,5.9,5.8,8.7,7.4,7.2,6.0,6.6,5.9,4.3,8.5,6.0,6.5,6.2,7.4,8.4,7.5,5.8,8.0,6.3,5.7,7.8,7.6,6.1,3.8,6.3,8.6,7.2,6.6,6.9,6.7,7.8,6.3,5.0
2026-07-07 01:00:00,5.2,6.0,7.8,6.5,5.8,7.5,7.0,7.1,6.1,6.1,6.1,8.9,7.6,7.8,5.0,6.7,6.5,5.7,6.9,5.9,8.2,8.1,,6.4,7.0,5.7,5.5,7.4,9.2,6.4,7.7,7.4,9.3,9.3,7.0,7.5,8.2,6.9,8.1,5.8,9.4,7.2,8.8,7.7,7.2,6.8,8.1,9.8,7.4,7.3,7.6,7.6,4.7,7.1,6.6,4.3,6.8,7.0,7.3,7.0,6.8,7.4,6.8,6.1,,5.4,6.3,6.5,9.3,8.0,7.8,6.5,7.1,6.6,5.1,9.1,6.3,7.1,6.5,7.9,8.8,7.8,6.1,8.5,6.7,6.2,8.3,8.5,6.6,4.5,6.7,9.3,7.7,7.1,7.2,6.9,8.1,6.7,5.9
2026-07-07 02:00:00,5.6,6.0,7.5,6.3,6.0,7.1,7.0,7.0,6.1,6.2,6.5,8.5,7.8,7.7,4.8,6.7,6.4,5.8,6.8,5.9,8.1,7.8,,6.5,6.8,5.7,5.5,7.3,9.3,6.5,7.7,7.5,9.3,9.3,7.0,7.4,8.2,7.0,8.3,5.9,9.2,7.3,8.6,7.9,7.3,7.0,8.2,9.9,7.3,7.2,7.8,7.7,5.0,7.1,6.5,4.3,6.7,7.0,7.4,6.9,6.8,88.8,6.8,6.5,,5.7,6.3,6.7,9.0,7.9,7.6,6.5,7.1,6.8,5.0,9.0,6.4,7.4,6.6,7.4,8.6,7.8,6.0,8.1,6.6,6.1,8.3,8.3,6.5,4.4,6.6,8.7,7.7,7.0,7.1,6.7,8.0,6.5,6.0
2026-07-07 03:00:00,4.5,4.8,5.3,4.7,5.0,4.4,5.0,5.9,5.0,5.1,5.4,6.5,5.9,6.4,3.5,5.7,4.3,5.1,5.5,4.7,5.9,6.4,,5.9,4.4,4.9,4.1,5.9,8.4,6.0,7.2,7.0,8.1,8.0,6.1,5.6,7.2,6.2,7.2,4.4,7.6,6.4,,6.7,6.3,5.8,7.3,8.2,5.7,5.6,7.0,7.2,3.3,5.6,5.3,2.9,6.0,6.2,5.5,4.9,5.8,766.0,5.6,5.2,,4.6,5.4,5.7,7.0,6.0,5.9,4.5,5.6,5.0,3.5,7.6,5.5,5.6,5.7,5.1,7.2,6.7,4.9,5.8,5.6,4.4,7.4,6.2,6.0,2.9,5.9,6.5,5.6,4.9,5.9,5.6,7.2,4.0,4.4
2026-07-07 04:00:00,2.1,2.2,2.3,2.4,2.4,1.9,2.2,2.8,2.3,2.3,2.8,3.1,3.3,3.3,1.8,2.4,2.0,2.3,2.4,2.0,2.7,2.9,,2.6,2.0,2.3,1.7,2.6,5.1,2.8,4.2,3.9,5.0,4.9,3.0,2.9,4.1,3.2,4.0,2.2,3.8,3.4,,3.6,3.2,3.1,3.9,4.9,2.5,2.4,3.6,4.3,1.4,2.5,2.4,1.2,2.8,2.9,2.6,2.2,2.2,2.2,2.8,2.4,,2.2,2.4,2.6,3.4,2.7,2.6,1.9,2.5,2.0,1.6,4.5,2.3,2.4,2.3,2.4,3.6,3.1,2.2,2.8,2.5,1.9,4.1,3.4,2.7,1.2,2.7,3.4,2.7,2.3,2.7,3.2,4.2,1.8,2.0
2026-07-07 05:00:00,,1.3,,1.4,,1.2,,,1.3,,,,2.1,,1.0,,1.1,,1.5,1.2,,2.0,,,1.2,1.2,1.0,1.8,3.7,2.0,3.0,2.6,,,2.0,2.0,3.1,2.2,3.3,1.6,2.6,2.4,,2.7,,,,,1.8,1.6,,2.8,0.8,,1.5,0.8,,,,1.4,1.4,1.5,1.5,1.3,,1.1,1.3,1.4,,1.8,,,1.6,,,2.9,,,1.5,1.6,,,1.3,,,1.2,3.1,2.4,,0.7,,2.3,1.7,,,,2.8,,
2026-07-07 06:00:00,0.8,0.9,1.0,0.9,0.9,0.7,0.7,1.1,1.0,0.8,1.0,1.2,1.2,1.3,0.7,1.1,0.7,1.1,1.0,0.9,1.2,1.2,,1.4,0.7,0.9,0.7,1.1,2.7,1.3,1.9,1.6,2.1,2.2,1.3,1.3,2.1,1.4,2.1,0.9,1.8,1.6,,1.9,1.4,1.1,2.3,2.4,1.1,1.0,1.6,1.7,0.4,1.0,1.0,0.5,1.0,2.3,1.0,0.8,0.9,1.5,1.1,0.8,,0.7,1.0,0.8,1.4,1.1,1.1,0.7,1.0,0.7,0.6,2.3,0.9,0.7,1.0,1.1,1.3,1.2,0.8,1.2,1.0,0.7,1.9,1.4,1.2,0.4,1.1,1.4,1.0,0.8,1.0,7.6,1.9,0.7,0.7
2026-07-07 07:00:00,0.6,0.8,1.6,0.9,0.7,1.1,1.1,1.0,0.8,0.7,0.8,1.7,1.9,1.0,0.6,0.9,1.0,0.9,0.9,0.7,2.2,1.6,,0.9,1.2,0.8,0.6,1.1,2.6,1.0,1.6,1.4,3.0,2.8,1.2,2.1,2.3,1.4,2.4,1.1,2.0,1.7,3.3,2.7,1.4,1.5,2.1,3.0,1.3,1.2,1.5,1.4,0.6,1.0,0.9,0.7,0.8,1.6,1.6,1.1,1.0,2.3,0.9,0.8,,0.6,0.8,1.0,1.8,1.5,1.7,1.0,1.0,1.0,0.6,1.8,0.8,1.1,0.8,1.6,1.6,1.4,0.7,1.8,1.7,1.0,2.0,2.1,0.9,0.6,1.4,2.0,1.4,1.1,1.0,8.7,2.5,1.1,0.8
2026-07-07 08:00:00,0.9,2.0,1.8,0.8,0.9,1.1,1.2,0.9,0.8,0.8,1.1,1.5,2.0,1.0,0.6,1.0,1.1,0.8,1.2,0.9,2.7,1.9,,0.8,1.5,0.7,0.9,1.4,2.5,1.0,1.6,1.5,2.4,2.4,1.4,2.0,2.2,1.5,2.5,1.1,2.3,1.9,2.9,2.5,1.6,1.8,2.2,2.7,1.5,1.5,1.6,1.4,0.8,1.3,0.9,0.7,0.9,1.2,1.7,1.4,1.2,9.2,0.8,1.3,,0.8,0.8,1.3,1.5,1.4,1.8,1.1,1.3,1.3,0.8,1.6,0.8,1.4,0.9,1.3,1.4,1.5,0.7,2.0,1.2,1.4,2.1,2.1,0.9,0.7,1.7,1.8,1.6,1.5,1.1,5.3,2.2,1.5,1.0
2026-07-07 09:00:00,2.2,3.6,3.1,2.4,3.0,1.9,1.7,2.6,2.0,2.5,2.3,2.9,2.4,3.3,1.4,2.7,1.7,2.4,2.9,2.9,3.1,4.0,,2.7,2.1,1.4,2.1,3.7,5.7,3.1,3.4,3.2,5.2,4.6,3.2,2.8,4.6,3.3,5.0,1.8,5.4,4.2,,4.1,3.7,2.4,4.2,4.7,3.7,3.3,3.4,3.4,0.9,3.3,3.4,1.5,2.8,2.8,1.9,1.8,2.9,4.4,2.4,2.0,,2.6,2.7,1.9,3.3,2.4,3.2,2.0,3.3,1.5,1.8,3.7,2.9,1.6,2.9,3.3,3.8,4.3,2.1,3.1,2.8,2.6,4.8,3.3,2.3,1.1,3.3,3.5,2.1,1.9,3.1,2.9,4.5,2.2,2.6
2026-07-07 10:00:00,2.1,2.9,8.8,4.4,2.3,8.9,6.9,4.1,2.2,2.2,2.4,9.9,8.8,3.6,2.4,3.4,6.6,2.2,3.1,2.1,9.2,9.2,,2.6,7.7,2.2,2.4,5.4,7.9,3.0,5.1,4.6,11.6,10.6,3.9,9.0,7.9,4.1,7.8,6.8,7.3,5.2,,8.5,5.0,7.5,5.4,10.9,6.0,5.9,4.4,4.8,4.6,4.1,3.4,4.5,2.8,3.0,7.8,7.4,3.2,9.5,3.0,4.7,,2.2,3.0,5.6,10.7,8.1,7.8,6.2,4.5,6.6,3.3,4.4,2.6,7.2,2.9,8.8,9.7,5.1,3.2,9.8,3.2,5.4,6.8,8.9,2.4,4.5,3.0,10.6,8.4,7.6,4.9,3.6,9.4,7.5,3.8
2026-07-07 11:00:00,4.9,6.7,9.8,7.5,5.5,10.5,8.3,8.0,6.3,5.8,5.6,11.0,9.8,8.2,6.0,7.4,7.8,6.0,7.5,6.1,10.6,10.1,,6.6,8.3,5.4,6.2,8.7,12.2,7.3,9.8,9.2,13.0,12.3,8.5,9.9,10.9,8.4,10.8,8.7,11.4,9.3,12.8,10.1,8.9,9.0,10.1,13.0,8.8,8.4,9.4,8.8,6.2,8.2,7.5,5.8,7.0,7.7,9.1,8.4,7.5,9.7,7.3,7.3,,5.1,6.7,8.0,11.9,9.7,9.6,7.8,8.2,7.8,6.1,9.4,6.8,8.6,7.2,9.6,10.9,9.4,7.0,11.0,7.5,7.4,10.8,10.9,6.5,6.0,7.2,11.5,9.6,8.4,8.2,7.9,10.9,7.8,6.4
2026-07-07 12:00:00,7.3,17.8,11.7,8.9,7.7,12.5,9.6,9.5,7.5,8.0,8.3,13.1,11.9,10.5,7.2,9.0,8.9,7.8,9.5,8.1,13.0,12.0,,8.5,9.7,7.0,7.5,10.5,15.6,9.4,12.4,11.5,16.6,15.9,10.7,12.5,13.9,10.9,14.2,11.5,14.4,11.8,15.7,12.9,11.4,10.9,13.3,17.3,10.6,10.0,12.0,11.2,7.4,10.0,8.9,6.8,8.9,9.7,10.4,11.4,9.8,10.6,9.0,8.3,,7.4,8.2,8.8,14.5,11.7,11.7,9.3,9.8,8.9,7.4,12.2,8.6,9.9,9.0,11.5,13.3,11.4,8.2,12.9,9.0,9.0,13.7,13.4,8.3,7.6,9.0,14.0,11.4,10.0,9.9,10.0,14.1,9.6,8.2
2026-07-07 13:00:00,8.4,9.5,13.2,10.2,8.8,13.9,11.0,11.2,9.0,9.2,9.9,15.2,13.0,12.3,8.0,10.7,10.3,9.0,11.2,9.4,14.7,13.9,,9.8,10.8,8.4,8.9,12.4,18.0,10.6,14.1,13.2,18.2,17.9,12.3,13.1,15.9,12.6,16.3,13.7,18.4,13.6,17.5,15.1,13.1,12.2,15.6,19.2,12.6,11.9,13.9,12.8,9.4,11.8,10.3,7.7,10.3,11.2,11.9,11.3,10.9,12.0,10.5,9.9,,8.6,9.6,10.5,16.4,13.3,13.5,10.7,11.6,10.2,8.6,15.3,10.0,11.8,10.5,12.6,15.2,13.4,9.5,14.2,10.2,10.1,15.7,15.7,9.7,8.9,10.0,15.7,12.9,11.2,11.5,10.9,15.6,10.3,9.7
2026-07-07 14:00:00,8.3,9.2,10.6,8.6,9.0,12.1,9.9,9.6,8.4,9.0,9.7,12.6,11.3,10.7,6.9,9.7,9.0,8.4,10.2,8.7,12.0,11.4,,9.0,9.9,8.1,8.1,10.6,14.7,9.4,11.5,11.0,16.9,14.2,10.6,10.8,12.7,10.8,13.2,10.6,15.1,11.4,13.9,12.0,11.2,10.2,12.9,15.2,10.7,10.3,11.8,11.2,8.2,10.5,8.9,6.8,9.2,9.8,10.8,9.8,10.0,105.5,9.3,9.0,,8.5,8.6,9.4,13.4,11.4,11.5,9.2,10.4,9.3,7.6,14.7,9.0,10.5,9.3,10.8,12.8,11.6,8.2,12.0,9.1,8.8,12.8,13.0,9.2,7.7,9.1,13.0,11.4,10.1,9.7,9.5,12.1,9.5,8.8
2026-07-07 15:00:00,7.8,8.2,11.6,9.4,7.9,12.8,10.5,9.9,8.1,8.3,9.0,13.2,12.3,11.2,7.4,9.4,9.6,7.9,9.8,8.0,14.1,12.1,,8.7,10.4,7.5,8.1,11.0,15.0,8.8,11.8,11.1,15.4,14.7,10.4,12.0,13.2,10.5,13.8,11.4,15.3,11.2,16.0,12.6,11.0,11.2,12.8,15.7,11.1,10.7,11.4,11.0,8.9,10.5,9.2,7.0,9.4,10.0,11.3,10.8,9.7,10.9,9.8,9.3,,7.6,8.8,10.0,14.1,12.0,11.8,9.8,10.5,9.8,8.0,13.2,8.6,10.9,9.0,11.2,13.3,11.7,8.6,13.1,9.3,9.3,13.2,13.9,8.7,8.4,8.6,13.9,12.2,10.6,10.2,9.6,13.2,9.6,8.8
2026-07-07 16:00:00,7.6,8.4,10.1,8.8,8.3,11.3,9.2,9.0,7.9,8.3,8.7,11.4,10.7,10.5,6.9,9.1,8.4,7.8,9.7,8.2,11.7,10.6,,8.4,9.1,7.7,7.5,10.4,14.6,8.9,11.5,11.0,13.9,13.3,10.4,10.4,12.0,10.5,12.6,9.3,14.5,11.0,13.4,11.1,10.2,9.8,12.8,13.6,10.2,,11.6,10.5,7.1,9.8,8.5,6.3,9.1,9.3,9.8,9.3,10.3,9.7,9.1,8.7,,8.0,8.5,8.9,12.2,10.6,10.5,8.5,9.6,8.4,7.2,12.8,8.5,9.4,8.8,9.8,12.0,11.2,8.1,11.2,8.6,8.4,12.5,11.9,8.5,7.3,,11.8,10.6,9.3,9.5,9.0,12.0,8.7,8.1
2026-07-07 17:00:00,7.8,8.6,11.1,9.6,8.3,12.4,9.8,10.2,8.6,8.3,8.8,13.1,11.5,11.4,7.5,9.8,8.9,8.4,10.1,8.7,12.1,11.8,,9.1,9.7,8.2,7.9,11.2,15.5,9.5,12.3,11.7,16.1,14.8,10.8,11.0,13.3,10.9,14.1,10.6,15.3,11.5,14.4,12.2,10.7,10.4,13.3,15.5,11.2,,12.1,11.3,8.0,11.1,9.3,7.0,9.6,10.3,10.5,9.9,10.1,28.5,9.8,8.9,,8.0,8.9,9.3,14.2,11.5,11.5,9.3,10.3,9.1,7.5,14.5,9.2,10.2,9.6,11.2,13.8,12.4,8.8,12.2,9.6,9.2,13.5,13.2,9.2,8.2,9.4,13.8,11.3,9.8,10.6,10.1,13.3,9.3,8.8
2026-07-07 18:00:00,6.9,7.9,10.5,7.9,7.7,12.0,9.5,8.9,8.0,7.7,7.8,12.0,11.2,10.4,6.6,9.0,8.6,7.9,8.7,7.9,11.5,10.2,,8.4,10.0,7.4,6.9,8.9,12.1,8.8,10.3,10.3,12.7,12.3,8.9,10.9,10.8,9.1,11.3,9.5,12.1,9.5,13.5,10.8,9.2,9.8,10.9,13.5,9.5,,10.2,10.7,8.2,8.8,8.2,6.2,8.7,9.3,10.9,9.7,8.7,34.4,8.8,8.4,,7.5,8.1,9.0,12.4,10.7,10.4,8.5,9.0,9.5,6.8,13.0,8.6,10.6,8.8,10.5,10.9,9.9,7.5,11.9,8.8,7.9,10.4,11.9,8.6,7.3,9.1,12.6,11.3,10.2,8.5,8.9,10.4,9.6,7.8
2026-07-07 19:00:00,6.3,6.8,10.9,7.8,6.6,12.5,10.0,8.5,6.8,6.9,,12.5,12.0,9.4,6.2,7.6,8.9,,8.1,6.7,12.0,10.8,,6.9,11.1,6.0,6.7,9.1,12.3,7.3,9.4,8.9,13.6,12.9,8.5,11.5,11.2,8.6,11.8,9.7,11.7,9.4,14.6,10.9,9.0,10.1,10.1,,9.8,,9.4,9.0,8.9,8.8,7.6,6.3,7.5,,12.0,10.4,8.0,11.1,,8.1,,6.3,,8.8,13.1,10.9,10.4,8.6,8.8,10.3,6.7,11.0,7.2,11.7,7.5,11.1,12.0,10.0,7.2,12.5,7.8,7.9,10.6,12.5,7.1,8.1,7.4,13.5,12.1,11.3,8.7,7.8,11.5,10.6,7.3
2026-07-07 20:00:00,8.3,9.1,13.1,10.1,8.7,14.0,11.3,11.4,9.7,9.0,10.0,15.2,13.5,12.7,8.1,10.5,10.4,9.7,11.1,9.2,14.2,13.6,,9.9,12.0,9.0,8.6,12.2,16.7,9.8,12.9,12.3,17.8,16.6,11.5,13.3,14.5,11.6,16.5,12.8,16.4,12.8,17.4,13.9,12.2,11.8,14.2,17.6,12.6,,12.8,12.4,10.2,11.7,10.2,7.6,10.4,11.3,13.0,11.8,10.8,12.5,,9.8,,8.2,9.9,10.6,16.4,13.8,13.5,10.5,11.6,11.0,8.2,17.6,9.9,12.3,10.1,13.0,15.2,13.2,9.4,14.5,10.6,10.0,14.4,15.7,10.1,9.5,10.2,16.0,13.6,12.1,11.5,11.6,14.9,11.4,9.4
2026-07-07 21:00:00,9.4,10.2,15.1,11.4,9.6,15.5,12.7,12.4,10.4,9.9,10.7,16.9,15.3,13.8,8.8,12.0,11.5,10.1,12.3,10.1,16.2,15.0,,11.0,13.0,9.6,9.3,13.5,19.2,11.4,14.6,14.0,19.9,18.4,14.2,15.3,16.3,13.5,17.0,14.7,19.1,13.8,20.1,15.9,13.5,13.7,16.5,19.9,,,14.7,14.1,11.4,12.6,11.3,8.1,11.8,,13.9,13.2,12.0,13.8,,10.8,,9.2,10.8,11.6,18.4,15.2,14.5,11.6,12.8,11.8,8.7,18.2,11.0,12.4,11.6,14.4,16.7,15.0,10.5,16.3,11.7,12.0,16.7,17.8,11.2,10.7,11.2,17.7,15.1,13.0,12.9,11.9,16.7,12.4,10.4
2026-07-07 22:00:00,10.0,10.8,13.8,11.1,10.6,14.7,12.9,12.5,11.3,10.7,11.4,16.1,14.6,14.8,9.0,12.2,11.5,10.5,12.7,10.4,15.3,13.9,,11.5,12.4,10.6,9.6,13.4,18.0,11.5,14.1,13.7,17.9,17.4,12.9,13.7,15.1,13.2,16.6,14.3,18.0,13.7,19.4,15.1,13.9,13.4,15.9,18.6,13.5,13.3,14.6,14.3,11.9,12.8,11.3,8.0,12.4,,13.8,12.8,12.3,12.7,,11.6,,10.0,11.3,12.5,16.7,15.2,14.6,11.5,13.1,12.4,9.1,20.5,11.4,13.9,11.8,13.0,15.7,14.8,10.3,15.1,11.6,11.9,15.8,17.3,12.0,10.9,11.5,16.2,14.4,13.1,12.4,12.4,14.6,12.5,11.0
2026-07-07 23:00:00,8.5,8.8,11.8,9.7,9.0,13.0,10.6,10.6,9.4,9.2,9.8,13.9,12.0,12.1,7.7,10.2,9.9,8.8,10.3,8.7,12.9,12.2,,9.7,10.5,8.8,8.3,11.2,14.9,9.4,12.2,11.7,15.5,14.8,10.5,11.5,12.8,10.7,13.8,11.1,15.3,11.3,15.6,12.3,11.2,10.9,12.9,15.6,11.4,11.5,11.9,11.9,9.4,10.7,9.7,7.0,10.8,,11.6,10.6,10.2,10.7,,9.9,,8.5,9.7,10.7,14.6,12.5,12.2,9.8,10.8,10.2,8.0,16.4,9.4,11.6,9.7,11.5,13.7,12.3,9.0,13.0,10.0,9.3,13.2,14.3,9.9,8.6,9.7,14.0,12.1,11.0,10.8,10.1,13.1,9.9,9.2
2026-07-08 00:00:00,8.1,8.6,10.8,9.3,8.6,12.1,9.9,10.2,,8.9,9.3,12.8,10.9,11.4,7.4,9.7,9.0,8.3,10.0,8.4,11.9,11.2,,9.2,9.4,8.4,7.9,10.6,13.8,8.8,11.2,11.0,13.9,13.7,10.1,10.3,11.8,10.2,12.4,10.1,14.2,10.7,13.4,11.4,10.6,10.1,11.9,14.6,10.7,10.7,11.2,11.3,8.1,10.2,9.3,6.7,10.1,9.9,10.5,9.6,9.8,9.8,,9.3,,8.2,9.1,9.7,13.4,11.5,11.5,9.2,10.5,9.2,7.5,15.1,8.9,10.2,9.2,10.5,12.8,11.5,8.6,11.7,9.6,8.9,12.0,13.0,9.4,7.5,9.2,12.8,10.9,10.0,10.2,10.9,11.9,8.9,8.6
2026-07-08 01:00:00,6.7,7.5,8.2,6.4,7.2,8.3,7.5,7.7,6.0,7.3,7.5,9.6,8.4,7.9,5.5,7.8,7.0,6.8,8.0,7.0,8.8,8.9,,7.3,7.2,6.5,6.4,8.2,10.7,7.0,9.0,8.9,10.2,10.4,8.1,8.0,9.0,8.2,9.5,7.0,10.4,8.7,9.6,8.8,8.5,7.8,9.6,10.9,8.1,8.0,9.0,9.0,5.3,8.4,7.1,5.1,6.7,8.4,8.0,7.5,8.0,7.5,4.0,7.1,,6.8,6.1,7.5,10.0,8.6,8.8,7.1,8.2,7.2,6.0,10.6,7.1,7.9,7.1,7.7,9.3,9.0,6.7,8.8,7.8,7.0,9.1,9.3,7.1,5.0,7.3,9.2,8.3,7.6,7.6,11.5,8.9,6.9,7.0
2026-07-08 02:00:00,2.1,2.3,2.4,1.6,2.2,2.0,2.9,2.1,1.7,2.2,2.4,2.9,2.9,2.7,1.2,3.0,2.4,1.6,2.4,1.9,2.9,2.5,,1.9,2.2,1.5,1.9,2.3,3.6,2.4,2.8,2.8,3.1,3.5,2.4,2.3,2.9,2.5,3.2,1.7,3.6,2.6,3.7,3.0,2.7,3.1,3.2,3.8,2.5,2.5,2.9,4.7,1.8,2.5,2.0,1.2,2.1,2.4,2.7,2.6,2.4,1.9,2.3,2.6,,1.9,1.8,2.9,3.0,3.0,3.1,2.2,2.6,2.6,1.8,3.8,2.2,3.1,2.7,2.1,2.7,2.8,1.8,2.5,4.0,1.9,3.1,3.4,2.0,1.6,2.3,2.4,2.9,2.7,2.2,2.7,2.7,2.3,2.2
2026-07-08 03:00:00,1.4,1.5,2.1,1.3,1.6,1.7,1.7,1.4,1.2,1.5,1.6,2.7,2.3,1.8,0.9,1.7,1.5,1.3,1.5,1.6,2.3,2.1,,1.4,1.9,1.3,1.2,1.7,2.9,2.3,2.1,2.1,3.1,2.8,1.9,2.3,2.3,1.9,2.4,1.4,2.9,2.0,3.4,2.3,1.9,2.0,2.2,3.1,1.8,1.8,2.2,2.1,1.0,1.7,1.4,0.9,1.5,1.5,2.0,1.9,1.6,2.1,1.5,1.4,,1.6,1.2,1.5,2.9,2.1,2.0,1.6,1.6,1.8,1.1,3.8,2.3,1.9,1.7,2.2,2.2,2.0,1.3,2.6,1.5,1.5,2.4,2.6,1.4,0.9,2.2,2.7,2.2,2.0,1.5,5.0,2.4,1.8,1.4
2026-07-08 04:00:00,1.2,1.4,2.2,1.3,1.3,1.8,2.0,1.6,1.2,1.3,1.3,2.7,2.4,1.8,1.0,1.6,1.8,1.1,1.5,1.3,2.6,2.5,,1.4,1.7,1.2,1.2,1.9,3.2,1.8,2.3,2.2,3.7,3.7,2.0,2.3,3.0,2.0,2.9,1.7,3.1,2.2,3.9,2.8,2.1,2.3,2.3,3.8,2.1,2.0,2.2,2.1,1.1,1.7,1.4,1.2,1.5,1.5,1.9,1.8,1.6,1.9,1.5,1.5,,1.2,1.2,1.8,2.9,2.4,2.4,1.8,1.6,1.7,1.2,4.2,1.5,1.8,1.4,2.1,3.0,2.1,1.3,2.4,1.5,1.7,2.9,3.1,1.4,1.0,2.7,2.5,2.0,1.9,1.7,4.8,3.2,1.5,1.4
2026-07-08 05:00:00,1.3,1.5,2.2,1.4,1.5,1.7,1.9,1.7,1.3,1.4,1.5,2.7,2.5,2.0,1.1,1.7,1.6,1.3,1.7,1.4,2.4,2.3,,1.7,1.7,1.4,1.3,2.0,3.4,1.9,2.5,2.5,3.6,3.4,2.2,2.5,2.8,2.2,2.9,1.6,3.2,2.4,3.7,2.8,2.3,2.3,2.6,3.5,2.0,1.9,2.5,2.5,1.0,1.9,1.5,1.1,1.6,2.7,2.0,1.8,1.7,2.0,1.7,1.5,,1.3,1.3,1.7,2.9,2.3,2.2,1.7,1.8,1.7,1.2,4.3,1.6,1.8,1.5,2.2,2.5,2.2,1.4,2.6,1.7,1.6,2.9,2.8,1.5,1.0,2.6,2.5,2.1,2.0,1.8,8.0,3.0,1.6,1.5
2026-07-08 06:00:00,1.5,1.7,2.8,1.9,1.6,2.1,2.1,2.1,1.7,1.6,1.7,3.3,3.0,2.4,1.3,2.1,2.0,2.1,2.1,1.7,3.0,2.9,,2.4,2.2,1.5,1.5,2.3,4.2,2.2,3.1,3.2,4.5,4.2,2.6,3.7,3.7,2.5,3.7,2.0,3.8,2.9,4.1,3.3,2.7,2.7,3.4,4.7,2.5,2.2,3.1,3.0,1.2,2.3,2.0,1.3,2.1,5.0,2.4,2.2,2.0,2.5,2.0,1.6,,1.5,1.6,1.8,3.8,2.8,2.7,2.0,2.2,1.9,1.4,3.6,1.7,2.1,1.7,2.7,3.2,2.8,1.8,3.2,2.0,2.0,3.6,3.4,1.8,1.2,2.3,3.2,2.6,2.4,2.1,11.6,4.1,2.2,1.7
2026-07-08 07:00:00,2.0,2.6,3.8,2.4,2.2,2.7,2.8,3.0,2.2,2.3,2.5,4.3,4.6,3.2,1.8,2.8,2.5,2.4,2.7,2.2,4.1,4.0,,2.5,2.8,2.0,2.0,3.2,6.5,3.2,5.1,4.9,6.3,6.1,4.1,4.7,5.4,4.0,5.6,3.2,5.2,4.7,5.3,5.4,4.2,4.2,5.1,6.5,3.2,3.1,4.5,4.9,1.7,3.2,2.6,1.8,2.5,3.7,3.3,2.9,2.7,3.2,2.6,2.4,,2.0,2.2,2.7,4.7,3.7,3.7,2.7,3.1,2.6,2.0,4.7,2.4,3.0,2.5,3.5,4.1,3.6,2.3,4.2,2.9,2.7,5.6,4.3,2.3,1.6,3.3,4.4,3.5,3.0,3.0,9.1,5.6,2.6,2.3
2026-07-08 08:00:00,2.1,2.6,4.1,2.4,2.2,2.6,2.6,2.5,2.1,2.1,2.3,3.9,3.7,3.0,1.5,2.7,2.3,1.9,2.5,2.0,4.1,3.7,,2.3,2.5,1.9,2.0,3.0,5.4,2.7,4.1,3.9,5.3,5.4,3.7,3.8,4.7,3.4,4.7,2.5,5.1,3.7,4.7,4.4,3.5,3.4,4.3,5.6,3.2,2.9,3.6,4.0,1.5,3.0,2.3,1.6,2.4,2.7,2.8,2.7,2.6,2.9,2.4,2.2,,1.8,2.1,2.5,4.2,3.4,3.5,2.7,2.7,2.5,1.8,4.4,2.2,2.5,2.2,3.1,4.7,3.4,2.0,3.7,2.6,2.4,4.3,4.1,2.5,1.5,3.1,3.7,3.0,2.9,2.5,5.2,4.5,2.4,2.3
2026-07-08 09:00:00,1.9,31.8,3.6,2.2,2.0,3.5,2.7,2.4,2.0,2.0,2.2,4.2,3.5,2.9,1.6,2.5,2.6,1.9,2.6,2.5,4.4,4.6,,2.2,2.9,1.8,1.9,3.0,4.3,2.2,3.3,3.2,5.1,4.7,4.5,3.9,4.8,2.9,4.2,2.3,5.4,3.3,4.5,3.8,3.1,3.0,3.5,5.7,3.3,3.0,3.4,2.9,1.6,2.8,2.2,1.7,2.4,2.5,2.8,2.7,2.7,3.2,2.3,2.3,,1.8,2.1,2.4,4.6,3.6,3.7,2.7,2.7,2.5,1.8,4.1,2.0,2.8,2.0,3.4,4.4,3.4,1.9,4.4,2.4,2.8,3.9,4.3,2.3,1.5,2.5,4.0,3.3,3.2,2.4,4.5,4.8,2.6,2.1
2026-07-08 10:00:00,1.9,6.6,3.4,1.9,1.9,3.4,2.7,2.2,1.9,1.8,2.1,4.1,3.1,2.7,1.4,2.4,2.6,1.7,2.4,1.9,4.2,4.2,,2.0,2.7,1.7,1.9,3.1,4.2,2.0,2.9,2.7,4.7,4.5,3.5,3.3,4.1,2.6,4.1,2.1,5.2,3.1,4.3,3.5,2.9,2.8,3.0,5.1,3.4,3.1,2.8,2.7,1.6,2.8,2.0,1.7,2.2,2.3,2.8,2.6,2.4,289.5,2.1,2.2,,1.8,2.0,2.5,4.3,3.4,3.6,2.7,2.5,2.5,2.2,4.0,2.0,2.7,2.0,3.1,3.8,3.3,1.7,3.8,3.4,2.4,3.6,4.0,2.0,1.4,2.3,3.9,3.3,3.1,2.1,3.1,4.0,2.5,2.1
2026-07-08 11:00:00,1.7,15.1,3.5,2.0,1.8,2.6,2.4,2.4,1.8,1.8,2.0,3.8,2.8,2.8,1.5,2.4,2.1,1.7,2.2,1.9,3.6,3.9,,2.0,2.6,1.7,1.8,2.6,3.5,1.8,2.7,2.6,4.1,4.0,2.2,2.9,3.5,2.4,3.7,1.8,4.5,2.6,3.9,3.1,2.4,2.4,3.0,4.4,3.0,2.9,2.8,2.5,1.5,2.4,2.1,1.5,2.2,2.3,2.6,2.4,2.5,14.3,2.2,2.0,,1.6,2.0,2.2,3.9,3.1,3.4,2.4,2.3,2.5,1.7,3.8,1.9,2.5,1.9,3.0,3.3,2.9,1.8,3.4,2.5,2.3,3.1,3.8,2.0,1.4,2.3,3.7,2.9,2.8,2.0,4.5,3.8,2.3,1.9
2026-07-08 12:00:00,1.7,21.8,3.7,1.9,1.9,3.9,2.4,2.3,1.8,1.8,2.0,3.5,2.5,2.8,1.4,2.5,2.1,1.7,2.4,2.0,4.1,3.8,,2.0,2.6,1.7,1.7,2.5,3.7,2.0,2.7,2.6,4.1,3.5,2.2,2.8,3.3,2.4,3.4,1.6,5.9,2.6,3.8,2.8,2.3,2.4,2.9,4.0,2.8,2.9,2.8,2.8,1.3,2.5,2.4,1.5,2.1,2.2,2.6,2.2,2.5,2.5,2.1,1.9,,1.8,1.9,2.1,4.1,2.9,3.1,2.6,2.3,2.2,1.6,3.8,1.9,,2.0,2.8,3.2,3.0,1.8,3.3,3.0,2.0,2.9,3.7,2.0,1.5,2.3,3.9,2.8,2.7,2.0,3.3,3.0,2.2,1.9
2026-07-08 13:00:00,1.5,10.7,3.3,1.8,1.7,3.9,2.3,2.1,1.5,1.6,2.2,3.5,2.5,2.8,1.3,2.2,2.0,1.5,2.3,1.6,4.1,3.5,,1.8,2.4,1.5,1.5,2.4,3.3,1.6,2.3,2.3,3.6,3.6,1.9,2.7,3.3,2.0,3.9,1.6,4.7,2.4,3.7,2.8,2.3,2.3,2.6,4.0,2.8,2.7,2.4,2.6,1.3,2.5,2.4,1.5,1.8,1.9,2.5,2.1,2.3,2.5,1.8,2.0,,1.6,1.6,2.0,3.9,3.0,3.0,2.3,2.2,2.1,1.6,3.3,1.6,2.5,1.8,3.2,3.0,2.8,1.8,3.1,2.8,2.0,2.6,3.8,1.8,1.6,1.9,3.6,2.7,2.6,2.0,3.0,3.1,2.2,1.8
2026-07-08 14:00:00,1.7,7.5,4.2,2.0,1.6,4.2,2.6,2.4,1.8,1.8,2.7,4.1,2.6,3.1,1.5,2.6,2.1,1.6,2.4,1.9,4.1,3.6,,2.0,2.5,1.7,1.8,2.7,4.1,2.0,3.0,3.0,4.1,3.7,2.4,3.0,3.7,2.5,4.5,1.7,4.7,2.9,3.9,3.3,2.5,2.3,3.2,4.4,3.3,3.1,3.0,3.1,1.5,2.6,3.6,1.5,2.1,2.3,2.6,2.3,2.5,2.8,2.4,2.1,,1.6,1.8,2.1,5.3,3.1,3.4,2.4,3.9,2.3,1.6,3.7,2.1,2.4,2.1,3.4,3.5,3.2,2.0,3.5,3.6,2.2,3.2,3.9,1.9,1.6,2.2,3.7,2.8,2.9,2.2,3.8,3.4,2.3,1.8
2026-07-08 15:00:00,1.9,6.6,5.0,2.0,2.1,3.6,2.7,2.4,1.9,2.0,2.4,4.0,3.0,3.0,1.5,2.6,2.2,1.7,2.4,2.1,3.7,7.2,,2.1,2.6,1.9,1.8,2.8,4.3,2.1,2.9,2.9,4.7,4.1,2.5,3.3,3.8,2.8,4.6,1.9,5.2,3.2,4.3,3.9,2.8,2.6,3.5,4.8,3.4,3.1,3.1,2.8,1.4,2.9,2.5,1.6,2.2,2.4,2.7,2.6,2.5,654.8,2.2,2.2,,1.9,1.8,2.1,4.4,3.3,3.7,2.7,2.8,2.5,1.6,4.1,2.3,2.6,2.1,3.1,3.7,3.2,2.0,3.9,2.7,2.4,3.4,3.9,2.0,1.6,2.6,3.6,3.1,3.2,2.4,5.5,4.1,2.5,2.0
2026-07-08 16:00:00,1.7,21.4,3.6,2.0,2.0,5.5,2.5,2.3,2.1,2.0,2.3,3.8,2.9,3.4,1.4,2.5,2.6,1.7,2.4,1.9,5.1,3.7,,2.0,2.6,1.7,1.9,2.8,3.9,2.0,2.7,2.8,4.5,4.1,2.4,3.1,3.9,2.8,4.7,1.8,4.8,3.0,4.1,3.4,2.6,2.8,3.2,4.5,3.1,3.1,2.9,2.6,1.5,2.7,2.2,1.5,2.2,2.2,2.8,2.6,2.4,257.2,2.3,2.1,,1.7,1.9,2.3,4.0,3.2,3.3,2.3,2.6,2.5,1.7,4.1,2.0,2.6,2.1,3.4,3.4,3.2,1.9,3.6,2.7,2.2,3.2,3.8,2.1,1.9,2.5,3.9,3.0,3.1,2.5,4.6,3.8,2.4,2.0
2026-07-08 17:00:00,1.9,17.7,3.8,1.7,2.1,10.6,2.7,2.1,1.6,2.2,2.4,3.4,3.2,3.6,1.2,2.8,2.0,1.7,3.0,2.1,3.6,3.3,,1.8,2.4,1.6,2.1,2.7,4.0,2.2,3.4,3.1,4.0,3.5,3.3,3.2,3.4,3.5,4.5,1.8,4.1,4.5,4.3,3.4,3.2,2.6,4.0,4.0,3.1,3.2,3.5,3.3,1.5,3.4,2.1,1.4,2.0,2.0,2.7,2.5,2.9,1496.2,2.0,2.3,,1.8,1.7,2.3,3.7,3.1,3.2,2.4,2.6,2.5,1.6,3.4,1.9,2.5,2.0,3.0,2.9,3.0,1.9,3.3,4.7,2.4,3.2,3.7,1.9,1.6,2.2,3.4,3.1,2.8,2.0,2.1,3.4,2.3,2.1
2026-07-08 18:00:00,1.6,18.6,3.8,1.7,1.6,2.4,2.1,2.0,1.5,1.7,2.0,3.1,2.5,3.3,1.2,2.0,1.7,1.5,2.2,1.5,2.9,3.0,,1.7,2.0,1.2,1.5,2.2,3.5,1.7,2.6,2.6,3.4,3.2,2.2,2.4,2.8,2.6,3.3,1.5,4.0,2.5,3.6,2.7,2.1,2.0,3.2,3.2,2.6,2.5,3.1,2.2,1.2,2.3,1.8,1.1,2.0,2.0,2.2,2.0,2.1,1967.4,1.8,1.7,,1.4,1.6,1.8,3.3,2.7,2.7,1.9,2.0,2.0,1.3,3.4,1.6,2.2,1.6,2.3,2.8,2.7,1.6,2.7,3.4,1.8,2.8,3.2,1.6,1.1,1.9,2.9,2.4,2.2,1.9,2.2,3.1,1.9,1.7
2026-07-08 19:00:00,1.4,1.8,3.4,1.5,,1.8,1.7,1.9,1.5,1.6,1.7,,2.2,3.3,1.0,,1.5,,2.1,1.5,2.3,2.4,,1.7,1.9,1.3,1.5,2.3,3.5,1.7,2.5,2.8,2.9,2.8,2.2,2.1,2.6,2.5,3.6,1.3,3.6,2.3,3.3,2.7,2.2,1.8,,,2.8,,3.1,2.1,1.0,2.1,1.6,1.0,1.8,1.9,1.9,1.8,2.0,2162.0,1.7,1.6,,1.4,1.5,1.7,2.7,2.3,2.4,1.7,2.0,1.7,1.2,3.3,1.6,2.0,1.6,2.2,2.3,2.5,1.4,2.2,3.2,1.8,2.7,3.0,1.7,1.2,2.0,2.6,2.1,1.9,1.7,1.8,2.6,1.6,
2026-07-08 20:00:00,1.1,1.7,2.9,1.5,,1.7,1.6,1.7,,1.3,,3.1,2.0,3.3,1.0,2.2,1.3,1.3,1.7,1.2,2.2,2.3,,1.3,1.9,1.1,1.2,2.0,3.0,1.4,2.5,2.5,3.4,2.6,1.9,2.2,2.2,2.3,3.1,1.2,3.2,2.2,3.1,2.4,1.9,1.7,3.2,,,,2.6,2.2,0.9,1.9,2.8,0.9,1.5,1.6,1.9,1.6,1.7,1939.6,1.5,1.5,,1.1,1.3,1.5,2.9,2.0,2.1,1.5,1.7,1.5,1.0,2.7,1.3,1.8,1.4,2.4,2.4,2.4,2.0,2.4,3.6,1.7,2.2,2.6,1.3,1.0,1.6,2.8,2.0,1.8,1.6,1.7,2.7,1.8,
2026-07-08 21:00:00,1.4,2.0,3.3,1.9,1.5,2.4,2.1,2.1,1.8,1.7,,3.4,2.9,3.6,1.3,2.6,1.7,1.4,2.3,1.5,3.0,2.9,,1.7,3.1,1.3,1.4,2.4,3.5,1.8,2.8,2.9,4.0,3.3,2.2,2.7,3.1,2.5,4.0,1.6,3.7,2.5,3.9,3.2,2.5,2.3,2.9,,3.1,,3.0,3.2,1.2,2.3,3.3,1.3,2.0,2.1,2.4,2.2,2.3,139.9,2.0,1.7,,1.2,1.8,1.7,3.5,2.7,2.6,1.9,2.1,2.0,1.3,3.5,1.7,2.6,1.8,2.9,3.0,2.8,1.8,3.1,3.1,2.0,2.8,3.4,1.8,1.2,2.0,3.5,2.7,2.6,2.1,2.1,3.5,2.0,1.6
2026-07-08 22:00:00,1.7,1.9,2.8,1.8,1.7,2.2,2.3,2.4,1.7,1.9,2.1,3.2,3.0,3.6,1.4,2.3,1.9,1.6,2.3,1.7,2.9,3.1,,1.8,2.3,1.5,1.7,2.9,4.1,2.0,3.2,2.9,4.2,3.5,2.6,3.3,3.2,2.8,3.7,1.8,,2.8,4.1,3.3,2.6,2.5,3.5,4.0,3.0,3.3,3.0,2.7,1.3,2.4,2.1,1.5,2.0,2.2,2.5,2.2,2.3,16.4,2.0,1.8,,1.6,1.8,2.0,3.6,2.9,3.1,2.2,2.3,2.1,1.4,3.6,1.8,2.5,1.9,2.8,3.2,2.9,2.0,2.9,2.8,2.0,3.4,3.6,1.9,1.3,2.1,3.4,2.7,2.5,2.2,2.2,3.6,2.0,1.9
2026-07-08 23:00:00,1.5,1.7,2.6,1.5,1.6,2.0,2.2,2.2,1.6,1.7,1.7,3.0,3.1,3.3,1.1,2.0,1.8,1.4,2.2,1.5,2.8,2.4,,1.7,2.4,,1.5,2.3,3.6,1.9,3.0,3.0,3.6,2.9,2.4,3.2,2.8,2.4,3.3,1.7,5.3,2.7,4.3,2.9,2.5,2.3,3.0,3.5,2.5,2.5,2.8,2.4,1.3,2.4,1.9,1.2,1.8,1.9,2.7,2.2,1.9,3.1,1.7,1.9,,1.4,1.6,1.9,3.1,3.1,2.7,1.9,2.3,2.2,1.4,3.4,1.7,2.7,1.8,2.5,2.7,2.5,1.7,2.9,2.2,1.8,2.8,3.5,1.7,1.3,1.9,3.2,2.9,2.6,1.9,1.8,2.8,2.3,1.8
2026-07-09 00:00:00,1.3,1.3,2.8,1.1,1.2,1.7,1.9,1.9,1.1,1.5,1.6,2.9,3.1,1.5,0.8,1.3,1.3,1.1,1.9,1.2,2.4,2.1,,1.6,2.3,1.0,1.2,1.6,2.8,1.3,1.8,1.7,3.1,2.2,1.5,3.1,2.1,1.8,2.5,1.3,3.4,1.8,3.8,2.3,1.7,2.0,2.0,2.7,2.1,2.2,1.7,1.6,1.3,1.6,1.9,0.9,1.2,1.3,2.6,2.3,1.3,3.6,1.3,1.5,,1.1,1.1,1.6,2.8,2.1,2.0,1.4,1.5,2.1,1.0,2.5,1.2,2.5,1.1,2.7,2.2,2.4,2.2,2.7,1.6,1.5,2.2,2.5,1.3,1.2,1.4,3.0,2.8,2.4,1.3,1.4,2.4,2.1,1.4
2026-07-09 01:00:00,1.1,1.4,2.9,1.6,1.2,2.3,2.3,1.9,1.6,1.3,1.4,3.5,3.3,2.1,1.2,1.7,1.9,1.4,1.8,1.3,3.1,3.0,,1.6,2.4,1.5,1.2,1.9,3.4,1.7,2.7,2.6,4.4,3.1,2.0,3.3,2.6,2.1,2.8,1.7,3.7,2.1,4.3,2.6,1.9,2.8,2.6,3.8,2.0,2.1,2.5,2.4,1.4,1.9,2.0,1.1,1.7,1.9,2.7,2.4,1.6,3.2,2.3,1.5,,1.1,1.5,1.9,3.8,2.7,2.2,1.8,1.7,2.2,1.1,3.4,1.5,2.6,1.5,2.9,2.9,2.2,1.7,3.2,2.7,1.5,2.6,3.3,1.7,1.3,1.7,3.6,2.8,2.5,1.9,2.1,2.9,2.3,1.5
2026-07-09 02:00:00,1.5,1.7,3.6,2.1,1.6,2.8,2.7,2.4,1.7,1.7,2.0,4.6,4.2,2.5,1.6,2.1,2.3,1.8,2.3,1.7,3.8,3.9,,2.6,3.0,1.6,1.7,2.7,5.3,2.4,3.5,3.4,5.9,4.9,3.0,4.3,4.5,3.1,4.6,2.5,4.0,3.3,5.0,4.0,3.3,3.3,3.8,5.7,3.0,2.9,3.5,3.3,1.7,2.5,2.2,1.7,2.1,3.2,3.4,3.0,2.2,3.5,3.5,1.9,,1.4,1.9,2.2,4.9,3.6,3.4,2.4,2.5,2.7,1.6,4.5,1.9,3.1,1.9,3.7,4.3,3.1,1.8,4.2,2.2,2.3,4.4,4.3,2.0,1.6,2.1,4.7,3.5,3.2,2.6,5.9,4.9,2.9,1.8
2026-07-09 03:00:00,2.2,2.5,4.3,2.8,2.2,3.3,3.4,3.4,2.3,2.5,2.6,5.4,5.1,3.5,2.0,3.0,3.0,2.2,3.2,2.5,4.7,4.8,,2.6,3.4,2.1,2.3,3.8,6.6,3.6,5.1,4.7,6.9,6.2,4.5,5.2,5.8,4.4,5.8,3.3,5.3,4.8,5.8,5.4,4.9,4.4,5.4,6.8,3.9,3.8,4.9,4.7,2.0,3.7,2.9,2.0,2.8,3.3,3.9,3.4,3.1,4.0,3.1,2.8,,2.1,2.5,3.1,5.6,4.5,4.2,3.1,3.4,3.0,2.2,5.0,2.8,3.4,2.9,4.6,5.2,4.2,2.5,5.0,2.9,3.0,5.9,4.9,2.5,1.9,3.2,5.7,4.2,3.5,3.5,4.1,6.1,3.3,2.6
2026-07-09 04:00:00,2.7,3.0,5.1,3.2,3.1,4.0,3.9,3.9,2.8,3.1,3.2,6.1,6.0,4.3,2.3,3.6,3.4,2.7,3.7,3.0,5.4,5.5,,3.1,3.8,2.6,2.7,4.3,7.0,4.7,5.8,5.7,7.6,6.7,5.0,6.1,6.3,5.0,6.3,3.8,6.0,5.4,6.5,6.0,5.4,5.0,6.0,7.3,4.4,4.3,5.5,6.1,2.3,4.1,3.5,2.3,3.4,3.9,4.5,4.0,3.5,4.5,3.5,3.3,,2.7,3.0,3.5,6.3,5.1,4.6,3.6,4.0,3.6,2.6,5.8,3.8,4.0,3.6,5.4,5.7,4.7,3.1,5.7,3.5,3.5,6.2,5.3,3.1,2.3,3.8,6.5,4.9,4.2,3.9,5.7,6.7,3.6,3.0
2026-07-09 05:00:00,3.1,3.7,5.7,3.9,3.5,4.6,4.4,4.3,3.2,3.7,3.7,6.5,6.5,5.1,2.7,4.6,3.9,3.1,4.3,3.5,6.0,6.2,,3.6,4.3,3.0,2.9,4.7,7.6,5.4,6.4,6.2,8.4,7.3,5.5,6.6,6.8,5.7,6.8,4.5,6.8,5.9,7.2,6.7,5.8,5.8,6.5,8.1,5.0,4.9,6.2,6.6,2.6,4.4,4.2,2.7,4.0,4.3,5.0,4.6,4.2,4.9,3.9,3.6,,3.1,3.5,4.1,6.9,5.8,5.4,4.2,4.4,4.1,2.8,5.7,3.8,4.5,4.2,5.8,6.2,5.2,3.4,6.3,5.8,3.9,6.8,5.9,3.7,2.5,4.0,6.9,5.4,4.6,4.5,4.4,7.2,4.0,3.4
2026-07-09 06:00:00,3.3,4.1,6.2,4.3,3.8,4.9,4.8,4.9,3.7,3.9,4.0,6.9,7.0,5.7,3.1,4.7,4.3,3.6,5.2,3.8,6.3,6.4,,4.1,5.2,3.6,3.7,5.5,8.6,5.9,7.3,7.1,8.8,7.9,6.7,7.1,7.6,7.1,7.7,5.1,8.6,6.9,8.1,7.3,6.8,6.6,8.4,8.6,5.5,5.5,7.3,7.4,2.8,5.3,5.5,2.8,4.6,5.0,5.7,5.0,5.5,6.1,4.5,4.0,,3.3,4.2,4.7,7.1,6.1,5.9,4.5,5.4,4.6,3.4,6.4,4.2,5.1,4.4,6.0,6.5,6.1,4.2,6.5,7.1,4.4,7.9,6.2,4.3,2.8,4.7,7.0,6.1,5.2,5.0,5.1,7.8,4.6,4.1
2026-07-09 07:00:00,3.7,4.6,6.6,4.7,4.1,5.2,5.2,5.6,4.1,4.3,4.8,7.0,7.5,6.2,3.4,5.8,5.9,4.2,5.9,4.4,7.2,6.7,,4.7,5.7,3.9,4.2,6.0,9.4,6.7,7.8,7.3,9.3,8.5,7.0,7.6,8.2,7.3,8.3,5.7,8.9,7.3,8.5,8.2,7.2,7.1,8.6,9.3,5.9,5.8,7.4,8.0,3.2,5.7,5.1,3.1,5.1,5.7,6.1,5.5,5.8,6.1,4.9,4.6,,3.9,4.7,5.2,7.3,6.5,6.9,5.0,5.8,5.2,3.6,7.0,4.7,5.7,5.0,6.3,6.8,6.5,4.5,6.9,5.0,4.7,8.2,6.6,4.9,3.2,5.2,7.3,6.5,5.8,5.5,6.4,8.2,5.0,4.9
2026-07-09 08:00:00,3.9,4.4,5.0,3.3,4.0,3.9,4.2,3.9,3.1,4.2,4.7,5.5,5.8,4.2,2.2,4.5,3.7,3.4,4.8,4.0,5.5,5.3,,3.5,4.2,3.2,3.4,4.9,7.7,4.9,6.4,6.1,7.5,6.9,5.8,5.7,6.6,5.9,7.1,4.2,7.9,6.2,6.5,6.6,6.0,5.7,7.1,7.4,4.8,4.8,6.2,5.9,2.6,4.7,4.8,2.3,3.5,4.0,4.9,4.2,4.4,4.4,3.4,4.0,,3.7,3.2,4.8,5.8,5.3,5.3,3.9,4.7,4.4,2.9,5.4,3.9,4.8,4.1,4.7,5.3,5.1,4.1,5.1,6.0,3.6,6.6,5.6,3.9,2.6,4.0,5.9,5.0,4.6,3.9,4.0,6.5,3.8,3.9
2026-07-09 09:00:00,2.2,2.5,5.0,2.5,2.4,3.6,3.0,3.1,2.0,2.4,2.7,4.6,4.4,3.1,1.7,3.0,2.5,2.1,3.1,2.1,4.2,5.2,,2.3,3.1,2.5,2.0,3.4,6.0,2.9,5.0,4.7,7.0,5.7,3.8,4.7,5.2,4.0,5.2,2.9,6.2,4.2,5.2,4.8,4.0,3.7,5.4,6.2,3.7,3.4,4.6,4.7,1.6,3.4,3.8,1.8,2.6,2.7,3.5,3.0,3.2,3.5,2.5,2.8,,2.1,2.2,2.7,4.9,3.9,3.8,2.8,3.1,2.8,1.9,4.2,2.3,3.2,2.6,3.9,4.4,4.4,3.2,4.3,6.5,2.5,5.0,4.6,2.5,1.6,2.7,5.1,3.9,3.4,2.9,3.4,5.3,3.0,2.4
2026-07-09 10:00:00,1.6,24.5,3.4,2.0,1.8,2.7,2.4,2.5,1.5,1.8,2.1,3.9,3.5,2.6,1.4,2.2,2.2,1.6,2.7,1.7,3.4,4.0,,1.8,2.6,2.7,1.8,2.8,4.6,,3.6,3.3,5.2,4.5,2.9,3.9,4.2,3.1,4.5,2.3,5.2,3.3,4.5,4.1,3.0,2.9,4.0,5.0,3.2,3.1,3.4,3.3,1.4,2.8,,1.4,2.1,2.2,2.8,2.4,2.8,363.7,1.9,2.3,,1.6,1.9,2.3,4.2,3.3,3.7,2.4,2.5,2.4,1.7,3.2,1.8,2.7,1.8,3.2,3.6,3.4,2.2,,4.3,2.1,3.8,4.4,1.6,1.4,1.9,4.2,3.3,2.7,2.3,2.0,4.2,2.2,2.1
2026-07-09 11:00:00,1.2,67.6,3.6,1.8,1.5,3.5,2.5,2.6,1.4,1.5,1.7,3.3,3.0,2.3,1.2,1.9,2.0,1.3,2.2,1.4,,3.6,,1.5,2.3,1.4,1.4,2.5,4.1,1.5,2.9,2.8,4.1,3.9,2.4,3.2,3.7,2.5,3.7,1.9,4.4,2.8,4.2,3.7,2.5,2.6,3.2,4.4,2.7,2.9,2.8,2.1,1.3,2.4,,1.4,1.7,2.0,3.2,2.3,2.0,772.6,1.6,2.0,,1.3,1.6,2.1,3.6,3.0,3.1,2.1,2.2,2.3,1.4,2.9,1.6,2.5,1.6,2.8,3.1,2.8,1.6,3.1,2.4,2.0,3.2,4.0,1.4,1.4,1.9,3.7,2.9,2.4,2.1,2.0,3.4,2.1,1.6
2026-07-09 12:00:00,1.1,2.5,2.9,1.3,1.2,2.8,1.8,1.7,1.2,1.4,1.4,2.5,2.3,1.9,0.9,1.7,1.5,1.2,1.9,1.2,2.3,2.6,,1.3,1.7,1.8,1.2,2.0,3.2,1.2,2.0,1.9,3.1,3.0,1.7,2.5,2.4,2.0,2.6,1.4,5.0,2.0,3.4,2.7,1.8,2.0,2.6,2.9,2.3,2.3,2.1,1.7,1.1,1.9,1.8,1.1,1.3,1.6,2.1,1.9,1.7,11.5,1.3,1.6,,1.2,1.3,1.8,3.0,2.3,2.3,1.8,1.8,1.8,1.2,2.4,1.2,2.1,1.2,2.0,2.4,2.1,1.9,2.5,2.0,1.5,2.4,3.2,1.2,1.1,1.6,2.9,2.3,2.0,1.4,1.5,2.3,1.6,1.4
2026-07-09 13:00:00,1.2,32.6,2.7,1.0,1.5,2.1,1.2,1.3,1.0,1.3,1.5,1.9,1.7,1.8,0.7,1.2,1.1,1.1,1.5,1.2,2.0,3.2,,1.1,1.3,1.3,1.1,1.6,2.7,1.2,1.5,1.7,2.4,2.2,1.3,2.1,2.0,1.8,2.1,1.0,4.1,1.6,2.3,2.5,1.4,1.6,2.5,2.2,1.9,2.0,1.6,1.3,0.8,1.5,2.4,0.8,1.1,1.3,1.6,1.3,1.3,14.5,1.0,1.5,,1.2,1.5,1.6,2.1,1.8,1.8,1.5,1.3,1.2,0.8,2.0,1.1,1.5,1.0,1.5,1.7,1.8,1.8,,1.2,1.4,2.0,2.5,1.1,0.8,1.4,2.1,1.7,1.4,1.1,1.4,1.9,1.2,1.3
2026-07-09 14:00:00,0.8,52.5,3.3,1.1,1.1,1.9,1.3,1.5,1.1,1.0,1.1,1.9,1.7,2.0,0.8,1.3,1.2,1.0,1.5,1.0,2.0,2.3,,1.1,1.3,1.2,0.9,1.7,3.2,1.2,1.8,1.8,2.5,2.5,1.3,2.0,2.2,1.7,2.6,1.1,3.5,1.7,2.5,2.5,1.7,1.5,2.5,2.7,2.4,2.4,1.6,1.5,0.7,1.5,2.0,1.0,1.2,1.5,1.5,1.4,1.3,2.6,1.2,1.2,,1.0,1.2,1.2,2.2,2.1,2.0,1.6,1.4,1.2,0.8,2.2,1.1,1.7,1.1,1.8,2.1,2.2,2.0,2.2,1.3,1.3,2.4,2.8,1.1,0.8,1.3,2.4,1.7,1.4,1.3,1.8,2.0,2.3,1.0
2026-07-09 15:00:00,0.9,187.5,3.1,1.3,1.2,1.9,1.4,1.6,1.2,1.1,1.2,2.0,1.8,2.5,0.8,1.5,1.2,1.2,1.7,1.1,2.0,2.0,,1.2,1.8,1.5,1.0,2.0,3.3,1.3,2.3,2.2,2.9,2.7,1.6,2.2,2.3,2.0,2.8,1.1,3.7,2.4,2.8,2.7,1.7,3.2,3.0,2.6,2.2,2.2,1.8,1.6,0.8,1.7,1.4,1.0,1.3,1.5,1.7,1.4,1.4,1237.8,1.3,1.3,,1.0,1.4,1.2,2.2,1.9,1.9,1.4,1.5,1.3,0.9,2.4,1.2,1.8,1.3,2.0,2.1,2.3,1.6,2.0,2.2,1.5,2.3,2.9,1.2,0.9,1.4,2.5,1.7,1.4,1.3,1.8,2.5,1.3,1.4
2026-07-09 16:00:00,1.0,194.2,3.9,1.4,1.3,2.5,1.6,1.7,1.1,1.2,1.3,2.3,2.0,2.0,0.9,1.6,1.4,1.2,2.0,1.2,2.5,2.5,,1.2,1.6,1.0,1.2,2.0,3.5,1.4,2.3,2.1,3.4,3.4,2.0,2.8,2.7,2.2,3.7,1.3,3.9,2.4,3.3,2.6,2.1,1.7,3.2,3.2,2.4,2.9,2.4,1.8,0.9,2.1,1.9,1.4,1.4,1.4,1.9,1.7,1.7,834.6,1.3,1.4,,1.1,1.4,1.5,2.6,2.2,2.2,1.6,1.8,1.4,1.1,2.4,1.3,1.9,1.3,1.9,2.3,2.4,1.7,2.2,2.1,1.5,2.5,2.7,1.3,1.2,1.4,2.8,2.0,1.7,1.8,1.7,3.1,1.4,1.3
2026-07-09 17:00:00,1.1,564.4,3.4,1.4,1.3,4.1,2.0,1.9,1.3,1.4,1.3,2.5,2.3,2.2,1.0,1.7,1.5,1.3,1.8,1.3,2.5,2.6,,1.4,1.8,1.2,1.2,2.2,4.0,1.5,2.3,2.2,3.6,3.0,1.8,2.4,2.6,2.1,3.5,1.4,4.2,2.4,3.5,3.1,2.0,1.9,3.4,3.3,2.6,,2.1,1.9,1.0,1.9,1.6,1.1,1.6,1.8,1.9,1.8,1.7,1400.5,1.5,1.7,,1.1,1.9,1.6,2.9,2.5,2.4,1.7,1.8,1.6,1.1,3.0,1.5,2.0,1.4,2.2,2.5,2.3,1.7,2.2,1.7,1.6,2.5,3.2,1.5,1.1,1.7,2.8,2.2,1.8,1.6,2.0,3.1,1.5,1.3
2026-07-09 18:00:00,1.3,431.4,3.3,1.5,1.8,2.1,2.2,2.1,1.4,1.6,1.7,2.8,2.4,3.1,1.1,1.9,1.6,1.5,1.9,1.5,2.6,2.8,,1.6,2.1,1.3,1.3,2.3,3.7,1.7,2.8,2.9,3.8,3.2,2.3,2.6,2.9,2.5,4.0,1.5,4.6,2.7,3.9,3.3,2.4,2.1,3.7,3.4,2.6,,2.9,2.1,1.1,2.3,1.7,1.3,1.8,1.9,2.3,2.0,1.8,2178.5,1.5,1.8,,1.3,1.6,1.8,3.1,2.6,2.9,1.8,2.2,1.7,1.3,3.3,1.7,2.1,1.6,2.5,2.8,2.6,1.5,2.5,4.1,1.7,2.6,3.3,1.6,1.1,1.7,3.3,2.4,1.9,1.9,1.8,3.4,1.6,1.5
2026-07-09 19:00:00,1.3,13.1,3.7,1.9,1.6,2.1,2.4,2.2,1.5,1.7,1.7,3.0,2.5,4.4,1.5,2.0,1.7,1.6,2.1,1.5,2.7,2.8,,2.8,2.1,1.5,1.5,2.2,3.7,1.8,2.7,2.7,3.9,3.3,2.2,3.6,2.8,2.8,3.7,1.5,4.5,2.6,3.8,3.1,2.4,2.0,3.8,4.4,3.0,,2.8,2.5,1.1,2.5,1.8,1.5,2.0,2.1,2.3,2.0,2.0,721.3,1.7,1.8,,1.4,1.8,1.8,2.9,2.6,2.8,1.7,2.2,1.9,1.3,3.6,1.7,3.4,1.8,2.7,2.8,2.8,1.7,2.6,3.7,1.9,2.8,3.3,1.7,1.1,1.9,3.6,2.5,2.1,1.9,3.4,3.5,2.2,1.7
2026-07-09 20:00:00,1.5,2.3,4.8,2.7,1.7,,2.3,2.8,1.8,2.0,2.0,3.5,3.0,4.5,1.5,2.4,1.9,2.0,2.4,1.7,3.0,3.3,,4.2,2.4,1.7,1.6,3.0,4.8,2.2,3.5,3.5,4.7,4.2,2.8,3.5,3.6,3.1,4.5,1.9,5.2,3.2,4.2,4.0,3.1,2.6,4.5,4.4,3.3,,3.5,2.6,1.3,3.0,2.5,1.3,2.3,2.6,2.6,2.3,2.3,3.3,2.0,2.0,,1.4,2.0,2.1,3.5,3.1,3.3,2.2,2.9,2.1,1.7,4.0,2.1,2.7,2.1,3.0,3.5,3.5,2.4,2.9,4.0,2.3,3.8,3.8,2.0,1.5,2.3,4.2,2.8,2.3,2.4,2.7,4.0,2.0,1.8
2026-07-09 21:00:00,1.7,3.0,4.4,2.1,2.0,2.5,3.0,3.0,2.5,2.1,2.3,3.7,3.3,6.0,1.7,2.9,2.1,2.0,3.1,2.1,3.3,3.4,,2.2,2.7,2.1,2.0,3.3,5.3,2.9,4.6,4.5,4.6,4.3,3.2,3.4,3.8,3.7,4.9,2.1,5.4,3.7,4.3,4.1,3.7,2.9,4.6,4.9,4.0,,4.3,4.0,1.4,3.8,4.7,1.4,2.4,2.6,2.8,2.5,3.4,3.5,2.1,2.3,,2.0,2.2,2.4,4.0,3.3,3.7,2.7,3.2,2.4,1.8,4.4,2.4,3.0,2.4,3.3,3.5,3.9,4.6,3.3,5.9,2.6,4.0,4.2,3.6,1.5,2.7,4.3,3.1,2.5,2.6,3.6,4.4,2.2,2.3
2026-07-09 22:00:00,2.1,2.3,4.2,2.9,2.4,3.1,2.7,3.2,2.1,2.4,2.9,4.4,3.9,5.1,1.9,2.7,2.4,2.1,3.5,2.1,3.8,3.9,,2.3,3.4,2.0,2.2,3.4,5.4,2.5,5.3,5.6,5.6,4.6,3.7,4.1,4.0,3.9,4.7,2.3,5.6,4.8,4.8,4.4,4.1,3.1,5.2,5.4,3.7,3.9,4.7,4.7,1.6,4.1,5.0,1.6,2.5,2.9,3.4,2.8,3.3,3.4,2.4,2.5,,2.4,3.3,2.7,5.0,3.7,3.7,2.7,3.5,2.7,1.9,4.4,2.3,3.3,2.3,4.2,4.0,4.4,3.3,3.9,6.3,2.5,4.4,4.4,2.4,1.6,2.6,5.0,3.6,2.9,3.0,3.3,4.9,2.6,2.6
2026-07-09 23:00:00,1.8,2.1,4.8,3.0,2.0,3.4,3.1,3.9,2.0,2.1,2.3,4.9,4.5,4.0,2.0,2.7,2.6,1.8,2.9,2.0,4.5,4.4,,2.2,3.4,1.7,1.9,3.9,6.4,2.4,5.2,5.1,6.3,5.4,3.3,4.6,4.8,3.5,5.3,2.7,4.8,3.8,5.3,4.7,3.8,3.5,4.8,6.2,4.4,4.2,3.9,3.7,1.8,3.4,2.8,1.9,2.5,3.0,3.8,3.5,2.8,3.6,2.8,2.5,,1.8,2.6,2.8,5.2,4.3,4.1,2.9,3.3,2.9,2.0,4.2,2.3,3.6,2.4,4.4,4.7,5.1,2.9,4.5,3.8,2.9,5.0,4.7,2.2,1.7,2.5,5.6,4.0,3.5,3.3,3.7,5.1,3.1,2.3
2026-07-10 00:00:00,1.7,2.1,4.7,3.1,2.1,3.5,3.1,3.4,1.9,2.0,2.2,5.5,4.9,3.4,2.0,2.6,2.8,1.8,2.8,2.0,4.3,4.6,,2.1,3.9,1.6,1.8,4.4,6.1,2.5,5.5,5.4,6.7,5.6,3.4,5.1,4.6,3.4,5.1,2.7,4.9,4.3,5.3,4.5,3.7,3.7,4.9,6.0,3.9,4.2,4.2,3.7,1.9,3.4,2.9,1.8,2.4,3.7,4.1,3.3,2.7,4.1,2.6,2.5,,1.7,2.2,2.8,6.0,4.2,4.1,3.1,3.3,3.2,2.1,4.3,2.3,3.7,2.4,4.9,5.2,4.5,3.1,5.2,5.4,2.9,5.0,4.7,2.1,1.9,2.4,6.3,4.4,3.7,3.4,3.8,5.7,3.9,2.2
2026-07-10 01:00:00,1.7,2.2,4.4,3.0,1.9,3.4,3.1,3.5,1.9,2.1,2.2,5.4,4.9,3.8,2.0,2.8,2.7,1.7,3.1,1.8,4.4,4.9,,2.0,3.8,1.6,2.2,3.4,5.8,2.4,4.2,4.1,6.6,5.5,3.6,4.6,4.5,3.7,4.7,2.7,5.0,3.8,5.2,4.1,3.6,3.4,4.6,6.2,3.5,3.7,4.3,4.2,1.9,3.2,3.0,1.8,3.0,3.2,4.2,3.4,3.3,4.0,2.7,2.6,,1.7,2.6,2.7,5.8,4.3,3.7,2.8,3.2,3.4,1.9,3.9,2.3,3.8,2.5,4.4,5.3,4.2,2.6,4.8,6.2,2.5,4.7,4.7,2.0,1.8,2.4,5.5,4.4,3.8,3.5,3.6,5.5,3.5,2.5
2026-07-10 02:00:00,1.7,2.0,3.5,2.4,1.8,2.7,2.9,3.0,2.1,2.1,2.1,4.1,3.9,3.7,1.5,3.1,2.6,1.8,3.3,1.9,3.8,3.7,,2.6,2.9,1.5,2.4,3.3,5.4,2.9,3.8,3.7,5.0,4.6,3.8,3.5,4.2,3.9,4.8,2.5,5.8,3.5,4.6,3.9,3.7,3.4,4.8,5.4,3.2,3.2,4.8,3.4,1.7,3.3,2.4,1.7,3.5,3.1,3.5,3.0,3.2,3.0,2.3,2.7,,1.5,3.2,2.8,4.4,3.8,3.7,2.7,3.3,2.8,2.0,3.8,2.8,3.2,3.0,3.1,4.0,3.9,2.2,3.6,6.8,2.4,4.3,4.4,2.0,1.7,3.2,4.2,3.6,3.1,3.2,2.8,4.0,2.7,2.8
2026-07-10 03:00:00,2.1,2.4,2.9,1.9,2.0,2.2,2.3,2.5,2.2,2.5,2.5,3.4,3.0,2.6,1.4,2.3,2.0,2.0,2.9,2.3,2.8,2.9,,2.5,2.3,1.7,2.1,2.7,4.5,2.5,3.0,2.9,4.0,3.6,3.0,2.8,3.3,3.3,3.9,1.9,5.0,3.0,4.0,3.3,3.1,2.8,3.6,4.4,2.7,2.7,3.4,3.2,1.4,2.7,2.2,1.3,2.2,2.3,2.7,2.4,3.0,2.4,2.0,2.4,,1.8,2.1,2.5,3.5,3.0,2.9,2.1,2.7,2.3,1.6,4.3,2.4,2.6,2.2,2.6,3.2,3.2,1.8,2.9,7.5,2.0,3.5,3.8,2.2,1.3,2.8,3.5,2.8,2.4,2.4,2.5,3.2,2.1,2.5
2026-07-10 04:00:00,1.6,1.8,3.1,1.9,1.8,2.1,2.2,2.4,1.8,1.8,2.0,3.3,3.1,2.7,1.4,2.1,1.9,1.7,2.6,1.7,2.9,2.8,,1.9,2.2,1.7,1.7,2.5,4.2,2.1,3.0,2.9,4.0,3.5,2.8,2.8,3.1,2.8,3.4,,4.0,2.7,4.1,3.1,2.8,2.5,3.5,4.2,2.5,2.5,3.2,3.1,1.3,2.4,2.0,1.2,2.1,2.3,2.6,2.3,2.5,2.4,2.0,1.9,,1.7,2.0,2.0,3.5,2.8,2.6,1.9,2.4,2.2,1.4,4.0,1.9,2.4,1.9,2.7,3.1,2.8,1.8,2.9,4.6,1.8,3.4,3.7,2.0,1.2,2.1,3.5,2.7,2.3,2.3,2.8,3.1,2.1,1.9
2026-07-10 05:00:00,1.6,2.0,3.2,1.9,1.9,2.3,2.3,2.5,2.0,2.0,2.1,3.3,3.1,2.9,1.4,2.3,2.0,1.9,2.6,1.9,3.0,2.9,,2.1,2.3,1.7,1.9,2.6,4.3,2.2,3.1,3.0,4.6,3.6,3.1,3.0,3.3,3.2,3.6,,4.4,2.9,4.3,3.2,3.1,2.7,4.0,4.3,2.7,2.6,3.9,2.9,1.4,2.6,2.2,1.3,2.3,2.4,2.8,2.7,3.2,2.7,2.1,2.1,,1.8,2.0,2.2,3.6,2.9,2.8,2.1,2.6,2.3,1.6,4.1,2.0,2.6,2.1,2.7,3.2,2.9,1.9,3.1,4.1,2.0,3.5,3.7,2.1,1.3,2.3,3.6,2.8,2.4,2.4,2.6,3.3,2.1,2.1
2026-07-10 06:00:00,1.6,2.1,3.7,2.0,1.9,2.4,2.4,2.5,2.0,2.0,2.2,3.7,3.3,3.0,1.5,2.5,2.1,1.9,2.9,2.0,3.1,,,2.2,2.4,1.8,1.9,2.7,4.6,2.4,3.4,3.1,4.7,4.1,3.1,3.3,3.6,3.3,4.4,2.1,5.0,3.2,4.4,3.6,3.0,2.8,4.3,4.6,2.8,2.7,3.6,3.6,1.4,2.6,2.4,1.3,2.4,2.5,2.8,2.5,2.8,2.8,2.2,2.1,,1.8,2.2,2.3,4.0,3.0,2.9,2.2,2.6,2.3,1.7,4.2,2.2,2.6,2.2,2.9,3.4,3.1,2.0,3.3,6.8,2.0,3.6,4.1,2.3,1.4,2.4,4.0,3.0,2.5,2.5,2.8,3.8,2.2,2.1
2026-07-10 07:00:00,1.8,2.2,4.2,2.2,2.0,2.6,2.5,2.6,2.0,2.1,2.3,4.0,3.7,3.2,1.5,2.8,2.2,2.1,2.8,2.1,4.4,,,2.8,2.7,2.1,2.0,2.8,5.0,2.4,3.7,3.2,5.5,4.7,3.0,3.8,4.0,3.8,4.6,2.2,5.8,3.3,4.6,4.3,3.1,2.9,4.5,5.5,2.9,2.9,3.6,4.2,1.6,2.7,2.5,1.5,2.5,2.6,3.1,2.8,2.9,3.1,2.3,2.4,,2.0,2.2,2.3,4.5,3.3,3.7,2.4,2.7,2.4,1.7,4.3,2.3,2.7,2.4,3.4,3.9,3.4,2.0,3.7,4.6,2.2,3.7,4.2,2.3,1.9,2.5,4.6,3.4,2.6,2.7,3.4,4.4,2.4,2.3
2026-07-10 08:00:00,1.9,2.3,4.6,2.4,2.1,3.1,2.8,2.8,2.0,2.2,2.5,4.5,4.3,3.0,1.6,2.7,2.5,2.0,3.2,2.1,4.5,,,2.3,3.2,2.3,1.9,3.0,5.3,2.4,3.9,3.6,5.9,5.2,3.0,5.0,4.4,3.5,4.7,2.5,5.7,3.8,5.0,4.2,3.5,3.2,4.6,5.8,3.2,3.5,3.7,3.4,1.7,2.9,2.9,1.6,2.5,2.7,3.5,3.2,3.0,3.7,2.3,2.7,,2.0,2.4,2.4,5.2,3.8,3.6,2.6,2.9,2.9,1.8,4.3,2.3,3.1,2.3,4.1,4.4,3.5,2.4,4.5,3.5,2.4,4.0,4.7,2.2,1.7,2.4,5.3,4.1,3.3,2.9,3.0,4.7,2.9,2.2
2026-07-10 09:00:00,1.8,17.9,4.6,2.2,2.1,7.5,3.1,2.9,1.9,2.1,2.3,4.2,4.5,3.0,1.5,2.7,3.0,1.9,3.0,2.0,4.4,4.0,,2.1,3.4,2.9,1.8,3.4,5.7,2.3,4.3,3.9,5.2,4.9,3.1,4.9,4.4,3.5,5.3,2.5,5.8,4.2,5.0,4.7,3.9,3.5,4.7,5.7,3.6,3.6,4.2,3.1,1.9,3.2,3.4,1.7,2.3,2.7,3.8,3.4,2.9,3.7,2.3,2.8,,1.9,2.5,2.5,4.6,3.7,4.1,2.8,2.9,3.1,1.9,4.0,2.1,3.5,2.2,3.9,4.0,3.9,3.5,4.6,3.6,2.6,4.2,4.6,2.1,1.9,2.2,5.0,4.3,3.5,2.7,2.9,4.3,3.1,2.2
2026-07-10 10:00:00,1.7,246.2,4.8,2.0,2.0,4.8,2.6,3.2,1.9,2.1,2.3,3.7,3.8,2.9,1.5,2.7,2.3,1.9,2.9,1.9,3.6,4.5,,2.1,3.0,2.4,2.1,3.1,5.3,2.3,3.6,3.3,5.0,4.3,3.1,3.9,3.9,3.6,4.6,2.2,5.8,3.4,4.6,4.1,4.3,3.1,4.5,4.8,3.2,3.3,3.7,3.0,1.8,3.0,2.3,1.6,2.3,2.6,3.3,3.0,3.0,3.4,2.2,2.7,,1.8,2.3,2.7,3.9,3.4,3.8,2.5,3.0,2.9,1.9,4.1,2.1,3.2,2.2,3.2,3.6,3.5,2.0,3.7,2.5,2.5,3.9,4.8,2.1,1.6,2.4,4.2,3.5,3.1,2.4,2.4,4.1,2.9,2.4
2026-07-10 11:00:00,1.6,362.8,4.7,2.2,2.0,3.3,2.5,2.5,2.1,2.0,2.2,3.7,3.8,,1.7,2.5,2.3,1.8,2.8,1.9,3.5,4.0,,2.0,3.4,1.9,1.8,3.3,5.6,2.2,4.0,3.5,5.4,5.0,3.1,4.0,4.2,3.5,5.8,2.2,5.2,3.6,4.7,4.7,4.0,3.0,4.9,5.5,3.4,3.7,3.8,2.9,1.6,2.9,2.9,1.6,2.3,2.5,3.6,2.8,2.6,3.6,2.1,2.4,,1.8,2.2,2.5,4.1,3.6,4.3,3.0,2.8,2.9,1.8,4.2,2.0,3.1,2.0,3.0,3.8,3.6,2.3,3.7,3.5,2.5,4.3,4.3,2.0,1.6,2.2,4.3,3.6,3.2,2.6,2.7,4.8,2.7,2.2
2026-07-10 12:00:00,1.4,174.6,5.4,1.7,6.1,5.2,2.5,2.8,1.8,1.9,2.1,3.5,4.0,2.7,1.3,2.2,2.4,1.8,2.5,1.7,4.4,6.4,,1.8,3.0,1.6,1.7,2.9,5.3,2.1,3.2,3.0,4.6,4.5,2.9,4.2,4.0,3.1,4.9,2.7,5.2,3.5,5.3,5.0,3.2,3.6,5.0,5.5,3.4,3.5,3.5,2.6,1.6,2.8,2.4,1.8,1.8,2.2,3.3,2.9,2.5,20.9,1.9,2.5,,1.6,1.8,2.6,4.0,3.6,4.0,2.8,2.7,2.9,2.0,3.4,1.9,3.2,2.0,3.0,3.4,3.1,2.3,3.5,2.0,2.5,4.2,4.6,1.8,1.6,2.1,4.0,3.7,3.2,2.2,1.9,3.8,2.5,2.1
2026-07-10 13:00:00,1.3,164.1,3.6,1.7,1.6,2.4,2.0,2.3,1.5,1.6,1.8,3.0,3.0,2.8,1.2,1.9,1.8,1.6,2.1,1.5,2.9,4.0,,1.8,2.3,1.6,1.3,2.4,4.2,1.7,2.7,2.6,3.9,3.8,2.2,3.4,3.2,2.5,3.6,1.8,4.3,2.5,3.9,3.6,2.6,2.6,3.3,4.2,2.7,2.9,2.8,2.4,1.2,2.2,1.8,1.2,1.9,2.1,2.5,2.1,1.9,99.1,1.7,1.9,,1.4,2.1,2.0,3.3,3.0,3.5,2.1,2.1,2.0,1.2,3.2,1.6,2.4,1.6,2.6,2.8,2.7,1.9,2.8,2.1,1.9,3.2,4.3,1.7,1.2,1.8,3.8,2.8,2.2,1.8,1.9,3.1,2.2,1.6
2026-07-10 14:00:00,1.2,205.1,3.4,1.9,1.5,2.2,2.0,2.3,1.4,1.6,1.6,2.9,2.7,2.5,1.3,1.9,1.8,1.5,2.2,1.6,2.8,3.6,,1.5,2.0,1.9,1.5,2.5,4.3,1.7,2.9,2.7,3.7,3.6,2.4,8.9,3.1,2.6,3.7,1.8,5.3,2.8,4.2,4.0,3.0,2.4,4.2,4.1,2.9,2.9,2.9,2.3,1.1,2.4,2.4,1.2,1.6,2.1,2.6,2.3,1.9,457.2,1.8,2.0,,1.5,2.1,1.8,3.2,2.9,3.8,2.2,2.2,2.0,1.3,3.1,1.6,2.3,1.5,2.4,3.3,2.7,1.9,2.8,2.0,2.0,3.2,4.1,1.6,1.4,1.8,3.4,2.6,2.2,2.0,1.8,3.0,1.7,1.8
2026-07-10 15:00:00,1.3,556.0,5.1,2.1,1.7,3.6,2.0,2.7,1.5,1.7,1.8,3.2,3.0,4.0,1.4,2.2,1.7,1.6,2.4,1.6,3.0,5.0,,2.0,2.2,1.5,1.5,2.8,5.2,1.9,4.3,4.1,6.4,4.4,3.0,3.8,3.5,3.2,4.2,1.8,5.1,3.9,4.6,4.2,3.7,2.6,5.1,5.0,3.0,3.2,3.4,3.0,1.1,3.0,2.6,1.3,2.0,2.2,2.5,2.1,2.6,199.2,2.2,2.0,,1.5,2.4,2.0,3.6,2.9,3.3,2.2,2.7,2.0,1.6,3.3,1.8,2.3,1.8,2.8,4.3,3.4,2.3,2.9,2.4,2.1,3.8,3.9,1.6,1.5,2.0,3.8,2.8,2.2,2.5,2.1,4.5,2.0,2.1
2026-07-10 16:00:00,1.3,361.0,3.9,1.9,1.7,2.9,2.0,2.7,1.5,1.8,1.8,3.1,3.2,3.5,1.2,1.9,1.9,1.5,2.2,1.5,2.9,2.9,,1.6,2.6,1.2,1.4,2.8,4.7,1.8,3.2,3.0,5.1,4.5,2.5,3.6,3.5,3.0,4.2,2.0,5.1,3.0,4.4,4.4,3.2,2.8,4.3,4.6,3.1,,2.8,2.5,1.2,2.5,1.8,1.2,1.7,2.0,2.6,2.2,2.1,4.2,1.7,1.9,,1.4,1.9,2.0,3.3,2.9,3.1,2.3,2.4,2.1,1.5,3.5,1.6,2.5,1.6,2.8,3.1,3.1,2.0,3.3,3.9,2.2,3.5,3.8,1.7,1.2,1.8,3.9,2.9,2.4,2.0,1.7,3.7,2.1,1.6
2026-07-10 17:00:00,1.1,80.4,3.8,1.8,1.5,3.8,1.6,2.4,1.2,1.3,1.4,3.3,2.9,2.4,1.2,1.7,1.5,1.2,1.7,1.2,2.6,3.3,,1.3,2.3,1.4,1.4,2.4,4.7,1.4,3.4,2.9,4.8,4.2,1.8,3.1,3.7,2.3,4.1,1.8,6.4,2.3,4.3,3.0,1.8,2.0,4.0,4.8,2.7,,2.5,2.6,1.0,1.8,1.8,1.3,2.1,1.9,2.4,2.0,1.5,4.0,1.7,1.4,,1.3,1.5,1.8,3.4,2.8,2.6,1.8,1.7,1.7,1.1,2.6,1.5,2.1,1.3,3.0,3.2,3.1,1.8,3.0,2.9,1.8,3.6,3.9,1.3,1.0,1.5,3.9,2.7,2.1,2.2,2.2,3.8,2.0,1.5
2026-07-10 18:00:00,1.1,10.4,2.7,1.4,1.5,1.7,1.5,2.1,1.3,1.3,1.5,2.4,2.7,2.4,1.0,1.7,1.4,1.5,2.0,1.3,2.6,2.4,,1.4,1.8,1.3,1.6,2.4,5.2,1.9,2.8,2.5,3.3,3.7,2.2,2.8,3.0,3.2,4.0,1.7,6.9,2.9,4.3,4.2,2.3,2.1,5.1,3.9,3.0,,3.3,2.5,0.8,2.0,1.5,1.1,1.6,1.6,2.0,1.7,1.8,2.2,1.4,1.5,,1.0,1.4,1.6,2.3,2.9,2.7,2.2,1.9,1.2,1.2,3.1,1.5,1.4,1.5,1.9,2.3,2.9,1.9,2.2,1.8,1.7,3.4,3.5,1.6,0.9,1.7,2.8,2.2,1.8,1.4,1.6,2.7,1.8,1.5
2026-07-10 19:00:00,1.1,4.0,3.0,1.6,1.9,1.8,,2.1,1.5,1.4,1.5,2.8,3.0,2.3,1.2,1.9,1.9,1.9,2.2,1.5,2.7,2.6,,1.6,1.9,1.4,1.6,2.5,4.7,2.0,3.1,2.8,4.0,3.7,2.5,2.9,3.4,2.9,4.3,2.0,6.7,3.0,3.8,4.3,2.6,2.6,4.8,5.8,3.3,,3.1,3.4,1.2,2.4,2.0,1.1,1.8,2.1,2.6,2.1,1.9,2.0,1.9,2.1,,1.1,1.9,2.1,2.9,2.8,3.0,2.2,2.1,1.8,1.3,3.4,1.7,2.0,1.6,2.4,2.8,3.0,1.9,2.5,2.0,1.8,3.9,3.4,1.7,1.3,1.9,3.2,2.8,2.0,2.0,2.0,3.3,1.6,
2026-07-10 20:00:00,1.4,2.7,2.7,1.7,2.2,1.7,1.9,,1.6,1.7,1.9,2.9,2.9,2.3,1.2,1.9,1.7,1.5,2.2,1.6,2.6,2.9,,1.8,1.8,1.4,1.5,2.3,4.9,2.1,2.9,2.5,4.3,3.6,2.4,2.7,3.2,2.9,3.9,2.0,4.7,3.1,3.8,3.8,2.4,2.4,4.4,5.8,3.1,,3.1,3.4,1.1,2.5,2.9,1.2,1.6,1.8,2.5,2.1,1.9,,1.6,1.8,,1.5,2.3,1.8,3.0,2.7,3.4,1.9,2.2,1.9,1.2,3.4,1.7,2.1,1.7,2.4,2.9,2.6,1.6,2.7,1.8,1.6,3.4,3.7,1.8,1.3,2.0,3.5,2.7,2.0,1.9,1.8,3.3,1.5,1.7
2026-07-10 21:00:00,1.3,3.9,2.7,1.8,1.7,2.0,1.9,2.5,1.7,1.7,1.9,3.0,2.8,3.0,1.5,2.0,1.6,1.8,2.2,1.8,2.6,2.9,,2.1,1.9,1.7,1.6,2.4,5.0,2.3,3.5,3.2,4.4,4.5,2.5,2.9,3.7,2.9,4.1,2.2,,3.2,3.8,4.2,2.6,2.4,4.6,4.9,,,3.2,3.1,1.0,2.5,4.1,1.3,2.0,2.4,2.4,2.1,2.0,3.6,2.0,2.2,,1.5,1.9,2.0,3.3,2.8,3.0,,2.1,1.7,1.3,3.7,1.9,1.9,1.9,2.7,3.1,2.9,2.0,2.6,2.2,1.8,3.9,3.7,1.9,1.1,2.2,3.5,2.7,2.1,2.8,2.2,3.4,1.7,1.6
2026-07-10 22:00:00,2.0,2.9,3.0,1.9,2.4,2.5,2.6,2.5,2.1,2.6,2.6,3.5,3.8,3.2,1.5,2.6,2.2,2.4,3.2,2.7,3.3,3.6,,2.5,2.5,2.3,2.1,3.2,5.5,3.3,4.0,3.7,4.9,4.8,3.8,3.7,4.3,4.3,5.1,2.6,8.0,5.3,4.6,5.4,4.1,3.6,6.2,5.8,4.3,4.4,4.3,3.6,1.5,3.3,3.9,1.5,2.5,2.8,3.1,2.9,3.2,2.8,2.4,3.5,,2.3,2.7,2.7,3.6,3.4,3.9,2.5,3.1,2.5,1.9,4.5,2.7,2.7,2.6,2.8,3.4,3.5,2.1,3.2,2.6,2.3,4.6,4.4,2.7,1.6,2.9,3.8,3.4,2.8,2.5,2.8,3.8,2.2,2.4
2026-07-10 23:00:00,2.6,3.4,3.9,2.3,2.7,3.0,3.2,3.0,2.4,3.2,3.5,4.3,4.2,3.9,2.0,3.2,2.7,2.8,3.7,3.2,3.6,4.8,,3.0,2.8,3.1,2.6,3.6,6.4,3.9,4.9,4.6,5.9,5.9,4.4,4.3,5.0,4.5,5.7,3.0,6.4,5.1,4.9,5.8,4.6,4.3,6.3,6.4,4.5,4.4,5.1,4.5,1.9,3.9,3.2,1.8,3.2,3.6,3.5,3.4,3.3,3.6,2.9,3.8,,2.5,3.4,3.8,4.3,4.1,4.1,2.9,3.5,2.9,2.3,4.7,3.1,3.3,3.0,4.7,4.0,4.0,2.6,3.9,3.4,2.7,5.7,4.6,3.2,1.8,3.3,4.6,3.7,3.1,3.0,3.0,4.6,2.6,3.0
2026-07-11 00:00:00,2.8,3.6,4.7,2.8,2.7,3.4,3.5,4.0,3.2,3.5,3.2,4.9,4.9,4.4,2.1,3.8,3.1,3.1,4.4,3.3,4.4,4.6,,3.6,3.0,2.7,3.2,4.3,7.8,4.6,6.1,5.5,6.3,6.5,5.1,4.7,5.8,5.8,6.5,3.3,6.9,5.8,5.5,6.4,5.4,4.7,6.7,6.9,5.0,4.7,5.6,5.4,2.1,4.1,4.2,2.0,4.2,4.5,4.1,3.5,3.7,4.0,3.1,3.6,,2.7,3.4,4.2,4.8,4.5,4.4,3.3,4.0,3.4,2.6,5.6,3.5,3.6,3.6,3.6,4.8,4.6,3.2,4.5,3.9,3.2,6.3,4.9,3.5,2.1,3.9,5.1,4.4,3.6,3.4,3.4,5.5,2.8,3.4
2026-07-11 01:00:00,2.8,3.9,5.1,3.2,3.3,4.3,3.8,5.0,3.5,4.6,3.7,5.3,5.7,4.7,2.4,4.2,3.4,3.1,4.9,3.7,5.2,4.9,,3.6,3.7,2.8,3.4,4.9,7.8,4.9,6.4,6.1,7.0,6.7,5.9,5.9,7.0,6.0,7.0,3.8,7.4,6.2,6.3,6.8,6.1,5.6,7.4,7.8,5.5,5.2,6.2,6.0,2.4,4.4,4.5,2.6,4.5,4.2,4.5,4.1,3.9,4.2,3.6,3.8,,3.2,4.1,4.3,5.6,5.5,5.0,3.7,4.5,3.7,3.0,6.0,3.7,4.0,3.9,4.4,5.4,5.2,5.7,5.1,3.8,3.7,6.8,5.6,3.5,2.4,3.9,5.9,4.8,3.9,3.9,3.9,6.4,3.3,3.5
2026-07-11 02:00:00,3.1,4.4,5.7,4.1,3.7,4.4,4.5,5.3,3.5,4.8,4.1,6.3,7.3,5.8,2.9,4.6,3.9,3.9,5.3,4.3,6.8,5.9,,4.5,4.3,3.3,3.6,5.5,8.6,6.0,7.0,6.7,8.0,7.5,6.4,6.7,8.0,6.5,8.2,5.4,7.2,6.6,8.5,7.3,6.7,6.4,7.4,8.3,6.1,6.1,6.7,6.3,2.7,4.9,4.4,3.1,4.2,5.1,5.4,4.8,4.5,5.0,4.2,4.5,,3.7,3.9,5.2,6.5,6.7,6.0,4.3,5.3,5.2,3.1,6.4,4.4,5.4,4.6,5.3,6.2,6.6,5.3,5.9,5.0,4.2,7.9,7.1,4.1,2.6,4.6,6.8,6.0,4.8,4.8,4.4,7.2,3.7,4.4
2026-07-11 03:00:00,4.1,5.5,6.4,4.6,4.5,5.8,4.9,5.8,3.7,5.6,5.5,6.7,7.7,6.5,3.5,5.1,4.2,4.5,5.6,5.3,7.0,6.7,,5.1,5.4,3.7,4.1,6.1,9.9,6.9,8.2,7.7,8.6,8.4,6.8,7.7,9.3,7.0,8.8,5.8,7.6,7.0,8.9,7.6,7.0,6.8,7.7,10.0,6.6,6.3,7.0,7.0,3.1,5.1,5.4,4.0,5.1,6.0,6.5,5.5,4.8,5.8,5.4,5.6,,4.6,4.9,6.6,6.9,6.9,6.2,4.5,5.4,8.4,3.5,6.6,4.8,7.1,4.8,5.8,6.7,7.1,5.6,6.7,6.3,4.4,8.8,7.1,4.7,2.7,4.9,7.2,6.9,5.5,5.5,5.5,7.6,4.8,4.6
2026-07-11 04:00:00,5.2,6.5,7.3,6.3,4.6,7.6,6.8,6.9,6.4,6.2,6.3,7.9,10.5,7.9,5.0,6.3,6.4,6.3,6.6,6.5,10.3,7.7,,6.7,7.2,5.4,5.6,8.7,14.4,7.6,10.5,9.8,10.4,9.7,8.2,9.7,12.2,8.1,13.7,10.8,8.9,8.7,13.3,10.9,8.2,7.4,9.7,11.7,9.7,9.4,8.9,9.0,3.5,6.5,7.1,5.9,6.8,7.5,8.3,7.6,6.2,7.1,7.0,7.5,,5.1,6.6,7.0,8.4,9.9,8.9,7.5,6.5,6.3,4.1,9.0,6.2,7.1,6.3,7.1,7.8,9.8,7.5,7.9,7.3,7.2,12.3,11.5,6.5,3.7,6.5,8.7,8.9,7.1,6.8,6.9,9.3,6.5,5.5
2026-07-11 05:00:00,5.6,6.7,8.6,7.0,6.4,8.9,9.5,7.3,5.9,6.4,6.7,8.4,11.1,8.2,6.0,6.3,9.2,5.6,7.5,6.3,11.1,8.5,,6.3,8.1,6.0,6.6,9.9,14.5,7.5,10.0,9.0,11.6,10.7,9.5,10.1,14.7,8.5,14.9,13.1,9.8,12.4,14.8,14.2,9.3,9.6,13.1,13.4,10.7,10.5,11.3,8.6,6.1,9.0,7.2,6.6,6.9,7.6,9.6,9.9,6.3,7.6,6.6,8.0,,6.2,6.6,7.5,9.1,10.6,11.8,10.0,8.6,8.9,5.2,9.1,6.5,8.9,6.3,7.5,8.5,10.3,8.1,8.5,6.4,9.4,14.3,12.9,6.1,6.7,6.4,9.2,10.4,8.6,7.4,6.7,10.4,7.2,6.5
2026-07-11 06:00:00,4.1,6.5,7.8,7.2,6.0,8.0,9.1,8.0,6.1,5.5,5.3,8.1,9.8,8.3,6.5,6.6,9.9,6.3,7.6,6.0,9.4,8.5,,6.6,7.3,6.5,6.3,9.0,13.5,8.1,9.9,8.8,11.4,10.1,11.4,9.0,12.6,9.8,16.4,11.4,10.3,9.7,12.4,15.4,12.6,13.5,10.5,11.6,10.6,10.5,8.9,8.3,9.0,8.1,7.4,5.3,7.0,7.6,8.5,9.1,7.2,7.2,6.4,7.0,,5.9,6.6,7.3,9.0,9.0,11.9,10.3,10.6,9.2,6.4,9.3,6.9,8.8,6.6,7.5,8.4,9.3,7.1,8.1,6.4,9.0,13.6,10.9,6.5,8.3,6.5,9.1,9.4,7.9,7.4,6.7,10.2,6.3,6.5
2026-07-11 07:00:00,4.4,6.6,7.7,6.2,6.1,7.5,6.8,7.4,5.3,6.0,6.0,7.6,8.3,7.6,5.2,6.3,7.1,5.3,7.7,6.2,7.9,8.1,,6.0,6.7,5.3,6.7,8.3,13.1,7.4,9.8,8.6,10.4,10.3,9.3,8.5,13.7,10.1,12.9,8.9,10.1,8.7,10.1,11.6,10.5,10.9,9.9,11.9,8.5,8.5,8.2,8.3,5.7,6.9,7.6,5.3,6.5,7.3,6.9,6.8,7.1,7.3,6.3,7.1,,6.1,6.2,8.0,8.5,7.8,9.8,8.0,8.4,6.6,6.8,8.7,6.3,6.7,6.2,7.5,8.0,8.5,6.5,8.0,6.0,7.2,12.9,9.5,5.6,4.9,6.2,8.8,7.6,6.5,6.9,6.4,9.6,6.0,7.0
2026-07-11 08:00:00,3.7,5.1,7.3,5.5,4.4,6.2,7.2,7.0,4.5,4.8,5.0,7.2,7.9,6.6,4.5,5.6,7.7,5.3,6.5,5.2,7.6,7.4,,5.5,6.2,7.3,5.0,6.7,10.9,6.9,8.4,7.5,9.8,9.8,9.1,7.9,11.6,7.9,11.8,10.2,8.4,8.6,9.6,10.1,9.8,9.2,10.1,11.0,7.5,7.6,8.3,7.8,6.0,6.9,6.5,4.4,5.8,6.5,6.8,7.0,5.7,6.6,5.0,7.1,,4.8,5.6,8.1,7.9,7.5,8.9,7.9,8.3,6.6,6.8,7.6,6.0,6.4,5.6,6.7,7.4,7.2,5.6,7.3,4.9,6.0,10.8,9.1,5.8,5.8,5.6,8.2,7.3,6.3,6.5,5.8,8.6,5.3,5.7
2026-07-11 09:00:00,4.0,5.9,6.8,4.3,5.1,6.6,6.9,6.4,4.3,5.5,5.4,6.7,8.9,6.2,3.3,5.3,5.6,5.1,6.4,5.8,8.1,7.2,,5.3,6.1,4.8,4.7,6.3,9.6,6.9,8.2,7.4,8.5,9.9,8.1,8.2,10.8,7.5,8.8,8.8,8.5,10.6,11.2,8.2,8.3,8.3,11.5,11.3,6.1,6.3,9.0,7.2,4.8,7.6,5.5,4.1,5.0,6.0,7.3,7.4,5.2,6.5,4.3,5.7,,5.6,5.0,6.7,6.9,7.8,6.7,5.6,7.0,7.1,4.6,7.1,5.9,7.0,5.5,5.8,6.5,6.4,4.5,7.0,4.6,4.9,8.8,9.2,5.2,4.0,5.5,7.2,8.0,6.7,5.5,5.0,7.4,5.4,5.5
2026-07-11 10:00:00,4.1,4.9,6.0,3.6,4.9,5.2,5.7,5.2,3.5,4.9,5.5,5.8,8.5,5.2,2.8,4.5,4.3,3.7,5.4,4.6,8.0,6.0,,4.0,5.3,3.7,4.0,5.3,8.0,5.4,6.7,6.0,7.4,8.1,7.5,7.4,8.5,6.8,7.6,6.6,7.7,8.0,10.0,7.4,7.5,9.1,9.6,9.9,5.3,5.5,6.9,6.0,4.0,6.7,4.5,3.5,4.2,4.9,7.2,6.6,4.8,4.9,3.5,5.4,,5.1,4.0,5.5,6.1,7.6,5.7,4.3,6.5,6.2,3.6,5.7,4.4,6.9,4.2,5.1,6.1,5.4,3.7,5.8,3.7,4.4,7.5,7.9,3.7,3.0,4.4,6.7,7.8,6.5,4.7,4.0,6.6,4.1,4.7
2026-07-11 11:00:00,2.5,3.6,5.2,2.9,3.2,3.6,4.4,3.8,2.6,3.3,3.8,5.3,6.1,4.1,2.2,3.4,3.8,2.7,4.4,3.2,5.4,5.0,,3.1,3.7,2.7,2.8,3.9,7.0,4.4,5.2,4.5,6.6,6.3,5.5,5.7,6.7,5.7,6.6,4.9,6.4,5.4,6.5,6.2,5.8,5.8,6.7,7.3,4.7,4.8,5.0,4.6,2.9,4.1,3.8,2.2,3.1,3.8,5.4,5.1,3.5,4.5,2.8,3.8,,3.2,3.2,4.2,5.6,5.4,5.3,3.9,4.7,4.8,3.0,5.0,3.4,5.5,3.2,4.8,5.5,4.6,3.3,5.1,3.0,3.2,6.4,5.9,2.7,2.5,3.5,6.4,5.8,4.5,3.4,3.1,5.6,3.2,3.5
2026-07-11 12:00:00,1.6,2.5,4.0,2.3,2.2,2.5,3.0,3.0,2.0,2.4,2.5,4.1,4.4,3.3,1.8,2.8,2.8,2.1,3.6,2.4,4.0,3.8,,2.2,2.8,2.2,2.1,3.2,5.3,3.0,3.8,3.6,5.0,5.4,3.8,3.9,5.5,4.1,4.7,3.0,5.8,4.4,5.1,5.0,4.0,4.0,5.8,6.2,3.4,3.5,3.9,3.6,2.0,3.4,2.9,1.9,2.6,3.1,3.9,3.2,2.7,3.9,2.4,2.7,,2.2,2.5,2.9,4.2,4.2,3.7,2.8,3.3,3.1,2.1,4.2,2.5,3.6,2.4,3.6,4.0,3.3,2.1,3.8,2.7,2.6,4.7,4.8,2.3,1.9,2.5,5.0,4.1,3.2,2.7,2.8,3.8,2.6,2.7
2026-07-11 13:00:00,1.5,2.1,3.8,2.2,2.1,2.3,2.4,3.0,2.0,2.0,2.1,3.5,3.5,3.6,1.7,2.3,1.9,2.1,2.5,1.9,3.4,4.0,,2.0,2.4,1.7,1.6,2.5,4.5,2.5,3.1,2.9,4.8,4.6,2.8,3.5,4.2,3.2,4.0,2.2,4.3,3.4,4.5,3.8,2.9,2.9,4.6,5.5,2.9,3.0,3.0,3.1,1.4,2.8,2.9,1.5,2.4,2.9,3.2,2.4,2.3,5.7,2.5,2.0,,1.8,2.3,1.9,3.7,3.6,3.2,1.9,2.5,2.3,1.6,4.2,2.2,2.8,2.1,3.1,4.0,3.0,2.1,3.2,2.4,1.9,3.8,4.3,2.2,1.4,2.4,4.5,3.5,2.7,2.8,2.4,3.6,2.1,2.0
2026-07-11 14:00:00,1.3,2.3,3.4,2.0,1.8,2.8,2.5,2.6,1.8,1.8,2.0,3.3,3.1,2.7,1.4,2.2,1.9,1.7,2.4,1.6,3.3,3.1,,1.8,2.4,1.5,1.4,2.5,4.1,1.8,2.6,2.4,3.9,3.9,2.7,3.1,4.0,2.7,3.8,2.1,4.2,2.9,4.3,3.5,2.8,2.5,4.1,5.2,2.8,2.9,2.6,3.0,1.3,2.7,3.0,1.5,1.9,2.3,2.9,2.6,2.2,5.1,2.6,2.0,,1.7,1.8,1.9,3.7,3.7,2.9,2.1,2.5,2.3,1.5,3.7,1.9,2.6,1.9,3.2,3.6,2.8,1.9,3.1,2.1,2.1,3.5,4.4,1.9,1.3,2.0,4.5,3.2,2.5,2.4,2.2,3.1,2.1,1.8
2026-07-11 15:00:00,1.2,2.0,4.3,1.8,1.5,4.1,2.2,2.4,1.7,1.9,1.8,3.2,2.7,2.2,1.3,2.4,1.9,1.7,2.4,1.7,3.8,3.1,,1.7,2.5,1.4,1.3,2.8,4.3,2.0,2.8,2.4,3.7,3.8,3.0,3.8,3.4,2.5,3.7,2.2,3.8,3.2,4.4,3.8,2.4,2.4,4.7,4.8,3.0,,3.6,2.6,1.4,2.7,2.4,1.3,1.8,2.6,2.7,2.4,2.4,3.4,2.3,1.8,,1.6,1.7,1.9,4.2,3.8,3.0,2.1,2.2,2.2,1.3,3.8,2.0,2.6,2.1,3.0,3.2,2.7,1.6,4.0,1.9,2.2,3.3,4.4,2.0,1.3,2.1,4.2,2.8,2.1,2.2,1.9,3.2,2.2,1.9
2026-07-11 16:00:00,1.4,2.0,4.1,1.9,1.7,2.1,2.2,2.3,1.5,1.9,1.9,3.3,3.2,2.6,1.4,1.8,1.9,1.5,2.2,1.7,3.0,3.2,,1.4,2.5,1.5,1.5,2.0,3.5,1.6,2.3,2.0,4.0,3.5,2.1,3.3,3.1,2.1,3.4,1.8,3.8,2.5,4.2,3.0,2.2,2.5,3.4,4.0,2.6,,2.1,2.2,1.4,2.3,2.1,1.4,2.0,2.2,2.4,2.5,1.9,5.7,2.1,2.0,,1.5,1.7,1.9,3.6,3.2,2.9,1.8,2.2,2.0,1.2,3.5,1.8,2.0,1.6,3.2,3.4,2.5,1.7,3.0,2.4,1.7,2.6,3.7,1.8,1.4,1.8,4.2,2.9,1.9,2.2,2.4,3.1,2.6,1.8
2026-07-11 17:00:00,1.3,1.9,3.7,1.8,1.7,2.5,2.4,2.4,1.9,1.7,1.7,3.8,3.3,3.0,1.6,2.4,1.9,1.9,2.3,1.7,3.6,3.1,,2.0,2.5,2.3,1.4,2.9,4.8,2.2,2.9,2.6,3.8,3.6,2.6,3.3,3.7,2.9,4.7,2.0,3.7,3.8,4.4,4.2,2.6,2.5,5.1,4.8,3.3,,2.8,3.0,1.4,3.0,4.8,1.4,2.4,2.6,3.1,2.5,2.3,5.7,2.8,1.9,,1.5,1.9,1.8,4.4,3.4,3.4,2.3,2.7,2.4,1.3,4.1,2.2,2.7,2.2,3.3,3.2,3.5,2.3,3.2,2.2,2.4,3.6,4.2,2.2,1.6,2.4,4.3,3.1,2.5,2.3,2.0,2.8,2.1,1.5
2026-07-11 18:00:00,1.7,2.3,3.1,2.2,1.8,2.1,2.5,2.3,1.7,2.2,2.3,3.4,3.1,2.8,2.5,2.2,2.1,1.9,2.5,2.0,2.8,3.0,,2.0,2.1,1.5,1.7,2.7,4.0,2.1,2.4,2.3,3.4,3.3,2.8,2.5,3.1,3.0,4.1,2.2,4.2,3.7,3.9,3.9,3.1,4.0,5.1,3.8,3.1,,2.9,2.5,1.6,3.4,2.3,1.1,2.1,2.1,3.3,2.6,2.3,4.1,2.9,2.1,,1.9,1.7,2.3,3.3,3.0,2.9,2.2,2.8,2.6,1.6,4.2,2.2,3.1,2.2,2.8,3.2,2.7,1.9,2.7,2.3,2.4,2.9,3.7,2.1,1.8,2.1,3.8,3.0,2.4,2.2,2.2,3.0,2.0,2.1
2026-07-11 19:00:00,1.5,2.3,4.7,2.2,1.6,3.0,2.0,2.9,1.8,2.0,2.3,3.5,2.9,2.7,1.8,2.2,2.0,2.0,3.0,2.2,2.8,3.5,,2.2,2.0,1.5,1.6,3.4,5.8,3.5,3.6,3.4,5.1,4.5,2.9,3.4,4.1,3.0,5.5,2.1,4.5,3.6,4.4,5.0,3.2,2.9,4.9,4.7,4.9,,3.5,3.2,,3.0,2.4,1.5,2.4,2.5,2.6,2.5,2.3,2.5,2.4,2.1,,1.9,2.4,2.4,3.5,3.0,3.6,2.8,2.9,,1.7,4.2,2.6,2.3,2.0,2.6,5.4,3.7,1.9,3.8,2.5,2.9,4.5,3.6,2.2,1.4,2.3,4.0,2.6,2.2,4.2,3.9,5.1,1.9,
2026-07-11 20:00:00,1.9,2.8,6.2,2.7,2.0,,2.7,2.8,2.3,2.5,3.6,3.4,4.4,6.5,2.6,2.6,2.7,2.9,2.9,3.1,4.3,3.9,,2.5,3.3,2.1,2.0,3.6,6.4,3.0,4.1,3.8,5.0,5.7,3.3,4.6,5.0,3.6,8.6,3.0,,4.4,6.0,6.0,3.8,4.2,4.9,6.2,6.0,,3.9,3.3,2.0,3.4,2.6,1.7,2.7,,3.3,2.9,2.8,,2.0,2.9,,2.4,2.4,2.4,3.7,4.5,4.3,2.9,3.3,3.4,2.0,5.6,2.5,2.5,2.4,3.4,3.3,3.8,2.4,4.8,5.7,4.2,5.6,4.7,2.6,1.6,2.7,4.4,3.8,2.6,2.7,2.5,4.7,2.8,2.5
2026-07-11 21:00:00,1.9,3.2,5.1,3.5,2.8,3.7,2.9,4.1,2.6,9.2,5.4,4.7,5.3,5.9,2.3,4.6,2.9,4.2,3.8,3.2,8.3,4.5,,2.8,3.5,2.5,2.8,4.4,7.0,4.0,5.6,5.4,6.3,6.5,4.3,5.2,5.7,4.7,6.8,3.8,,5.4,6.3,6.5,5.5,5.0,6.0,7.1,,,5.3,5.4,1.8,4.4,3.5,1.8,3.2,3.8,3.8,3.3,4.0,5.7,2.9,3.1,,2.8,2.9,2.8,4.5,4.7,4.5,3.4,3.8,2.8,2.3,9.0,3.3,3.4,2.7,5.0,4.5,5.0,3.0,6.5,4.8,3.2,5.8,5.4,3.4,2.0,3.1,5.9,4.1,3.0,3.5,4.2,6.2,3.1,2.9
2026-07-11 22:00:00,2.4,3.2,5.5,5.1,4.0,4.2,3.5,4.3,3.5,4.6,12.5,6.3,6.3,5.8,2.8,4.9,3.6,3.6,5.3,3.2,6.9,5.6,,3.7,4.1,3.4,3.2,5.2,7.6,4.7,6.0,5.7,7.8,7.0,5.4,6.5,6.6,5.2,8.6,4.4,7.6,5.9,7.5,6.6,5.5,5.0,6.1,7.8,6.2,6.5,5.4,5.6,2.1,4.7,3.7,2.2,3.8,4.1,5.1,4.3,4.0,5.7,3.4,4.0,,3.9,3.9,3.4,6.2,5.3,5.1,3.6,4.6,3.4,2.9,9.3,4.5,4.1,4.5,5.8,5.5,5.5,3.0,6.1,4.0,3.6,6.9,5.6,4.5,2.1,4.1,7.0,5.3,4.0,4.3,4.0,6.6,3.6,3.5
2026-07-11 23:00:00,3.0,3.9,5.3,3.3,4.4,4.4,4.2,4.0,2.7,3.4,9.8,5.7,6.8,4.2,2.2,4.0,3.8,3.0,4.3,3.8,5.8,5.4,,3.2,5.0,2.4,3.2,4.5,7.4,4.2,5.7,5.5,7.3,7.5,5.0,,6.7,5.2,6.5,4.7,7.3,5.5,7.3,6.8,5.2,5.9,6.4,7.8,5.1,5.1,5.7,5.3,2.7,4.5,3.8,2.5,3.3,3.8,5.8,4.6,3.8,5.3,3.4,4.4,,3.6,2.9,4.1,5.8,5.7,5.8,4.2,4.3,4.0,2.8,5.1,4.0,4.8,3.8,4.5,5.2,5.2,2.9,5.7,3.9,3.6,6.8,6.0,3.4,2.9,3.7,5.9,5.9,4.9,4.2,3.3,6.2,4.6,3.9
2026-07-12 00:00:00,2.1,2.8,3.4,1.9,2.4,3.0,3.3,4.3,1.8,2.4,2.9,5.3,4.6,2.7,1.6,2.6,3.1,2.0,3.2,2.7,4.9,4.4,,1.8,3.2,1.6,2.3,3.0,6.0,3.5,4.0,3.5,6.1,5.4,4.4,,4.8,4.4,4.5,3.0,6.1,4.4,5.1,5.7,4.3,4.2,5.7,6.0,3.3,3.7,3.9,3.7,1.8,3.6,2.5,1.4,2.3,2.6,3.8,3.4,2.7,3.5,2.7,2.4,,2.3,2.2,2.8,5.1,3.7,3.6,2.8,3.4,3.1,2.1,4.5,3.1,3.4,2.7,3.8,4.8,3.0,1.9,3.6,3.7,2.4,4.5,4.3,2.0,1.9,2.3,5.1,3.8,3.5,3.6,3.9,5.2,2.9,2.6
2026-07-12 01:00:00,2.3,3.6,3.4,1.9,2.5,2.8,2.6,2.8,4.5,3.1,2.7,4.8,4.3,5.8,1.6,2.5,2.4,2.1,3.5,2.6,3.5,4.0,,1.9,2.7,1.6,2.2,2.8,6.7,3.2,6.0,4.4,6.4,5.9,4.0,5.3,5.5,4.9,5.1,2.8,4.9,4.6,5.0,5.3,5.3,5.2,4.6,6.5,3.4,3.2,3.7,3.9,1.8,2.9,3.8,1.7,2.6,2.3,3.3,2.9,2.2,3.9,5.5,2.8,,2.3,2.0,3.0,5.4,3.5,3.5,2.7,3.9,3.4,2.2,4.1,2.4,3.9,2.1,4.0,4.4,3.8,2.5,3.9,3.3,2.5,5.7,4.3,2.0,2.0,2.2,5.6,3.2,3.2,3.4,5.5,5.2,5.1,2.9
2026-07-12 02:00:00,2.5,2.9,3.9,2.3,2.7,3.1,3.1,4.2,6.4,3.2,2.8,5.5,5.6,7.3,1.6,2.9,2.6,2.3,4.0,2.9,4.9,5.1,,2.8,3.4,4.5,2.6,3.6,5.8,3.2,5.6,5.5,7.2,6.3,4.2,5.9,5.6,4.7,5.8,3.8,5.9,5.0,6.7,6.0,5.5,5.5,5.7,6.8,3.8,4.3,4.7,5.7,2.1,3.1,3.9,1.8,3.6,3.8,4.0,3.6,2.5,3.7,5.3,2.5,,2.4,3.1,2.6,6.1,4.1,3.9,2.8,3.8,3.4,2.5,5.4,2.5,4.2,2.7,4.5,5.4,3.9,3.6,4.0,3.6,2.9,5.7,5.0,2.7,2.2,2.7,6.2,4.2,3.7,4.5,4.4,6.2,3.4,2.9
2026-07-12 03:00:00,2.7,3.0,4.1,2.9,3.2,3.0,3.5,3.5,3.1,3.4,3.1,4.6,5.5,5.7,2.0,2.9,2.9,2.4,3.8,3.1,4.3,4.2,,3.0,3.6,3.1,2.9,3.3,5.5,4.1,5.3,5.5,6.0,6.3,5.3,5.4,5.4,4.8,5.5,3.4,6.4,5.1,5.9,6.0,6.1,5.6,4.5,7.1,3.7,3.8,4.3,5.8,2.5,3.6,3.3,1.7,3.9,3.8,4.5,3.8,2.6,3.9,3.1,2.7,,3.0,3.6,3.1,4.5,3.9,3.8,3.0,4.2,3.8,2.6,5.8,3.0,4.2,2.7,3.5,4.1,4.0,3.0,4.9,3.3,2.8,5.4,4.5,3.3,2.1,2.8,5.1,4.6,3.9,3.2,3.0,5.2,3.1,3.1
2026-07-12 04:00:00,2.8,2.9,3.4,2.9,3.2,2.8,3.2,3.1,2.6,3.2,3.4,3.9,5.6,3.2,2.0,2.3,2.9,2.0,3.3,2.8,4.1,3.6,,2.5,3.3,2.5,2.6,3.3,5.6,3.0,4.2,4.3,6.0,5.5,4.2,5.0,5.1,4.1,5.2,3.5,5.8,4.1,5.8,5.5,5.4,5.3,3.8,6.2,3.4,3.6,3.6,4.5,2.4,3.1,2.5,1.6,2.7,2.8,4.1,3.3,2.5,3.3,2.7,3.6,,2.9,2.5,4.4,4.7,3.9,3.8,2.8,3.6,3.5,2.5,4.5,2.1,4.0,2.0,3.4,4.0,3.1,2.2,3.9,2.6,2.7,4.9,4.6,3.0,1.9,2.3,4.8,4.3,3.4,3.2,4.2,5.1,3.0,3.3
2026-07-12 05:00:00,2.8,3.0,3.8,3.6,3.5,3.0,3.1,3.9,2.5,3.2,3.7,5.1,5.0,4.5,2.5,2.8,2.7,2.3,3.4,2.7,3.7,5.3,,2.9,2.9,2.2,2.4,3.8,6.8,3.4,5.8,5.4,7.6,6.8,4.6,4.5,6.4,4.5,5.9,3.4,5.2,4.8,5.4,5.5,5.1,5.1,5.4,7.2,3.7,3.6,4.9,5.5,2.1,3.2,3.5,1.8,3.4,3.8,3.8,3.4,2.7,3.0,3.5,3.6,,3.5,3.0,4.4,6.3,3.8,3.6,2.7,3.5,3.3,2.2,5.0,2.6,3.7,2.7,4.6,5.8,4.4,3.1,4.5,3.2,2.6,6.5,4.7,3.3,1.9,2.7,6.3,3.9,3.4,4.4,3.8,6.9,2.9,2.8
2026-07-12 06:00:00,2.4,3.0,4.6,3.9,2.7,3.5,2.8,4.3,2.9,2.8,3.0,5.4,5.2,4.7,2.7,3.7,2.4,3.2,3.9,2.9,4.2,5.2,,3.4,2.8,2.8,2.4,4.8,7.8,4.9,6.6,6.3,7.7,7.0,5.6,5.5,7.0,5.6,6.8,4.0,5.1,6.4,5.6,6.5,5.7,4.6,6.7,7.9,4.4,4.3,6.1,6.3,1.8,3.9,3.9,2.0,3.8,4.4,3.6,3.0,3.4,4.0,3.9,2.8,,2.5,3.4,3.3,5.9,4.5,4.3,2.8,4.1,2.8,2.0,5.4,3.5,3.4,3.5,4.7,6.0,5.0,3.4,5.2,3.6,4.6,7.0,5.2,3.7,1.6,3.5,6.4,3.7,3.1,,4.8,7.0,2.7,2.7
2026-07-12 07:00:00,2.3,3.0,4.5,3.4,3.0,3.6,3.2,4.1,2.9,2.9,2.8,5.4,5.8,4.4,2.4,3.5,2.9,3.1,4.0,3.1,5.0,5.0,,3.8,3.2,2.7,2.5,4.3,7.3,4.5,6.4,6.1,7.4,6.7,5.5,6.0,6.7,5.5,6.7,4.4,5.3,5.9,6.2,6.5,5.7,4.8,6.5,7.6,4.3,4.1,5.9,5.8,1.9,3.9,3.6,2.1,3.3,6.2,4.0,3.5,3.3,4.4,3.4,2.7,,2.8,3.2,3.2,5.9,4.7,4.6,3.3,4.2,2.9,2.2,5.5,3.5,3.5,3.5,5.0,5.5,4.8,3.2,5.3,3.4,3.3,6.8,5.4,3.3,1.8,3.4,6.5,4.2,3.2,4.2,9.3,6.6,3.0,2.8
2026-07-12 08:00:00,2.7,3.0,4.4,3.2,3.1,3.5,3.2,3.6,2.7,3.1,3.1,5.1,5.8,4.2,2.4,3.3,3.0,2.9,3.8,3.1,4.8,5.0,,4.6,3.4,2.6,2.6,4.0,7.2,4.5,6.2,5.8,7.2,6.7,4.9,5.7,6.6,5.2,6.6,4.1,5.5,5.4,6.1,6.5,5.6,5.0,6.3,7.5,4.2,4.0,5.6,5.6,1.9,3.6,3.4,2.0,3.2,6.0,4.3,3.7,3.0,6.9,3.3,2.7,,3.0,3.1,3.2,5.6,4.6,4.5,3.2,3.9,3.0,2.5,5.4,3.4,3.5,3.2,4.7,5.1,4.4,2.9,5.1,3.2,3.0,6.6,5.3,3.3,1.9,3.2,6.3,4.5,3.4,3.7,10.9,6.4,3.1,2.9
2026-07-12 09:00:00,2.8,2.6,3.7,4.0,2.7,3.1,3.1,2.8,1.9,2.8,3.2,4.4,5.6,2.8,1.7,2.5,2.8,2.2,3.1,2.6,4.6,4.0,,3.2,3.2,1.9,2.1,3.2,6.6,3.4,5.0,4.4,6.6,5.9,3.9,5.4,5.9,4.1,6.2,3.7,4.7,4.5,5.9,5.9,4.5,5.0,5.7,6.8,3.5,3.3,4.7,4.0,2.0,2.9,2.4,1.6,2.3,4.0,4.1,3.6,2.4,4.2,2.3,2.8,,2.7,2.1,3.2,4.7,3.9,3.8,2.8,3.2,3.1,2.2,4.1,2.5,3.6,2.5,3.8,4.1,3.5,2.2,4.3,2.2,2.6,5.9,4.8,2.4,1.9,2.4,5.4,4.4,3.4,2.9,8.0,5.6,2.9,2.5
2026-07-12 10:00:00,2.3,2.2,3.6,2.0,2.1,2.5,2.3,2.5,1.6,2.2,2.7,3.6,4.6,2.5,1.4,2.2,2.4,1.8,3.1,2.1,3.8,3.8,,1.9,2.2,1.5,1.9,3.1,6.5,2.9,4.5,3.8,6.4,5.9,3.6,5.0,5.8,3.8,6.3,3.2,4.1,4.2,5.6,5.5,4.4,4.1,5.3,6.5,3.3,3.0,4.2,3.7,1.5,2.6,2.1,1.5,1.9,2.6,3.0,2.6,2.1,3.0,1.9,2.6,,2.1,1.8,3.1,4.0,3.3,3.2,2.4,2.9,2.3,2.1,3.7,2.1,2.6,2.1,3.2,3.6,3.1,1.8,3.6,2.2,2.3,5.6,4.3,1.8,1.5,2.4,4.7,3.2,2.5,2.5,8.1,5.2,2.1,2.6
2026-07-12 11:00:00,2.5,2.2,3.6,1.9,2.3,2.5,2.4,2.4,1.6,2.2,2.8,3.7,5.0,2.5,1.4,2.3,2.4,2.0,3.0,2.1,3.9,4.0,,1.9,2.3,1.5,2.0,2.9,6.2,3.6,4.1,3.6,6.0,5.5,3.4,5.0,5.6,3.8,5.7,3.3,6.2,4.3,5.8,5.4,4.3,4.5,5.3,6.3,3.2,3.0,3.8,3.6,1.5,2.7,2.1,1.4,1.9,2.4,3.2,2.8,2.1,3.4,1.8,2.4,,2.2,1.8,2.7,4.1,3.3,3.1,2.2,2.9,2.2,1.8,3.5,2.7,2.5,2.4,3.5,3.5,2.8,1.8,3.7,2.4,2.3,4.9,4.3,1.9,1.6,2.8,5.1,3.5,2.4,2.3,2.9,4.9,2.3,2.3
2026-07-12 12:00:00,3.0,5.0,4.6,2.7,3.4,3.1,2.7,2.9,1.9,4.7,3.4,4.0,5.6,4.0,2.0,3.7,2.7,2.1,3.0,3.5,5.1,3.9,,2.0,3.0,1.6,2.0,3.4,6.5,5.2,4.5,3.8,6.4,5.7,4.1,6.0,5.9,4.5,6.2,3.8,8.6,4.8,6.4,6.1,4.6,4.8,6.1,6.6,4.2,4.1,5.1,3.4,1.6,3.0,2.4,1.6,2.4,2.5,3.5,3.2,3.2,4.2,2.4,2.7,,3.0,2.2,3.0,4.4,4.1,3.8,2.8,3.5,2.5,2.1,4.0,3.4,3.0,3.2,4.4,3.9,3.3,1.9,4.7,2.7,2.7,5.1,4.9,2.0,1.6,2.7,5.9,4.2,2.6,2.6,3.2,5.2,2.7,2.7
2026-07-12 13:00:00,2.9,5.6,6.1,3.4,7.3,3.5,3.9,4.1,2.2,3.6,3.9,5.9,7.0,5.0,2.4,3.3,3.8,2.3,4.9,6.3,5.3,6.1,,2.4,4.2,2.2,2.4,4.2,7.9,4.9,5.4,4.9,7.7,6.7,5.4,6.5,6.9,7.1,7.4,4.2,5.3,6.0,7.3,7.0,5.7,6.4,7.5,7.5,5.1,,5.9,5.2,2.4,3.9,3.5,2.0,3.2,3.5,5.0,4.8,4.2,5.2,4.0,3.1,,6.5,2.7,3.3,6.5,4.5,5.1,3.4,4.1,3.7,2.8,4.4,3.9,4.1,2.8,6.1,5.9,4.8,3.0,5.3,3.3,3.2,6.5,5.3,2.6,2.5,2.8,7.6,5.7,3.9,4.0,4.0,7.0,4.0,3.3
2026-07-12 14:00:00,3.9,3.7,5.8,3.7,4.7,5.7,4.8,4.6,2.4,3.8,5.0,6.1,6.8,4.2,2.9,3.4,4.2,2.8,6.2,4.4,6.0,6.5,,2.8,4.9,2.3,3.6,7.3,11.0,5.1,7.9,6.8,8.0,8.6,7.6,6.8,8.2,7.4,9.4,4.9,7.1,8.9,7.3,8.1,7.1,7.4,8.1,9.2,7.0,,6.7,5.6,3.4,6.9,4.0,3.0,3.7,4.2,6.1,4.8,4.2,5.3,4.2,5.7,,5.7,2.8,5.3,6.4,6.1,6.7,4.1,5.7,5.2,3.5,4.5,4.3,5.5,3.7,5.7,6.3,6.6,3.2,5.8,3.6,5.1,9.0,6.2,3.1,3.2,3.2,7.3,6.2,4.8,4.6,3.8,7.3,4.3,4.6
2026-07-12 15:00:00,5.5,5.9,8.1,3.5,5.8,7.5,6.0,5.0,2.5,5.8,6.7,8.6,8.0,4.4,2.6,4.7,5.8,3.7,6.8,6.2,7.8,8.1,,3.6,5.6,2.4,5.7,7.8,11.7,6.8,8.4,8.0,10.3,10.2,7.5,8.5,11.7,8.0,12.0,6.5,,8.6,9.9,10.2,8.7,8.7,9.6,12.9,8.0,,7.1,6.0,4.2,6.7,4.0,4.2,3.3,4.1,6.8,5.8,5.3,7.2,4.2,5.6,,6.0,2.7,6.3,8.5,7.8,9.0,6.5,7.2,6.4,5.3,4.6,6.2,6.5,5.3,6.7,7.9,7.2,3.3,8.0,3.9,6.3,9.7,8.3,4.0,4.0,4.2,8.9,7.2,6.1,5.3,4.1,8.6,5.1,5.5
2026-07-12 16:00:00,4.9,6.5,8.8,3.0,5.6,9.9,7.5,4.7,3.1,6.6,6.6,8.7,10.8,4.1,2.2,6.0,6.7,4.5,7.2,6.3,8.9,8.3,,3.7,7.2,2.8,6.0,7.4,11.8,6.9,8.0,7.2,8.8,10.2,8.3,11.3,10.4,8.6,11.0,8.9,,9.2,13.3,10.8,9.2,8.9,9.5,11.7,7.5,,8.3,6.5,5.7,7.2,4.0,4.3,4.0,4.8,8.4,7.2,5.9,8.4,4.2,7.0,,5.5,3.4,7.3,8.4,8.7,8.7,6.9,7.7,7.4,5.6,5.1,6.3,7.6,5.8,7.7,6.9,8.0,3.6,10.7,3.9,6.5,9.3,9.7,4.0,5.1,5.4,10.0,8.8,7.6,5.0,4.3,7.3,6.1,6.2
2026-07-12 17:00:00,4.2,5.6,8.4,3.6,4.8,8.4,7.2,5.4,3.7,5.5,5.9,8.9,9.7,5.2,2.7,6.1,6.4,4.4,7.0,5.4,8.4,8.3,,4.3,7.7,3.8,5.5,7.2,11.5,7.3,7.8,6.9,9.4,9.9,8.4,10.4,10.3,8.7,10.6,8.6,,8.9,11.3,9.9,8.7,8.4,9.8,12.1,,,8.7,6.7,5.2,7.2,4.5,4.0,4.7,5.5,8.7,7.4,6.1,,4.2,6.2,,4.8,4.1,6.7,8.2,8.3,8.5,6.7,7.4,7.2,4.9,6.4,6.6,7.9,5.9,7.9,7.3,7.4,4.0,10.2,4.3,6.3,9.4,9.1,4.8,4.7,5.3,10.2,8.8,7.7,5.6,4.8,7.8,7.0,5.4
2026-07-12 18:00:00,3.1,4.4,7.4,3.8,3.7,7.1,5.8,5.4,3.6,4.1,4.5,7.7,8.2,5.2,2.9,4.4,5.0,3.2,5.7,4.3,7.4,7.1,,3.6,6.2,3.2,3.8,6.4,9.7,5.2,7.1,6.5,8.8,8.9,6.7,8.9,8.9,6.7,9.3,6.7,,7.3,9.7,8.6,6.7,6.6,8.5,10.5,,,7.0,6.5,3.8,6.2,4.5,3.5,4.5,5.2,7.2,6.3,4.7,,4.5,4.8,,3.7,3.8,5.4,7.6,7.5,7.1,5.4,6.0,5.9,3.2,5.8,4.6,6.5,4.0,7.0,7.3,6.2,3.9,9.1,4.5,5.0,8.1,7.9,4.0,3.5,4.1,9.0,7.3,6.4,5.5,4.7,7.5,5.8,3.8
2026-07-12 19:00:00,3.2,3.9,5.4,3.2,3.8,4.5,4.8,4.4,2.7,4.4,3.9,5.7,6.8,3.6,2.5,3.3,4.0,2.5,4.9,3.7,6.0,5.4,,2.7,4.9,2.5,3.5,4.6,7.5,3.9,5.5,4.4,7.0,6.2,4.9,6.3,6.7,5.2,6.8,4.5,,6.0,7.3,6.8,5.5,6.4,6.5,7.6,,,5.7,6.0,3.2,5.0,3.8,2.2,3.0,4.0,6.2,5.3,3.8,,3.3,4.1,,3.5,2.9,4.6,5.7,5.9,5.5,4.0,5.1,5.3,3.2,5.0,4.1,5.9,5.3,5.3,6.1,4.9,2.8,5.7,3.8,3.7,6.2,6.0,3.3,3.1,3.5,7.0,6.1,5.3,4.5,4.3,6.5,4.7,4.4
2026-07-12 20:00:00,2.9,3.4,4.8,3.4,3.3,3.5,4.0,4.1,2.4,3.6,3.9,6.2,6.0,3.9,2.5,2.9,3.4,2.3,3.9,3.2,5.1,5.5,,2.2,4.0,1.9,3.2,3.9,6.7,3.1,4.5,4.0,6.9,5.8,3.9,4.9,5.6,4.1,6.1,3.6,,5.1,6.2,6.4,4.3,6.1,,6.9,,,4.4,4.5,3.5,4.0,3.5,2.0,3.3,3.6,5.8,4.7,3.1,,3.2,4.4,,3.0,2.5,4.8,5.7,5.0,5.4,3.4,3.8,5.1,2.9,4.8,3.6,5.4,4.0,5.1,5.6,4.1,2.6,,3.6,2.9,5.4,5.4,2.7,2.8,2.9,6.8,5.4,4.6,4.1,3.8,5.9,4.9,4.3
2026-07-12 21:00:00,3.0,2.8,4.8,4.4,3.8,3.6,3.2,6.1,2.4,3.8,4.9,6.5,5.4,5.2,2.8,3.0,2.7,2.2,3.5,2.9,4.2,5.9,,2.6,3.6,2.6,3.7,4.1,7.0,2.9,5.3,4.5,7.8,6.5,3.5,5.0,5.8,4.1,6.0,2.9,,5.1,5.4,5.5,4.1,5.4,5.8,7.3,,,4.6,5.1,3.2,3.5,3.9,2.0,3.9,3.7,4.8,3.7,3.4,,3.5,4.9,,3.5,2.6,5.2,6.8,4.9,4.1,2.9,3.4,5.0,2.5,5.3,2.9,5.3,3.2,5.7,6.7,4.1,3.0,6.7,4.3,2.6,6.2,5.1,2.8,2.3,2.8,7.2,4.7,3.9,4.9,6.2,6.8,3.9,5.1
2026-07-12 22:00:00,4.2,3.4,6.8,5.6,4.3,5.6,3.3,6.1,3.1,4.0,6.0,7.6,7.0,8.3,3.1,3.9,3.1,3.9,4.3,2.8,5.2,7.4,,3.8,3.5,4.0,3.9,4.4,8.2,4.7,6.4,5.4,9.7,7.2,4.3,6.3,6.5,5.8,6.8,4.1,7.8,6.7,6.5,6.9,5.7,5.6,7.8,10.1,6.5,6.4,5.7,5.6,3.5,4.5,5.0,2.4,4.6,3.8,4.9,4.0,3.7,6.0,5.5,6.0,,3.9,4.0,6.5,7.9,7.4,4.8,3.5,4.1,5.0,2.8,5.4,4.3,5.2,3.9,7.7,7.6,5.8,4.4,8.5,5.2,3.0,6.8,5.9,3.5,2.8,4.6,8.5,4.7,4.0,5.7,6.2,8.8,4.8,4.9
2026-07-12 23:00:00,4.0,4.1,7.7,6.7,4.0,8.2,3.6,7.5,4.2,3.7,6.1,8.7,8.1,9.0,3.7,5.5,4.6,5.8,6.1,3.3,6.8,8.3,,4.7,4.2,4.5,4.2,5.5,10.6,5.4,8.0,6.9,11.8,9.1,6.0,7.8,8.6,7.9,7.8,5.7,8.0,7.5,9.8,8.0,6.9,6.0,8.2,10.8,6.5,6.2,6.8,6.8,3.8,5.7,6.7,3.2,6.3,4.8,5.9,5.4,5.2,6.8,7.0,6.3,,4.7,5.1,7.1,8.8,7.6,6.7,4.8,5.5,5.0,3.9,6.1,4.8,13.3,4.8,8.3,8.2,6.9,6.2,8.3,6.1,3.4,8.4,8.1,5.1,3.3,5.9,9.9,6.0,4.2,6.1,6.8,9.8,6.0,5.7
2026-07-13 00:00:00,3.9,4.9,8.2,7.0,4.7,8.7,5.5,6.8,6.8,4.0,5.5,8.9,9.4,9.7,3.6,6.2,5.5,5.6,6.7,4.4,8.0,7.7,,5.7,5.4,4.5,4.5,6.9,11.2,6.3,9.7,9.5,12.0,9.6,7.3,9.3,9.2,7.9,8.2,7.4,8.9,7.6,11.0,8.9,7.7,7.2,9.5,12.1,6.4,6.2,7.8,6.9,3.4,6.2,6.1,4.1,7.3,6.0,7.7,6.9,6.1,8.2,7.0,6.7,,4.2,6.1,11.4,9.3,7.9,7.4,6.1,6.3,5.9,4.5,6.9,6.5,6.9,5.4,8.9,8.7,7.8,6.5,8.6,5.4,4.6,9.3,9.0,5.8,3.9,6.1,9.5,7.5,5.0,6.5,6.8,10.2,6.8,6.4
2026-07-13 01:00:00,4.0,5.7,7.6,6.2,5.1,7.7,6.1,6.7,5.3,4.4,5.4,8.4,9.5,8.5,3.6,6.0,5.8,4.8,6.3,5.6,7.4,6.8,,5.9,7.1,4.4,4.7,6.4,9.4,6.4,8.6,8.5,11.0,8.3,7.0,8.8,8.7,7.0,7.1,6.8,8.8,7.0,9.8,8.4,7.1,7.5,8.4,10.8,5.5,5.2,7.8,6.5,3.4,6.4,5.2,4.0,6.5,6.8,7.7,6.9,5.5,8.1,6.0,6.9,,4.6,5.8,11.4,9.0,7.7,6.9,6.2,6.2,6.4,3.9,7.3,5.7,7.0,5.2,7.9,8.2,7.3,5.8,7.8,5.0,4.7,8.5,8.5,4.9,4.1,5.3,9.1,7.9,6.3,6.4,5.4,9.6,7.9,6.2
2026-07-13 02:00:00,3.8,4.2,6.7,4.9,4.9,6.1,5.8,5.9,4.4,4.3,5.2,7.7,8.3,7.0,3.4,5.0,5.4,3.9,5.5,4.2,6.2,6.4,,4.7,7.2,3.7,4.2,6.1,8.8,4.7,6.4,6.1,9.8,7.3,5.7,7.5,7.6,6.3,7.2,5.3,7.9,6.3,8.1,6.5,6.0,7.2,6.9,8.4,5.5,4.9,6.2,6.3,3.7,5.0,4.4,3.0,5.6,6.0,7.2,6.0,4.8,7.3,5.2,6.8,,4.2,5.2,6.5,8.1,6.4,6.4,5.7,4.9,6.1,3.6,7.0,4.1,6.6,4.1,6.6,7.5,7.1,4.8,6.9,5.5,3.9,8.0,6.8,4.2,3.7,4.6,8.1,7.2,6.9,5.7,5.2,8.4,7.3,6.0
2026-07-13 03:00:00,3.4,3.5,5.5,4.7,3.6,4.5,4.0,5.5,3.9,3.8,3.9,7.0,6.8,6.3,3.4,4.4,3.7,3.8,4.9,3.5,4.9,5.7,,4.3,5.5,3.4,3.1,4.9,7.6,4.7,6.3,6.0,8.5,6.7,5.0,6.5,6.7,5.7,6.4,3.8,6.6,5.1,6.2,5.6,5.2,6.0,6.3,7.6,4.7,4.4,5.4,5.8,3.7,4.1,4.3,2.2,4.9,5.5,6.0,4.2,4.1,5.8,4.2,6.5,,3.4,4.4,6.2,7.5,5.0,5.1,3.8,4.2,5.3,2.6,6.2,4.1,5.9,3.9,6.3,6.4,5.8,4.4,6.5,4.7,3.3,6.9,5.2,4.1,2.8,4.5,7.5,5.8,5.8,5.3,4.6,7.0,6.3,4.2
2026-07-13 04:00:00,2.9,3.6,5.6,4.2,3.4,4.6,3.7,5.0,3.7,3.8,3.9,6.6,6.5,5.7,3.1,4.4,3.6,3.5,4.9,3.5,5.3,5.7,,3.9,4.8,3.3,3.0,5.4,8.3,5.1,6.4,6.1,8.1,6.8,5.7,6.5,7.1,5.9,7.2,4.1,6.4,5.7,6.4,6.6,5.8,5.2,6.7,7.9,5.7,5.5,6.0,6.0,2.6,4.4,4.2,2.4,4.5,5.1,5.7,4.3,4.3,5.3,4.3,4.9,,3.3,4.1,5.0,7.1,5.3,5.6,3.9,4.6,4.3,2.8,5.9,4.3,5.1,4.1,6.1,6.3,6.3,5.0,6.3,5.1,4.1,7.1,5.7,3.8,2.3,4.4,7.3,5.7,4.8,5.1,5.0,6.8,5.2,3.8
2026-07-13 05:00:00,3.1,3.8,6.0,4.6,3.8,5.0,4.6,5.2,3.8,3.9,4.1,6.8,6.9,5.6,3.3,4.6,4.5,3.9,5.4,3.8,6.0,6.3,,4.1,5.1,3.6,3.7,6.4,9.4,5.6,7.7,7.5,8.8,7.6,6.2,7.0,7.7,6.3,8.1,5.0,7.4,6.6,7.1,7.5,6.4,6.2,7.5,8.7,6.3,6.2,6.7,6.3,2.8,4.9,4.6,2.7,4.3,5.2,6.0,5.1,4.4,5.8,4.4,4.3,,3.5,4.1,4.6,7.2,6.1,6.3,4.8,5.3,4.5,3.3,6.2,4.6,5.2,4.3,6.1,6.6,6.7,4.9,6.5,5.9,5.2,7.7,6.4,4.1,2.9,4.5,7.6,6.1,5.0,5.2,5.3,7.3,5.0,4.2
2026-07-13 06:00:00,3.5,4.6,6.9,5.8,4.3,6.2,5.7,6.1,4.3,4.6,4.8,7.5,7.7,,4.3,5.4,5.6,4.5,6.0,4.5,7.2,7.2,,,6.0,4.3,4.1,6.6,10.3,6.3,7.8,7.2,10.1,8.9,7.0,7.9,9.2,7.0,9.2,6.5,7.8,7.4,8.7,8.7,7.1,7.3,8.9,10.1,6.8,6.7,7.4,6.9,3.7,5.8,5.7,3.5,5.3,6.0,6.6,6.3,5.1,6.6,5.3,5.0,,4.2,5.0,5.3,8.1,6.9,7.1,5.8,6.0,5.7,3.8,7.0,5.6,6.1,5.2,7.0,7.5,7.3,5.8,7.6,5.4,5.7,9.0,7.6,4.7,3.7,5.5,8.7,7.0,5.8,6.1,6.2,8.9,5.2,4.8
2026-07-13 07:00:00,5.1,6.4,8.9,7.7,5.9,9.3,7.5,8.0,6.5,6.2,6.4,9.7,9.4,9.4,6.4,7.2,7.6,6.6,7.7,6.3,8.9,9.5,,7.1,7.4,6.6,6.0,8.3,13.3,8.1,10.4,9.4,13.8,11.7,9.2,10.0,12.0,9.0,12.0,8.9,10.3,10.3,11.7,10.9,9.2,9.4,12.2,12.9,8.8,8.2,10.2,9.1,6.2,7.8,7.9,5.2,7.6,8.2,8.0,7.9,7.1,8.1,7.5,6.6,,5.8,7.3,6.9,10.7,8.7,9.5,7.7,7.9,7.7,5.6,,7.1,7.9,7.1,8.8,10.1,9.4,7.7,9.6,7.2,7.3,12.2,10.1,6.9,6.0,7.3,11.0,8.7,7.4,7.9,8.1,12.1,6.6,6.6
2026-07-13 08:00:00,6.3,7.7,10.8,9.1,7.0,12.1,8.5,10.1,7.6,7.4,7.5,11.6,11.3,11.0,7.5,8.6,8.0,7.8,9.0,7.7,11.9,11.7,,8.2,9.1,7.9,7.1,9.7,16.2,9.5,12.5,11.3,15.8,14.0,11.3,11.5,15.5,10.9,14.4,11.6,12.7,12.2,14.7,12.1,11.1,11.5,14.1,15.6,10.2,9.6,12.0,11.1,7.6,9.8,9.6,6.6,9.0,9.8,9.5,9.1,8.3,9.7,8.9,7.5,8.0,7.1,8.5,7.6,13.0,10.6,10.6,8.5,9.5,8.5,6.6,,8.5,8.9,8.4,10.7,12.0,11.4,9.9,11.6,8.4,8.2,15.0,13.4,8.1,6.8,8.7,13.1,10.5,9.1,9.4,9.1,13.9,8.0,7.5
2026-07-13 09:00:00,7.0,34.1,11.6,9.0,7.7,13.4,10.0,10.0,7.8,8.1,8.2,12.4,12.2,11.4,7.5,9.1,9.1,8.2,9.7,8.2,11.9,13.4,,8.6,9.7,8.0,7.7,10.6,16.7,9.9,13.0,11.9,16.5,15.1,11.6,12.2,16.3,11.4,14.8,14.5,14.1,12.6,16.3,13.6,11.8,11.7,15.2,16.6,10.9,10.5,13.3,11.5,7.8,10.0,10.4,7.0,9.3,10.2,10.4,10.8,8.8,10.4,9.1,8.3,7.9,7.8,9.1,8.8,14.1,11.6,11.6,9.6,10.1,10.0,7.2,,8.9,10.4,8.8,11.2,12.3,11.4,8.9,12.5,8.7,9.0,15.0,14.8,8.4,7.2,9.0,13.9,11.7,9.9,9.5,9.2,14.2,8.5,8.6
2026-07-13 10:00:00,7.7,95.7,14.1,9.3,8.5,15.2,11.9,9.9,8.2,8.8,9.3,13.5,13.6,11.9,7.7,9.9,10.7,8.5,10.4,8.7,12.7,14.1,,9.0,11.5,8.2,8.2,13.5,18.4,10.4,14.4,12.9,17.6,18.0,12.4,15.3,16.2,12.3,16.3,13.7,14.8,13.5,17.9,16.8,12.7,11.9,16.3,18.9,12.5,11.8,14.6,12.6,8.7,11.1,10.6,7.2,10.1,11.1,12.0,12.2,9.7,12.1,9.5,9.4,8.5,8.7,9.5,10.0,14.4,12.1,14.4,12.3,10.7,11.3,7.8,,9.2,12.6,9.3,11.9,13.3,12.3,9.0,14.2,9.3,11.0,16.0,14.7,8.8,8.3,9.4,15.0,13.1,11.7,10.8,9.8,15.3,10.0,9.1
2026-07-13 11:00:00,7.9,19.5,14.0,9.5,8.8,14.8,12.0,10.6,8.6,9.1,9.7,14.0,15.7,12.5,7.9,10.4,11.8,8.9,10.8,8.8,15.3,14.2,16.9,9.3,13.2,8.5,8.4,12.3,18.9,10.6,14.6,13.3,17.9,17.9,13.5,16.2,18.0,13.2,16.5,15.3,15.3,14.9,22.2,16.8,13.6,14.4,17.4,21.2,12.6,11.8,15.2,13.0,10.6,12.3,10.7,8.1,10.2,11.3,13.3,12.7,10.3,12.0,10.0,9.8,8.8,9.1,9.7,10.1,15.1,14.8,13.7,11.8,11.6,13.1,8.0,,9.6,13.6,9.7,12.7,14.0,13.0,10.1,14.1,9.7,10.6,16.7,18.1,9.2,10.9,9.9,16.1,15.2,12.8,10.5,10.2,15.5,10.9,9.2
2026-07-13 12:00:00,8.0,9.9,13.9,9.8,8.7,14.7,12.0,11.1,8.8,9.2,9.7,14.3,16.1,12.3,8.2,10.5,11.0,9.1,11.3,9.2,15.4,14.3,13.3,9.6,12.6,8.8,8.8,12.2,19.3,10.9,14.7,13.3,18.5,16.9,13.5,14.8,18.4,13.4,17.0,16.8,16.2,14.6,21.6,16.0,13.9,15.6,17.0,19.5,13.0,12.4,14.5,13.1,11.8,12.0,10.7,8.0,10.3,11.3,14.2,13.0,10.7,12.3,10.1,10.0,9.1,8.9,9.7,10.2,15.9,15.2,13.9,11.5,11.9,12.3,8.4,,9.9,14.0,9.9,13.1,14.3,13.2,9.7,14.4,10.1,10.5,16.8,18.3,9.4,10.5,10.2,16.6,16.0,13.4,10.7,10.3,15.5,10.6,9.6
2026-07-13 13:00:00,8.3,24.2,13.9,9.6,8.9,15.7,11.7,11.0,8.7,9.6,10.2,14.7,14.7,12.2,7.8,10.3,11.4,9.2,11.4,9.4,14.1,14.1,12.6,9.5,12.1,8.7,9.1,12.2,19.0,10.8,14.2,12.9,18.3,17.2,13.5,14.7,17.1,13.3,17.0,15.2,16.3,13.7,19.2,15.8,14.0,14.6,16.1,19.1,12.9,,13.6,12.7,11.5,11.9,9.8,7.6,9.9,10.9,13.1,12.4,10.5,12.5,9.9,10.5,9.5,9.0,9.3,11.0,16.0,13.9,14.1,11.3,12.3,12.4,8.8,,10.0,13.9,9.8,12.8,14.6,13.1,9.3,14.4,9.9,10.4,16.0,16.7,9.4,10.9,10.1,16.7,14.5,12.3,10.7,10.2,15.2,10.7,9.9
2026-07-13 14:00:00,8.2,32.9,13.1,9.0,8.9,14.0,10.6,10.7,8.3,9.4,10.2,13.9,13.7,11.4,7.3,9.9,10.1,8.6,10.9,9.1,13.3,13.6,11.4,9.0,11.6,8.2,8.6,11.7,17.6,10.1,13.3,12.1,17.0,15.7,12.3,14.1,15.6,12.5,15.7,13.4,,12.7,17.8,14.4,12.9,12.8,14.8,17.9,12.3,,12.7,12.1,9.9,11.1,9.4,7.1,9.5,10.6,12.4,11.4,10.1,12.4,9.4,10.5,9.5,8.9,9.1,11.0,15.2,13.1,12.8,10.3,11.4,11.0,8.3,,9.4,12.4,9.3,12.7,13.9,12.5,8.7,13.8,9.7,10.0,14.7,15.3,8.7,9.3,9.6,15.9,13.4,11.3,10.1,9.7,13.8,10.3,9.5
2026-07-13 15:00:00,7.6,26.0,12.2,8.7,8.2,13.7,10.2,9.9,8.1,8.8,9.5,13.4,13.4,10.8,7.1,9.6,9.5,8.3,10.4,8.4,12.6,12.6,10.7,8.5,11.3,7.9,8.0,10.7,15.9,9.2,12.2,11.3,15.8,13.9,11.4,14.0,14.1,11.6,14.1,12.5,,12.0,17.3,13.2,11.8,11.5,13.9,16.6,11.2,,11.9,11.4,8.8,10.6,8.9,6.7,8.9,9.9,12.0,10.9,9.8,11.9,9.1,9.7,8.7,8.1,8.7,9.7,14.1,12.2,11.9,9.5,10.8,10.4,7.6,,9.0,11.9,8.9,11.7,12.6,11.5,8.2,13.4,9.6,9.4,13.1,14.4,8.7,8.3,9.3,15.1,13.0,11.0,9.7,9.3,13.2,10.3,8.5
2026-07-13 16:00:00,7.5,72.1,11.8,8.8,8.2,12.8,9.8,10.4,8.4,8.8,9.2,12.9,12.2,10.6,7.4,9.2,8.9,8.4,10.5,8.4,11.8,11.8,10.1,8.5,10.1,7.7,8.4,10.4,15.5,9.0,11.8,11.0,15.2,13.8,10.7,12.0,13.8,10.6,13.5,11.6,,11.3,15.0,12.8,11.0,10.9,13.6,16.4,11.0,,11.4,11.3,8.4,10.4,9.6,6.7,9.0,10.3,11.6,10.3,9.5,11.2,9.5,9.5,8.7,8.1,8.6,9.6,13.7,12.0,11.8,9.2,10.4,10.1,7.3,,9.2,11.2,8.8,11.1,12.9,11.4,8.3,12.3,9.6,8.9,12.8,13.8,8.9,8.7,9.2,14.6,11.7,10.3,10.2,9.6,12.1,9.2,8.2
2026-07-13 17:00:00,7.5,20.7,11.8,8.5,8.0,12.8,10.0,9.9,8.3,8.7,9.0,13.2,12.1,9.9,7.3,9.1,8.8,8.0,10.1,8.2,11.6,11.6,10.0,8.0,10.1,7.6,8.3,10.0,14.6,8.5,11.2,10.6,14.4,13.6,10.0,11.4,13.0,10.3,12.8,11.0,,10.8,14.7,12.3,10.4,10.6,12.6,16.0,10.6,,10.6,10.9,8.3,10.2,9.0,6.6,8.5,10.1,11.8,10.3,9.4,,8.9,9.3,8.5,8.1,8.2,9.2,13.4,12.1,12.1,9.1,10.1,9.9,6.9,,9.0,10.9,8.5,11.0,13.2,11.1,8.1,12.5,9.5,8.6,12.0,13.8,8.8,8.4,9.1,14.8,11.6,10.3,10.3,9.3,11.7,9.4,7.6
2026-07-13 18:00:00,7.4,58.6,11.5,8.4,8.0,12.4,9.8,9.8,8.2,8.6,8.8,12.7,12.0,10.3,7.1,9.1,8.8,8.2,9.9,8.1,11.4,11.4,10.0,8.4,10.0,7.6,8.5,10.0,14.8,8.7,11.3,10.6,14.1,13.6,10.1,11.3,13.2,10.0,12.8,11.2,,10.7,14.6,12.2,10.4,10.4,12.8,16.0,,,10.9,11.0,8.2,10.4,9.2,6.7,8.6,9.9,11.6,10.1,9.2,,8.7,9.1,8.5,7.9,8.4,9.4,13.0,12.0,12.0,9.0,10.1,9.7,7.0,,9.0,11.0,8.6,10.5,12.5,11.2,8.3,12.1,9.3,8.5,12.2,13.8,8.7,8.3,9.1,14.4,11.7,10.1,10.2,9.2,11.5,9.4,7.9
2026-07-13 19:00:00,7.4,17.4,11.1,8.5,8.0,12.4,9.8,9.9,8.2,8.6,9.1,,12.3,10.5,7.0,9.2,8.9,8.4,9.9,8.1,11.3,11.2,10.1,8.4,9.9,7.5,7.6,10.2,14.9,8.9,11.2,10.5,13.9,14.9,10.1,11.3,13.0,10.3,12.9,11.6,,10.9,14.6,12.3,10.8,10.5,13.5,15.7,,,11.2,11.3,8.2,10.2,9.1,6.7,8.8,9.7,11.6,10.1,9.2,,8.9,9.1,8.5,7.9,8.5,9.4,12.6,12.0,12.0,8.9,10.1,9.6,7.2,,8.9,11.1,8.7,10.3,12.2,11.1,8.1,11.7,9.4,8.4,12.3,13.7,8.6,8.2,9.0,14.1,11.7,10.0,10.2,9.2,11.3,9.1,8.2
2026-07-13 20:00:00,7.4,87.2,11.6,8.6,8.2,12.7,9.5,10.3,8.2,8.7,9.4,12.7,12.3,10.6,7.0,9.4,9.0,8.3,9.9,8.3,11.3,11.4,10.2,8.5,9.7,7.5,7.4,10.3,16.6,8.9,11.6,11.0,14.3,14.0,10.2,11.5,13.2,10.5,13.0,12.3,,11.3,14.5,12.5,11.1,10.9,13.7,16.1,,,11.6,11.6,8.1,10.4,9.3,6.6,8.8,9.9,11.5,9.9,9.1,,9.2,9.2,8.7,8.0,8.5,9.6,13.1,12.1,11.7,8.9,10.2,9.6,7.5,,8.9,11.0,8.7,10.6,12.6,11.3,8.3,11.8,9.3,8.5,12.7,13.7,8.7,8.1,9.0,14.3,11.7,9.9,10.1,9.3,11.9,9.2,8.3
2026-07-13 21:00:00,7.9,26.6,11.3,8.7,8.3,12.5,9.9,10.4,8.3,8.9,9.6,13.0,12.9,10.7,7.2,9.4,9.1,8.5,10.0,8.3,11.9,11.6,10.4,8.9,10.0,7.8,7.6,10.4,15.4,9.2,11.8,11.2,15.1,14.6,10.5,12.1,13.6,10.6,13.2,12.1,,11.3,15.4,12.9,11.3,11.2,13.5,17.0,,,11.7,12.1,8.5,10.5,10.8,6.8,9.0,10.2,12.0,10.2,9.2,16.3,9.4,9.7,9.1,8.1,8.7,10.3,13.5,12.6,11.7,9.0,10.5,9.7,7.5,,9.0,11.8,8.8,10.9,13.2,11.4,8.2,12.1,9.6,8.5,13.2,14.2,8.9,8.2,9.2,14.8,12.1,10.1,10.7,9.7,12.4,9.4,8.6
2026-07-13 22:00:00,7.6,8.2,11.1,8.5,8.1,12.6,10.0,10.1,8.3,8.7,9.2,12.9,13.1,10.7,7.1,9.4,9.1,8.3,10.1,8.2,11.9,11.3,10.5,8.7,10.2,7.7,7.6,10.3,15.2,9.2,11.9,11.2,15.2,14.3,10.7,12.0,13.6,10.9,13.2,12.4,14.1,11.5,15.4,12.8,11.6,11.4,13.8,16.8,11.4,11.2,11.8,11.9,8.8,10.4,10.6,6.7,8.9,9.9,12.1,10.3,9.3,11.6,9.2,9.6,8.9,7.8,8.5,10.2,13.5,12.2,11.7,8.9,10.4,9.9,7.4,,9.0,11.3,8.7,10.8,12.8,11.2,8.1,12.0,9.3,8.4,13.0,13.9,8.9,8.3,9.1,14.3,12.2,10.5,10.1,9.5,12.2,9.7,8.6
2026-07-13 23:00:00,7.4,8.1,11.3,8.8,7.9,13.0,10.0,10.4,8.5,8.6,9.0,12.8,12.8,11.2,7.3,9.6,9.0,8.4,10.0,8.2,11.5,11.4,10.4,8.9,10.1,8.0,7.6,10.4,15.9,9.6,12.4,11.8,15.4,15.5,11.0,12.3,13.7,11.0,13.6,12.3,12.9,11.6,15.2,13.2,11.5,11.2,14.0,17.0,10.9,10.5,12.1,12.4,8.6,10.3,9.5,6.6,9.4,10.5,11.7,10.2,9.4,10.5,9.5,9.4,8.7,7.8,8.9,9.6,13.4,11.9,11.4,9.0,10.4,9.7,7.4,,9.1,11.2,8.9,10.8,12.9,11.4,8.4,12.0,9.7,8.7,13.5,13.6,9.1,8.0,9.3,14.1,11.9,10.2,10.3,9.6,12.7,9.4,8.6
2026-07-14 00:00:00,7.7,8.5,11.8,9.6,8.3,13.3,10.4,11.2,9.0,8.9,9.2,14.2,13.4,12.2,8.0,10.0,9.3,8.9,10.4,8.5,12.1,12.5,11.0,9.6,10.3,8.4,7.9,11.0,17.6,10.4,14.0,13.1,17.4,16.2,11.8,12.8,15.1,11.7,14.8,12.9,13.2,12.5,16.4,13.9,12.4,11.6,14.8,18.3,11.3,10.9,13.0,13.7,8.9,10.6,10.2,7.0,10.2,11.5,12.0,10.3,9.8,11.1,10.5,9.4,8.7,8.1,9.5,9.9,14.6,12.8,12.1,9.5,10.7,10.0,7.6,16.8,9.6,11.2,9.4,11.5,14.0,12.4,9.1,13.0,10.6,8.9,14.9,14.6,9.5,8.2,9.9,15.0,12.3,10.5,11.1,10.8,14.4,9.8,8.6
2026-07-14 01:00:00,8.1,9.2,12.9,10.3,8.9,14.2,11.1,12.1,9.6,9.6,9.7,15.7,14.7,12.8,8.4,10.7,10.1,9.3,11.1,9.1,13.1,14.0,11.7,11.1,11.1,8.8,8.5,12.0,19.4,11.1,15.1,14.4,19.9,18.0,13.0,14.4,16.6,12.9,16.5,14.3,14.3,13.7,18.6,15.2,13.4,12.7,16.1,20.2,12.2,11.8,14.3,14.9,9.5,11.4,11.0,7.5,10.7,12.0,12.6,11.1,10.4,12.3,11.1,9.7,9.3,8.6,10.0,10.2,16.5,13.6,12.8,10.1,11.5,10.6,8.2,16.9,10.2,11.8,10.1,12.9,15.8,13.3,9.7,14.8,11.0,9.7,16.6,16.0,10.0,9.0,10.7,16.7,13.0,11.1,12.1,11.2,16.8,10.5,9.1
2026-07-14 02:00:00,8.5,9.3,13.3,10.5,9.3,14.4,11.6,12.1,9.6,9.9,10.3,16.4,16.1,13.6,8.7,11.0,10.5,9.4,11.4,9.3,14.4,15.1,12.3,10.4,12.3,9.1,8.7,12.4,22.0,11.5,15.7,14.8,20.5,18.8,13.7,15.7,17.5,13.2,18.6,15.6,15.2,14.5,20.9,16.2,14.0,13.4,16.9,20.8,12.8,12.2,15.0,15.3,10.2,11.8,11.8,7.8,11.0,12.5,13.3,11.8,10.7,12.7,12.1,10.2,9.7,9.1,10.5,11.0,16.8,15.2,13.5,10.7,11.7,11.2,8.5,17.2,10.3,12.7,10.4,13.1,15.6,13.7,10.3,15.5,11.6,10.1,17.1,17.9,10.5,9.5,10.9,17.1,14.0,12.0,12.2,12.0,16.9,11.3,9.6
2026-07-14 03:00:00,8.7,9.4,13.9,10.6,9.3,15.0,11.6,11.9,9.5,9.7,10.4,15.7,17.6,12.6,8.7,11.1,10.6,9.7,11.5,9.7,15.8,14.9,12.4,10.2,13.7,9.1,8.9,12.5,26.6,12.1,15.3,14.6,20.6,18.6,14.2,17.1,17.6,13.9,18.5,15.8,15.6,14.5,23.6,16.3,14.7,13.5,16.6,20.9,12.8,12.4,14.9,14.9,10.4,12.0,11.3,7.9,10.5,12.0,13.5,11.8,11.1,13.8,11.5,10.3,9.7,9.3,9.9,10.9,17.1,17.0,13.6,10.9,12.0,11.3,8.6,16.9,10.7,12.7,10.7,13.7,16.0,13.6,9.8,16.1,11.0,10.3,17.1,18.4,10.4,9.6,10.9,17.5,14.2,12.1,12.0,11.5,17.2,13.2,9.5
2026-07-14 04:00:00,8.4,9.7,12.5,9.5,9.0,13.7,10.9,11.1,8.9,9.8,10.0,15.2,14.5,15.3,7.9,10.2,10.0,8.8,11.4,9.8,13.0,13.6,11.8,9.5,11.6,8.1,8.9,11.1,17.7,11.3,14.2,13.7,17.9,17.5,12.7,14.7,15.7,13.2,14.9,13.3,15.8,13.1,18.9,14.2,14.0,13.6,15.2,19.0,11.4,10.9,13.7,13.7,10.2,11.1,10.4,7.2,9.9,11.3,12.4,11.2,10.0,11.9,10.6,9.9,9.9,8.9,9.3,10.3,15.3,13.6,12.0,10.0,11.6,11.3,8.5,15.5,10.1,12.3,9.6,12.3,14.2,12.6,9.7,14.2,10.8,9.2,15.6,15.0,9.3,9.3,9.9,15.5,12.9,11.3,11.2,10.7,14.6,11.7,9.9
2026-07-14 05:00:00,8.0,8.8,11.4,9.0,8.5,13.2,9.8,10.1,8.1,9.1,9.4,13.2,13.5,12.0,7.6,9.8,9.2,8.0,10.1,8.8,12.0,11.9,10.6,9.1,10.8,7.5,8.4,10.3,17.1,10.0,13.3,12.9,17.0,15.2,11.5,13.2,14.7,11.5,14.4,12.2,14.8,12.3,16.8,13.4,12.1,12.1,14.3,17.4,10.7,10.4,12.7,13.1,9.5,10.2,9.5,6.8,9.8,11.2,11.2,10.0,9.3,11.2,9.6,9.4,9.2,8.4,8.5,9.9,14.0,11.9,11.2,9.1,10.3,10.1,8.0,13.5,9.0,11.3,9.1,11.3,13.2,11.8,8.6,12.9,9.5,8.6,14.7,13.5,8.6,7.9,9.4,14.0,11.5,10.3,10.6,9.6,14.1,10.0,9.4
2026-07-14 06:00:00,7.2,7.7,10.2,9.0,7.6,11.6,8.7,9.9,7.5,8.2,8.6,12.9,11.1,10.7,7.4,8.2,8.0,7.4,9.0,7.7,10.0,11.4,9.3,7.8,9.0,6.7,7.4,8.7,14.5,9.2,11.7,11.3,17.3,13.9,10.3,11.2,12.4,10.8,12.1,9.3,12.6,10.2,13.4,11.7,10.9,10.5,12.3,15.4,9.1,8.7,10.7,11.9,7.5,8.9,9.4,6.0,8.7,9.6,9.6,8.9,8.2,10.3,9.3,8.4,8.2,7.6,8.4,8.8,14.1,10.4,9.3,7.9,9.2,9.2,6.9,12.5,8.4,10.0,7.9,11.7,13.1,10.2,8.1,12.2,8.9,7.5,12.7,11.2,7.9,6.7,8.3,14.7,9.8,9.1,10.2,9.4,14.6,8.9,
2026-07-14 07:00:00,6.3,6.4,9.2,7.1,6.8,9.9,7.4,8.3,5.8,6.9,7.5,11.6,9.4,8.5,5.7,7.5,6.8,6.4,7.8,6.7,8.6,10.1,7.9,6.8,7.7,6.0,6.4,8.0,13.5,7.4,9.3,8.9,14.2,12.3,8.6,10.4,11.0,8.9,10.6,7.8,11.2,9.1,11.3,10.3,9.1,9.6,11.1,12.8,8.2,7.8,9.4,9.0,6.7,7.7,8.2,5.5,6.8,7.3,8.3,7.6,7.2,8.8,7.9,7.7,7.1,6.6,6.2,8.2,12.1,9.2,8.6,7.1,7.9,8.7,6.2,8.5,7.0,10.1,6.8,10.0,10.9,8.7,6.8,10.1,7.5,7.0,11.0,9.7,6.5,5.8,7.2,12.3,8.8,7.9,8.2,7.9,11.7,7.7,7.1
2026-07-14 08:00:00,5.9,31.0,9.4,6.1,6.5,9.1,7.1,7.4,4.5,6.7,6.9,10.5,8.9,7.3,4.6,6.9,6.8,5.4,7.3,6.3,8.1,10.1,7.7,5.5,7.7,4.3,5.9,7.5,11.1,6.7,8.3,8.0,12.5,11.9,8.2,10.3,10.1,8.2,9.2,7.2,10.6,8.6,10.7,9.6,8.3,9.1,9.9,11.8,7.6,7.5,8.4,8.0,6.5,7.4,7.6,4.8,6.1,6.7,7.8,7.3,6.8,9.0,6.7,7.1,6.8,6.6,5.7,7.6,10.9,8.7,8.2,7.0,7.2,8.6,5.8,7.1,6.4,10.2,6.2,9.1,10.0,8.0,6.4,10.2,6.7,6.6,10.2,9.7,5.5,6.3,6.2,11.5,8.8,7.5,8.2,6.9,10.6,7.9,6.6
2026-07-14 09:00:00,6.2,10.4,10.4,5.9,6.6,10.4,7.1,7.1,4.4,6.8,7.2,10.6,8.8,6.9,4.3,6.2,7.1,4.9,7.4,6.4,8.2,11.6,9.4,4.9,8.3,5.1,6.9,8.3,10.5,6.3,8.0,7.7,11.0,13.0,8.3,10.2,10.5,8.1,9.6,6.8,11.5,8.5,10.5,10.1,8.6,8.6,9.6,13.2,8.2,7.8,8.0,7.3,6.0,7.8,6.6,5.3,5.8,6.4,7.6,7.2,6.5,9.0,6.3,7.2,7.1,6.4,5.5,7.4,10.3,8.7,9.1,7.5,7.6,7.4,6.3,6.5,5.9,8.2,5.7,8.5,9.3,8.1,5.9,10.4,6.1,7.7,9.8,9.2,5.0,4.8,5.6,10.1,8.5,7.3,7.6,6.4,9.1,8.0,6.9
2026-07-14 10:00:00,5.0,6.5,9.0,5.5,5.9,9.5,7.9,6.7,4.2,5.5,6.6,9.0,9.2,6.5,4.0,5.7,7.0,4.5,6.4,5.6,9.2,9.0,8.9,4.5,9.1,4.0,5.6,7.0,9.3,5.1,7.4,6.9,9.3,10.3,6.8,10.2,9.2,6.8,8.6,7.0,9.4,7.0,11.1,8.3,7.1,8.1,8.3,10.9,7.6,7.2,6.9,6.5,6.0,6.6,5.5,4.7,5.4,6.1,8.3,8.0,5.6,9.1,5.6,7.1,6.6,5.7,5.0,7.4,9.3,8.9,7.8,6.9,6.2,8.1,5.4,6.0,5.2,8.8,4.9,8.0,8.3,7.2,4.6,9.6,5.4,6.3,8.5,9.8,4.3,5.2,5.3,9.7,9.2,8.2,6.7,5.5,8.1,8.3,6.6
2026-07-14 11:00:00,4.5,51.2,8.9,4.8,5.5,7.9,6.9,6.6,4.0,5.3,6.3,8.6,8.7,6.2,3.5,5.6,6.1,4.4,6.0,5.3,9.0,9.5,7.0,4.3,8.3,3.9,4.9,6.7,8.3,5.0,6.9,6.5,8.7,9.1,6.5,8.6,8.5,6.5,8.2,6.3,9.3,6.7,10.0,7.8,6.4,7.0,7.8,9.8,7.2,6.9,6.8,6.2,4.5,6.5,5.1,4.0,5.1,5.9,8.3,,5.4,7.8,5.2,6.3,5.8,5.3,4.6,6.5,8.8,7.9,7.6,6.4,5.8,7.1,4.5,6.0,4.8,8.0,4.7,7.6,8.1,6.8,4.4,8.6,5.2,6.1,7.9,8.7,4.3,3.9,5.1,9.3,8.9,8.5,6.3,5.2,7.5,7.6,5.8
2026-07-14 12:00:00,4.4,60.3,7.5,4.3,5.5,7.7,6.8,5.9,4.3,5.6,6.4,8.4,8.0,5.6,3.2,5.7,5.9,4.3,6.1,5.4,8.3,7.9,7.0,4.3,7.6,3.8,4.8,6.5,8.2,4.8,6.5,6.5,8.2,8.5,6.4,8.2,7.7,6.3,7.6,5.6,8.6,6.6,9.3,7.8,6.3,6.8,7.7,9.6,7.0,7.0,6.5,5.9,4.0,6.4,4.6,3.8,5.0,5.5,7.9,,5.5,7.5,4.6,6.2,5.5,5.4,4.3,6.2,8.3,7.8,7.4,6.7,5.9,6.7,4.4,5.6,4.7,7.5,4.7,7.2,7.6,6.5,3.9,8.4,4.8,5.9,7.5,9.1,4.5,4.2,5.2,9.0,8.3,7.6,5.9,4.7,6.8,7.1,5.5
2026-07-14 13:00:00,4.4,34.9,7.2,4.2,5.0,6.6,6.8,5.1,3.8,5.7,6.3,7.6,7.6,5.8,3.0,5.4,5.7,4.0,6.2,5.1,7.7,7.1,6.9,4.0,7.1,4.2,4.6,6.1,7.5,4.4,5.9,6.1,7.2,7.6,6.1,7.3,7.2,6.1,7.0,4.9,8.3,6.3,8.5,7.3,6.2,6.7,7.2,8.4,6.5,6.7,6.1,5.6,4.1,6.3,4.4,3.4,4.4,5.2,7.6,,5.3,7.2,4.6,6.3,5.8,5.1,4.4,6.3,7.5,7.5,7.0,5.9,6.1,6.8,4.2,6.0,4.6,7.5,4.5,6.3,7.1,6.0,3.6,7.7,4.6,5.6,6.6,7.8,4.4,4.3,4.9,7.8,7.8,7.4,4.8,4.4,6.2,6.8,5.4
2026-07-14 14:00:00,4.3,9.9,6.4,4.1,4.8,6.1,6.3,5.3,4.2,5.1,5.9,7.4,6.9,5.7,3.2,5.0,5.2,4.2,5.8,4.7,7.1,7.4,6.4,4.0,6.3,3.5,4.1,5.7,7.3,4.2,5.9,5.5,7.2,7.2,5.6,6.8,6.8,5.6,7.6,4.2,7.8,5.9,7.4,6.7,5.8,,7.0,7.8,6.2,6.3,5.7,5.7,3.9,5.9,4.6,3.1,4.4,5.5,7.1,,5.1,6.5,4.6,6.1,5.1,4.9,4.5,6.1,7.2,7.0,6.5,5.3,5.8,6.4,3.7,6.4,4.7,6.8,4.3,6.1,7.0,6.0,3.8,7.0,4.9,4.8,6.5,7.1,4.6,3.9,4.9,7.5,7.1,6.8,5.0,5.0,6.3,6.1,4.6
2026-07-14 15:00:00,4.0,7.2,6.9,4.5,4.4,7.4,6.2,5.6,4.4,5.2,5.7,7.5,6.7,5.7,3.4,5.0,4.7,4.2,6.2,4.7,6.8,6.7,6.1,3.9,6.2,3.6,4.0,5.8,7.5,4.3,5.9,5.7,7.3,7.2,5.6,6.6,7.1,5.7,6.9,4.2,7.9,5.9,7.3,6.7,6.0,,7.1,7.8,6.2,6.4,5.5,5.7,3.6,6.1,5.1,3.4,4.4,5.6,7.0,,5.4,6.3,4.8,5.9,5.0,4.7,4.4,5.6,7.5,7.0,6.7,5.2,6.1,6.0,3.5,6.6,4.9,6.4,4.5,6.1,8.0,6.2,4.3,7.3,5.4,4.9,6.5,7.2,4.8,3.7,4.9,7.6,6.7,6.4,5.5,5.2,6.4,5.7,4.3
2026-07-14 16:00:00,4.5,5.6,7.8,4.1,4.6,6.2,6.5,5.7,4.6,5.2,5.4,7.7,6.8,5.8,3.5,4.9,4.7,4.1,5.9,4.9,6.9,6.9,6.2,3.8,6.3,,4.1,5.5,7.5,4.3,6.0,5.9,7.5,7.3,5.5,6.5,7.1,5.7,6.9,4.2,8.3,6.1,7.1,6.7,5.8,6.0,7.0,7.9,6.3,6.5,5.6,5.6,3.6,6.2,5.1,3.4,4.3,5.7,7.1,6.4,5.8,6.6,5.1,5.8,5.3,4.9,4.2,5.7,7.3,7.2,6.7,5.4,6.1,6.3,3.3,6.8,5.0,6.5,4.6,6.2,7.6,6.4,4.3,7.1,5.5,5.0,6.6,7.2,5.3,4.0,5.2,8.1,6.6,6.7,6.2,5.4,7.3,5.8,4.4
2026-07-14 17:00:00,4.5,5.1,6.8,3.9,4.5,6.6,6.4,5.4,4.7,5.3,5.1,7.6,6.7,5.5,3.5,4.8,4.6,4.1,5.9,4.9,6.9,6.7,5.7,3.6,6.2,,4.0,5.5,7.9,4.3,6.0,5.9,7.2,7.3,5.4,6.3,7.0,5.7,6.8,4.1,8.1,6.1,7.0,6.7,5.7,6.0,6.8,8.0,6.3,6.6,5.6,5.5,3.8,6.2,5.3,3.3,4.4,5.9,7.1,6.4,6.0,6.4,4.9,5.8,5.4,4.7,4.1,5.7,7.2,7.0,7.0,5.5,6.1,6.2,3.3,7.0,5.2,6.6,4.7,6.0,7.1,6.5,4.5,7.1,5.6,5.1,6.6,6.9,5.2,3.8,5.2,7.8,6.4,6.6,6.2,5.2,6.3,5.7,3.9
2026-07-14 18:00:00,4.4,4.8,7.0,3.9,4.5,6.0,6.4,5.6,4.3,5.3,5.0,7.5,6.5,5.3,3.2,4.5,4.5,3.6,6.0,4.8,6.8,7.4,5.6,3.4,6.2,3.7,4.0,5.4,7.8,4.1,5.8,5.5,7.3,7.2,5.1,6.3,7.0,5.9,7.1,4.3,8.3,6.1,7.0,6.8,5.6,6.0,7.1,8.8,6.3,6.4,5.9,5.4,3.8,6.1,4.8,3.3,4.2,5.5,7.0,6.3,5.6,6.4,4.6,5.8,5.4,4.6,4.0,5.9,7.1,6.8,6.7,5.3,6.2,6.1,3.2,6.6,5.0,6.6,4.3,5.7,6.7,6.6,4.3,6.9,5.2,4.8,6.4,6.9,4.8,3.8,5.0,7.7,6.5,6.5,6.0,4.8,6.2,5.9,3.8
2026-07-14 19:00:00,,4.6,6.6,4.1,4.4,5.6,6.0,5.2,4.1,5.1,4.6,7.2,6.4,5.3,3.2,4.2,4.8,3.6,5.8,5.1,6.5,6.6,5.6,3.5,6.2,3.7,4.0,5.3,7.3,4.0,5.6,5.1,7.0,7.2,4.7,6.0,6.8,5.4,6.9,4.2,7.9,6.0,6.9,6.5,5.2,5.8,6.6,7.8,5.9,,5.9,5.8,4.0,6.0,4.8,2.9,4.2,5.2,6.8,6.2,5.2,6.0,4.6,5.7,5.2,4.2,4.2,6.0,,6.7,6.4,5.1,5.9,6.0,3.9,6.7,4.7,6.5,4.3,5.5,6.6,6.3,4.1,6.9,5.0,4.3,6.3,7.2,4.8,3.7,5.0,7.4,6.5,6.3,5.8,4.9,5.9,5.9,3.9
2026-07-14 20:00:00,4.1,4.6,7.1,4.1,4.4,5.3,5.8,,4.1,4.9,4.5,7.0,6.2,5.4,3.9,4.8,4.9,3.9,5.5,5.3,6.6,6.6,5.9,3.8,5.7,3.5,4.0,5.8,7.2,4.3,5.5,5.2,7.2,7.2,4.9,6.0,6.6,5.3,6.7,4.0,,5.9,6.8,6.6,5.4,5.7,7.1,7.8,6.2,,6.3,5.9,3.8,6.6,4.8,3.1,4.4,5.4,6.5,5.9,,6.0,4.9,5.3,5.0,3.9,4.1,5.7,7.0,6.9,6.5,4.9,5.7,5.8,3.2,6.4,4.8,6.5,4.2,5.9,6.7,6.3,4.1,6.6,5.1,4.3,6.3,6.7,4.8,3.4,4.9,7.7,6.3,6.1,5.8,5.4,6.2,5.8,4.8
2026-07-14 21:00:00,4.5,5.5,6.4,5.1,4.6,5.4,6.0,5.7,4.0,5.2,5.1,7.4,6.9,5.8,3.7,5.4,5.3,4.5,5.8,9.2,6.6,6.6,6.2,4.4,6.0,3.8,4.1,6.1,7.5,4.5,6.0,5.7,7.4,7.4,5.1,6.3,6.6,5.8,6.7,4.2,,6.3,7.0,6.9,5.7,6.0,7.3,7.8,6.6,,6.7,6.1,4.5,6.1,4.7,3.1,4.8,5.5,6.6,6.1,5.2,6.3,4.8,5.6,5.5,4.3,4.2,6.1,7.6,7.2,6.5,5.1,6.0,5.8,3.8,6.6,4.9,6.3,,6.5,7.1,6.5,4.1,6.7,5.2,4.5,6.7,6.7,4.9,3.6,5.2,8.4,6.7,6.3,5.6,5.2,6.7,5.8,5.2
2026-07-14 22:00:00,5.4,5.7,6.6,5.1,5.1,5.6,5.9,6.2,4.6,5.9,5.8,8.2,7.2,6.6,3.6,5.7,5.5,4.7,6.5,8.0,6.7,6.8,6.5,5.3,6.3,4.9,4.9,6.5,7.7,5.4,6.6,6.4,7.7,7.6,5.9,11.2,6.9,6.3,7.0,4.3,9.3,7.7,7.1,7.3,6.3,6.5,7.7,8.0,7.0,7.1,6.9,6.4,4.1,6.4,5.4,3.4,5.5,7.4,6.7,6.1,5.8,6.9,5.1,6.4,5.8,4.7,4.7,6.7,7.7,7.3,6.5,5.4,6.2,6.3,4.2,7.1,5.6,6.6,5.1,6.6,7.3,6.8,4.4,7.0,5.7,5.1,7.3,7.0,5.8,4.6,5.6,8.4,6.6,6.2,6.8,5.6,6.7,6.3,5.3
2026-07-14 23:00:00,5.5,5.9,6.7,5.5,5.4,6.1,6.6,6.9,5.4,6.3,6.3,8.3,7.5,7.0,4.1,6.2,5.9,5.0,7.2,6.3,7.0,7.6,6.9,6.1,6.7,5.6,5.2,6.8,8.7,6.0,7.2,7.1,9.0,8.5,6.7,6.9,7.5,6.9,7.6,5.0,9.1,7.2,7.9,7.5,7.2,6.7,7.7,8.7,7.0,6.9,7.1,7.0,4.4,6.6,6.1,3.7,6.3,6.6,7.3,6.5,6.3,6.4,5.9,6.4,6.3,5.0,5.6,6.6,8.9,7.4,7.4,6.1,6.9,6.4,5.0,8.1,6.1,6.8,5.8,7.3,8.4,7.2,5.1,7.2,6.3,5.7,7.6,7.3,6.8,4.1,6.3,9.0,7.2,6.7,6.7,6.2,8.0,8.3,5.3
2026-07-15 00:00:00,5.5,6.1,7.0,6.3,6.0,6.8,7.1,7.0,5.7,6.3,6.5,8.3,7.9,7.3,4.8,6.5,6.4,5.6,6.9,6.4,7.5,7.6,7.3,6.4,6.9,6.0,5.6,7.2,9.1,6.5,7.8,7.6,8.8,8.9,7.4,7.2,8.0,7.4,8.6,5.9,9.5,7.5,8.6,8.0,7.5,7.2,8.5,9.3,7.5,7.3,7.5,7.8,4.7,7.2,6.3,4.1,6.4,7.0,7.7,7.0,6.7,6.7,8.2,6.4,6.4,5.6,6.0,6.7,8.5,7.7,7.9,6.4,7.1,7.0,5.3,8.6,6.6,7.4,6.2,7.1,8.4,7.6,5.7,7.5,6.5,6.2,8.0,8.1,6.4,4.5,6.3,8.7,7.8,7.2,6.9,6.4,7.7,6.5,5.5
2026-07-15 01:00:00,5.6,6.2,7.3,6.6,6.0,7.1,7.1,7.1,6.0,6.1,6.7,8.4,7.8,7.6,5.4,6.9,6.2,6.0,6.9,6.6,7.4,7.8,7.0,6.3,6.9,6.0,5.0,7.4,10.0,7.1,8.1,7.8,9.4,9.3,7.3,7.2,8.7,7.2,9.0,6.0,8.4,7.7,8.2,8.0,7.4,7.3,9.0,9.6,7.5,7.4,8.3,8.2,4.5,7.1,6.6,4.1,6.5,7.4,7.9,7.1,6.9,6.9,7.6,6.4,6.4,5.5,6.1,6.7,8.8,7.9,7.7,6.1,6.9,6.5,4.9,8.8,7.0,7.4,6.5,7.2,8.5,7.8,6.1,7.7,6.7,6.2,8.6,8.4,6.5,4.7,6.7,9.0,7.8,7.3,7.2,6.7,8.1,6.6,5.7
2026-07-15 02:00:00,5.4,6.3,7.5,6.4,6.1,7.0,6.9,7.5,6.2,6.3,6.6,8.5,8.2,7.7,5.4,7.2,6.4,6.3,7.1,6.4,7.5,8.0,7.1,6.5,6.8,5.9,5.1,7.5,10.4,7.6,8.5,8.1,10.0,9.7,7.5,7.5,8.8,7.3,9.3,6.0,8.6,7.8,8.7,8.1,7.7,7.3,9.3,10.1,7.5,7.5,8.5,8.4,4.7,7.0,6.8,4.2,6.8,7.4,7.7,6.9,7.0,6.9,6.7,6.5,6.4,5.8,6.4,6.7,8.7,7.8,7.4,6.3,7.0,6.8,4.9,9.0,7.4,7.3,6.9,7.4,8.8,8.0,6.3,8.0,7.0,6.0,9.0,8.1,6.8,4.5,6.8,9.6,7.6,7.2,7.5,7.1,8.6,6.7,5.8
2026-07-15 03:00:00,5.5,6.5,7.6,6.7,6.2,7.3,7.2,7.6,6.4,6.5,6.6,8.9,8.3,8.3,5.8,7.4,6.4,6.5,7.2,6.6,7.8,8.3,7.4,6.8,6.9,6.3,5.5,7.7,11.0,7.9,9.0,8.7,10.5,10.1,8.1,7.7,9.3,8.5,9.4,6.6,9.3,8.4,9.1,8.6,8.2,7.5,9.7,10.4,7.8,7.7,9.0,9.0,5.2,7.5,7.0,4.4,6.9,7.6,7.9,7.1,7.4,7.0,6.9,6.9,6.5,5.9,6.6,7.1,9.4,8.0,7.8,6.5,7.3,7.0,5.3,10.0,7.8,7.6,7.1,7.5,9.2,8.5,6.4,8.0,7.2,6.4,9.6,8.6,6.9,4.7,7.2,9.3,7.9,7.3,7.7,7.0,9.0,6.6,6.0
2026-07-15 04:00:00,5.9,6.7,8.0,7.4,6.4,8.4,7.3,8.6,6.8,6.7,6.8,9.7,8.9,9.2,6.3,7.4,6.7,6.7,8.1,6.6,8.7,8.9,7.9,7.4,7.1,6.9,6.0,8.1,11.5,8.0,9.8,9.7,11.5,10.8,8.9,8.5,10.1,8.9,9.9,7.7,9.9,8.9,10.2,9.6,9.3,8.0,10.2,11.5,8.3,8.2,9.1,9.8,5.4,8.2,7.9,4.9,7.7,8.6,8.1,7.3,7.6,7.6,7.7,6.9,6.8,6.2,7.3,7.3,10.0,8.7,8.6,7.1,8.1,7.2,5.8,11.2,7.4,7.7,7.1,8.2,10.1,8.9,7.1,8.6,7.8,7.0,10.1,9.5,7.5,5.1,7.5,10.2,8.2,7.6,8.5,7.9,10.2,6.7,6.2
2026-07-15 05:00:00,6.2,7.1,8.5,7.7,6.9,9.1,8.0,8.9,7.3,7.1,7.1,10.5,9.7,9.6,6.5,8.5,7.4,7.6,8.5,7.1,9.3,10.2,8.7,7.9,7.7,7.2,6.5,8.7,13.5,8.8,11.1,10.5,13.4,12.6,9.3,9.3,11.2,9.3,10.8,8.6,10.7,9.7,11.5,10.4,9.8,8.7,12.0,12.7,8.9,8.6,10.6,10.6,5.8,8.4,8.3,5.2,8.0,9.2,8.8,8.0,8.0,8.1,8.2,7.1,7.2,6.6,7.7,7.4,11.4,9.2,9.0,7.6,8.6,7.6,6.2,11.8,8.1,8.3,8.1,8.9,11.3,10.4,7.6,9.2,8.2,7.3,11.8,10.3,8.1,5.9,8.5,11.3,8.9,8.0,9.1,8.3,11.2,7.2,6.6
2026-07-15 06:00:00,6.5,7.6,9.4,8.1,7.2,10.2,8.4,9.3,7.8,7.5,7.6,11.3,10.3,10.0,6.7,8.9,7.8,7.8,8.8,7.5,9.9,10.6,9.1,8.3,8.2,7.7,6.8,9.7,14.5,9.6,11.6,10.9,13.6,13.3,10.5,9.9,12.1,10.4,12.2,9.3,11.5,10.9,12.1,11.5,10.3,9.3,13.1,13.8,9.8,9.5,11.6,11.4,6.4,9.2,8.6,5.9,8.6,9.6,9.5,8.4,8.8,8.6,8.6,7.4,7.7,7.1,8.1,7.8,12.0,10.0,10.0,7.9,8.9,8.2,6.6,12.7,8.9,8.9,8.5,9.6,11.4,10.5,7.9,10.1,8.5,8.0,12.3,11.2,8.3,6.2,8.7,12.3,9.5,8.4,9.3,8.6,11.7,7.7,7.2
2026-07-15 07:00:00,6.7,7.6,9.4,8.1,7.3,11.1,8.2,9.5,7.8,7.3,7.8,11.1,9.9,10.3,6.7,8.9,7.8,7.9,8.7,7.6,9.4,10.8,9.1,8.4,8.5,7.6,6.8,9.8,14.9,8.8,12.0,11.3,13.8,13.4,10.4,10.0,11.8,10.0,12.3,9.2,12.2,10.8,11.8,11.0,9.9,9.3,12.6,13.9,10.0,9.7,11.5,11.6,6.1,9.3,8.9,6.1,8.8,9.7,9.2,8.5,8.8,8.8,8.8,7.2,7.7,7.1,8.2,7.9,11.8,10.2,10.1,7.8,8.8,7.8,6.4,13.1,8.9,9.0,8.2,9.6,11.6,10.4,8.1,10.3,8.7,8.0,12.4,11.7,8.1,5.8,8.8,11.9,9.9,8.2,9.5,9.0,11.7,7.8,7.1
2026-07-15 08:00:00,6.5,6.9,8.9,7.9,7.0,9.6,7.7,9.3,7.3,6.8,7.7,10.5,9.6,9.7,6.5,8.4,7.6,7.4,8.1,7.2,8.8,10.3,8.7,7.9,8.2,7.1,6.5,9.1,13.5,8.0,10.5,10.6,12.4,12.6,9.1,10.0,11.6,9.4,11.0,8.6,11.3,9.4,11.4,10.0,9.3,8.3,11.7,13.3,9.5,9.3,10.4,10.4,5.8,8.7,8.0,5.9,8.4,9.4,8.5,8.0,8.0,8.5,8.6,7.2,7.4,6.7,7.8,7.7,11.5,9.7,9.8,7.6,7.9,7.5,6.2,12.3,8.2,8.7,7.9,9.1,11.1,9.8,7.6,9.9,8.5,7.4,11.6,11.2,7.6,5.3,8.1,11.5,9.5,7.7,8.9,8.5,11.0,7.6,6.8
2026-07-15 09:00:00,6.5,7.2,8.8,8.2,6.9,9.6,7.8,8.9,7.1,6.8,7.9,10.9,9.8,9.0,6.2,8.1,7.8,7.2,8.0,7.1,9.0,10.3,8.9,7.4,9.0,7.1,6.7,8.9,12.0,7.6,9.8,9.6,11.9,12.4,8.9,9.8,11.9,8.7,10.9,8.5,11.4,9.0,11.7,10.1,9.1,8.2,10.7,13.1,9.3,9.1,9.9,9.4,6.2,8.7,7.5,5.8,7.8,8.7,8.9,7.8,7.9,8.9,8.1,7.9,7.7,6.7,7.3,7.8,11.6,9.8,9.7,7.7,7.8,8.1,6.3,10.8,7.9,9.2,7.6,9.4,10.9,9.7,7.0,10.2,7.9,7.4,10.8,10.9,7.3,5.5,7.8,12.0,9.8,8.0,8.2,8.1,12.1,7.7,7.0
2026-07-15 10:00:00,6.6,7.4,9.5,7.4,7.2,18.8,8.5,8.8,7.0,7.3,8.3,11.3,10.3,8.7,6.0,8.3,8.0,7.2,8.5,7.5,10.3,10.3,9.4,7.2,8.7,6.8,7.1,9.6,12.1,7.7,9.6,9.2,11.9,12.6,9.4,10.0,11.6,9.0,11.0,9.2,11.9,9.6,12.5,10.7,9.4,8.9,11.1,13.5,9.8,9.4,9.7,9.1,6.7,9.3,7.4,6.1,7.5,8.4,9.5,8.1,8.2,9.2,7.9,8.1,8.1,7.1,7.1,8.2,11.8,10.4,10.7,8.1,8.5,8.9,6.6,9.9,8.0,10.1,7.6,9.9,11.2,9.7,7.1,10.7,7.5,7.8,11.1,11.9,7.0,6.1,8.0,12.4,10.4,8.7,8.1,7.7,10.3,8.0,7.3
2026-07-15 11:00:00,5.5,6.7,8.3,6.8,6.2,8.3,8.2,7.8,6.5,6.3,6.8,10.0,9.4,7.4,4.9,7.3,7.2,6.5,7.2,6.4,11.3,9.8,8.2,6.4,8.6,5.9,6.1,8.3,10.7,6.5,8.3,8.0,9.8,11.1,8.0,8.8,10.6,7.9,9.5,7.3,10.2,8.1,10.3,9.2,7.5,8.0,9.5,11.9,8.8,8.4,8.1,8.0,5.5,8.2,6.5,5.1,6.7,7.4,9.6,8.1,7.2,8.1,6.9,7.2,6.8,5.7,6.4,7.7,10.2,11.2,9.2,7.0,7.4,7.9,5.7,8.4,6.6,9.1,6.6,8.9,9.7,8.4,6.2,9.5,6.8,7.1,10.0,10.3,6.4,5.6,7.0,11.2,9.9,8.3,7.2,6.8,8.7,7.6,6.1
2026-07-15 12:00:00,4.8,6.3,8.5,6.2,5.6,8.3,7.4,7.5,6.3,6.2,6.6,10.6,8.3,7.3,4.8,7.2,6.7,6.3,6.8,6.3,18.8,9.2,10.9,6.0,8.1,6.2,5.9,7.7,9.7,6.6,7.9,7.6,9.9,11.3,7.3,7.9,9.7,7.1,8.8,6.6,9.4,7.6,9.1,8.9,7.0,7.2,8.5,11.9,8.1,8.2,7.7,7.6,5.4,7.7,6.3,5.5,6.6,7.1,8.7,7.3,7.0,7.7,6.7,6.7,6.3,5.4,6.3,7.1,10.7,9.4,9.0,6.9,7.1,7.9,5.2,9.1,6.7,9.0,6.6,8.5,10.0,8.0,6.0,9.4,6.7,6.9,9.1,10.0,6.5,5.2,6.9,10.9,8.8,8.3,7.0,6.5,8.4,7.5,5.7
2026-07-15 13:00:00,4.7,8.4,8.7,6.9,5.6,9.1,7.5,7.5,6.5,6.3,6.5,10.6,8.4,7.8,5.7,7.1,6.6,6.1,7.4,6.4,19.9,8.8,9.8,6.2,9.7,5.6,5.8,7.9,9.8,6.5,7.6,7.6,9.8,10.3,7.5,8.5,9.3,7.4,9.0,6.5,9.5,7.8,10.0,8.6,7.5,7.1,8.7,11.3,8.3,8.5,7.8,7.6,4.9,7.9,6.8,5.6,6.9,7.5,8.5,7.1,7.4,8.3,7.2,6.7,6.3,5.9,6.7,6.7,10.5,9.3,8.8,6.9,7.5,7.5,5.0,9.0,6.6,8.3,6.5,8.8,10.2,7.9,6.1,10.0,7.1,6.9,8.6,10.1,6.7,5.1,6.8,11.4,8.5,8.0,7.0,7.1,8.2,7.0,5.5
2026-07-15 14:00:00,5.1,7.8,8.9,6.5,5.6,9.5,8.0,7.7,6.1,6.4,6.5,10.3,8.6,7.3,5.4,6.8,6.9,6.1,7.5,6.5,12.5,8.9,10.3,6.0,7.9,6.1,5.9,7.6,9.9,6.3,7.9,7.6,9.9,10.5,7.3,8.6,9.2,7.1,9.0,6.8,9.7,7.5,10.4,8.8,7.6,7.3,8.7,11.1,8.3,8.4,7.4,7.7,5.2,7.9,6.8,5.5,6.4,7.2,8.7,7.4,7.2,8.6,6.8,6.8,6.5,5.9,5.9,6.6,10.2,9.7,9.2,7.2,7.8,7.4,5.0,8.6,6.6,7.8,6.4,8.7,12.6,8.1,6.3,10.0,7.1,7.0,8.7,10.5,6.6,,6.7,11.4,8.6,7.8,7.4,6.9,8.4,7.2,5.5
2026-07-15 15:00:00,5.1,8.6,9.1,6.7,5.4,9.7,8.1,7.2,6.4,6.4,6.4,10.6,8.8,6.9,5.7,6.8,6.5,6.1,7.3,6.2,9.3,9.0,7.8,6.0,8.2,5.8,5.5,7.3,9.6,6.3,7.7,7.4,9.6,10.3,6.9,8.8,9.0,6.8,8.9,6.2,9.9,7.2,10.0,8.5,7.2,7.3,8.8,11.0,8.0,8.2,7.3,7.5,5.1,7.7,6.5,5.3,6.2,7.3,9.1,7.6,7.2,8.6,6.8,6.8,6.4,6.0,5.8,6.7,10.2,9.5,8.5,7.0,7.6,7.3,4.7,9.0,6.7,7.9,6.3,8.4,9.9,8.1,6.2,9.8,6.9,6.7,8.5,10.0,6.6,5.6,6.8,11.1,8.6,8.2,7.1,6.9,8.2,7.4,5.2
2026-07-15 16:00:00,5.4,8.1,9.6,6.2,5.5,9.7,7.8,7.2,6.5,6.6,6.2,9.9,8.4,6.9,5.4,6.4,6.1,5.8,7.5,6.6,9.4,8.5,7.7,5.8,7.8,5.6,5.5,7.1,9.5,6.1,7.8,7.7,9.4,9.7,7.0,8.0,9.3,7.0,8.6,6.0,10.1,7.3,9.3,8.2,7.2,7.1,8.4,10.8,7.8,8.1,7.2,7.3,5.0,7.7,6.8,5.2,6.2,7.3,8.9,7.4,7.3,8.4,6.7,6.8,6.5,6.1,5.8,6.7,9.3,9.2,8.6,7.0,7.7,7.3,4.5,9.4,7.0,7.8,6.2,7.8,10.3,8.2,6.4,9.5,7.1,6.6,8.5,9.7,6.8,5.3,6.8,10.6,7.9,7.9,7.6,6.8,8.1,7.1,5.0
2026-07-15 17:00:00,6.1,8.2,8.5,6.2,6.3,9.0,8.0,7.2,7.2,6.9,6.4,9.7,8.1,7.4,5.8,6.6,6.1,6.3,7.4,6.8,8.5,8.3,7.1,6.3,7.7,6.6,6.0,7.1,9.5,6.4,7.9,7.8,9.2,9.3,6.8,7.6,9.1,7.0,8.7,5.7,10.0,7.4,9.1,8.2,7.1,7.2,8.8,10.5,7.8,8.3,7.5,7.6,5.2,7.5,7.1,5.0,6.9,8.2,8.8,7.6,7.5,7.9,7.1,7.0,7.0,6.6,6.4,6.9,9.1,8.8,8.6,6.9,7.7,7.4,4.6,11.3,7.3,7.9,6.7,7.9,9.2,8.4,6.6,9.0,7.5,6.5,8.3,9.1,7.5,5.5,7.4,9.9,7.7,8.0,7.8,7.2,7.9,7.0,5.3
2026-07-15 18:00:00,6.6,6.8,9.5,7.1,6.7,10.3,8.0,8.0,7.3,7.3,6.8,10.6,8.1,8.1,6.5,6.8,6.2,6.0,7.8,7.1,8.9,9.5,7.2,6.0,7.8,6.3,6.3,7.7,10.6,6.6,8.5,8.1,10.3,10.4,7.1,8.0,9.9,7.4,9.6,6.6,10.5,8.1,9.5,8.7,7.4,7.4,9.0,11.7,8.5,8.9,8.3,8.3,5.9,8.1,7.9,5.9,7.0,8.4,8.7,7.8,8.0,8.2,7.6,7.7,7.5,6.8,6.8,7.8,10.3,9.0,9.2,7.2,8.1,7.6,4.7,11.3,7.4,8.1,6.9,7.8,10.1,9.6,7.2,9.5,8.2,7.0,9.1,9.8,7.2,5.5,7.4,11.1,7.8,8.1,8.8,7.8,8.9,7.2,5.6
2026-07-15 19:00:00,6.8,7.2,8.9,7.3,7.1,9.7,8.2,7.8,7.2,7.6,7.1,10.4,8.3,8.2,6.3,6.8,7.0,6.4,8.3,7.3,9.0,9.7,7.5,6.3,8.0,6.6,6.6,7.6,10.2,7.1,7.9,7.5,10.2,9.8,7.2,8.0,9.1,8.2,9.1,6.9,11.1,8.1,9.8,8.8,7.8,7.8,9.1,11.0,8.3,8.8,8.4,8.5,6.5,8.2,7.5,5.0,7.0,8.0,9.0,7.9,8.0,8.2,8.0,7.8,7.6,7.1,7.1,8.1,9.7,8.9,8.9,7.4,8.4,7.9,5.2,11.5,7.8,8.6,6.9,8.1,10.0,9.1,6.8,9.5,7.8,6.8,8.5,10.0,7.6,5.9,7.6,11.5,8.7,8.4,8.5,7.5,8.7,7.7,6.1
2026-07-15 20:00:00,7.2,7.4,9.4,7.5,7.5,10.8,9.0,8.4,7.5,7.9,7.7,10.5,9.4,8.7,6.4,7.8,8.1,7.0,8.9,7.6,9.9,9.6,9.0,,8.5,6.8,6.9,8.7,11.0,7.7,8.5,8.2,10.7,10.6,8.0,8.7,9.9,8.4,10.1,8.1,12.0,8.7,11.2,9.7,8.6,8.5,9.8,12.1,9.3,9.7,9.1,9.1,7.3,9.4,7.9,6.1,7.7,8.7,9.7,8.5,8.4,8.4,9.3,8.3,8.0,7.2,7.4,8.7,10.0,10.6,10.3,8.1,9.1,8.4,6.0,12.0,8.0,,7.4,8.6,10.5,9.7,7.1,9.9,8.2,7.4,9.6,11.4,7.7,6.5,8.1,11.4,9.4,8.9,8.8,8.1,9.1,8.1,7.2
2026-07-15 21:00:00,7.3,8.5,10.2,8.0,7.8,11.7,9.6,9.7,8.2,8.3,8.3,11.3,10.4,10.0,7.0,9.1,8.6,7.8,9.4,7.9,10.6,10.5,9.8,8.2,9.2,7.6,7.2,9.6,12.2,8.9,9.9,9.4,11.9,11.8,9.0,9.8,11.0,9.3,11.1,8.8,12.7,9.4,12.3,10.6,9.5,9.2,10.9,13.2,10.0,9.8,10.0,10.1,7.6,9.6,8.5,6.3,8.8,9.5,10.4,9.3,8.8,9.2,10.5,8.4,8.6,7.6,8.2,8.9,11.8,11.3,10.6,8.5,9.7,8.9,6.8,13.3,8.8,10.0,8.3,9.7,12.2,10.4,7.7,11.0,8.9,7.9,10.9,12.0,8.4,6.9,8.8,12.2,10.5,9.5,9.6,8.8,10.2,8.7,7.5
2026-07-15 22:00:00,8.0,8.4,11.2,8.7,8.4,12.6,10.3,10.5,8.6,9.1,8.9,12.8,11.4,10.9,7.3,9.8,9.3,8.4,10.6,8.6,11.4,11.6,10.5,9.0,9.8,8.0,7.7,10.7,14.1,9.2,11.1,10.6,13.6,13.3,10.4,11.7,12.3,10.5,12.5,9.9,13.8,10.5,13.7,11.7,10.7,10.2,12.4,14.9,11.0,10.8,11.4,11.2,8.6,10.3,9.1,6.8,9.8,10.4,11.3,9.9,9.9,10.0,12.8,9.1,9.1,8.4,8.9,9.4,13.4,12.2,11.7,9.3,10.4,9.5,7.4,14.2,9.7,10.3,9.4,10.7,13.2,11.6,8.2,12.5,9.6,8.9,12.0,13.2,8.9,7.9,9.5,13.6,11.4,10.2,10.3,9.6,11.6,9.5,8.1
2026-07-15 23:00:00,9.9,9.1,11.9,9.4,9.4,13.4,11.2,11.1,9.2,9.9,9.8,16.1,12.5,11.9,7.6,10.7,9.9,9.0,11.2,9.6,12.5,12.3,11.2,9.7,10.9,8.9,8.2,11.5,15.1,10.1,12.1,11.7,14.8,14.3,11.9,11.6,13.3,11.5,13.5,11.5,14.9,11.6,15.6,13.0,11.8,11.6,13.0,16.0,11.7,11.5,12.4,12.1,9.6,11.4,9.9,7.1,10.2,11.3,12.2,11.0,11.0,10.9,13.0,9.9,9.8,8.9,9.3,10.3,15.4,13.1,12.7,9.8,11.4,10.3,8.3,15.7,10.2,11.2,9.9,11.4,13.7,12.4,8.9,13.2,10.3,9.8,13.4,14.8,9.7,9.0,10.5,14.7,12.1,11.1,11.1,10.3,12.5,10.1,8.9
2026-07-16 00:00:00,9.5,9.2,11.0,10.1,10.2,13.0,11.8,11.2,9.7,10.5,10.6,14.4,12.7,12.8,8.5,11.4,10.4,9.4,10.8,9.5,12.1,12.1,11.5,10.2,11.4,10.0,8.9,11.5,15.6,10.6,12.7,12.3,14.5,14.1,11.6,11.6,13.0,11.7,13.1,11.7,15.6,11.8,15.6,12.8,11.8,12.6,13.6,15.0,11.7,11.4,13.0,13.1,10.3,11.6,10.3,6.9,10.7,11.8,13.0,11.9,11.0,11.0,12.1,10.0,10.7,9.6,9.8,11.0,14.5,12.8,12.9,9.9,11.2,11.2,8.6,16.8,10.6,12.4,10.4,11.2,13.8,12.6,9.4,12.4,10.7,9.4,12.9,14.7,10.2,10.2,10.7,14.4,12.9,11.9,11.5,10.9,12.8,10.7,9.6
2026-07-16 01:00:00,9.6,9.0,10.6,10.4,9.8,12.7,11.1,11.7,10.1,10.1,11.2,12.9,11.6,13.2,8.7,10.6,9.6,9.1,10.7,9.0,11.7,11.6,10.8,11.4,10.6,10.7,8.5,11.2,15.1,10.2,12.9,12.7,14.6,13.6,11.7,11.0,12.9,11.3,13.1,11.2,15.0,12.1,14.0,12.6,11.5,12.7,13.5,15.1,11.5,11.2,12.4,13.7,11.1,11.1,10.7,6.7,11.1,11.8,12.1,11.4,10.9,10.3,11.3,10.1,10.8,9.4,10.3,10.4,13.5,12.1,12.0,9.3,10.8,11.9,8.4,17.3,10.1,12.7,10.1,10.7,13.6,12.1,9.9,12.1,11.2,9.3,12.6,13.9,11.4,9.6,10.5,13.6,12.1,11.8,11.9,11.2,12.8,10.3,9.8
2026-07-16 02:00:00,9.3,11.5,10.3,10.2,8.9,12.5,10.7,11.7,10.1,9.8,10.9,12.6,12.9,12.7,8.7,10.6,10.1,9.9,10.8,9.7,12.3,11.8,14.6,11.6,10.6,10.4,8.3,10.6,15.3,9.8,14.7,14.0,16.1,13.9,12.0,11.5,12.9,12.8,13.6,11.7,14.5,11.9,15.8,13.2,11.8,11.8,13.1,14.6,10.9,10.7,14.8,14.4,11.4,11.5,10.6,6.5,10.9,12.2,11.7,10.9,10.3,10.4,11.1,10.8,10.1,8.6,10.1,11.0,14.1,12.2,12.4,9.7,11.0,11.7,8.1,16.6,10.0,12.9,10.1,10.5,14.9,13.0,10.1,11.7,11.0,9.5,13.4,14.3,11.5,9.0,11.5,13.3,11.8,10.9,12.2,10.8,14.1,9.8,9.0
2026-07-16 03:00:00,8.6,16.0,10.4,9.2,8.9,12.2,13.6,11.3,9.7,9.3,9.9,13.5,14.7,12.0,7.8,11.4,13.0,9.8,10.8,9.2,11.8,12.8,14.1,10.5,11.0,9.7,8.1,10.8,16.6,10.5,14.4,13.3,16.1,15.1,11.2,11.1,13.7,11.0,13.0,11.4,19.3,11.5,14.5,12.7,11.7,11.2,13.6,15.2,11.0,10.8,13.6,13.9,10.0,10.6,10.4,6.6,10.3,12.3,12.3,10.7,10.1,10.2,10.4,9.8,9.5,8.2,9.7,10.7,15.1,11.7,11.7,9.5,11.0,10.7,7.7,15.4,10.3,12.1,10.8,11.3,14.2,13.6,9.8,11.5,10.6,8.9,14.5,13.6,10.4,8.4,11.5,14.3,13.8,10.4,11.6,10.4,13.3,9.3,8.6
2026-07-16 04:00:00,8.7,9.7,10.6,8.9,8.8,12.3,11.2,10.9,9.3,9.4,9.5,13.7,11.8,11.6,7.6,11.3,9.5,9.5,10.4,9.1,11.3,12.6,10.9,10.4,10.9,9.2,8.9,11.1,16.9,11.2,13.6,13.0,16.3,15.1,11.9,10.9,13.2,11.8,13.5,11.2,17.9,12.3,14.0,12.6,11.8,12.4,14.9,14.9,11.3,10.9,14.1,13.7,9.2,10.8,10.0,6.6,10.1,11.7,12.6,12.1,10.8,9.8,9.9,9.8,9.7,8.4,9.4,10.2,14.8,11.6,11.7,9.2,10.6,10.3,8.9,14.9,10.7,11.5,10.8,11.4,14.2,13.2,9.6,11.6,10.3,9.1,14.5,13.3,10.4,10.0,10.9,14.1,12.4,12.1,11.6,9.9,13.9,10.5,9.3
2026-07-16 05:00:00,9.3,9.5,10.8,8.7,9.1,12.7,10.4,10.1,9.0,9.7,10.1,14.3,12.4,11.0,7.3,10.7,9.6,9.1,11.5,9.5,12.1,12.6,11.6,9.8,10.1,8.8,8.6,11.9,16.6,11.4,12.7,12.1,16.2,15.4,13.0,11.6,14.0,12.8,14.1,11.9,15.4,13.1,15.4,13.9,13.2,12.0,14.9,16.4,11.9,11.6,13.7,12.9,10.1,11.8,9.2,6.7,9.5,10.9,11.4,10.6,11.1,10.0,9.4,9.8,9.8,8.8,8.8,10.3,15.3,12.0,12.3,10.1,11.8,11.3,8.5,13.9,10.5,12.5,10.4,11.8,13.8,12.6,8.8,11.7,9.5,9.6,14.1,14.0,10.0,8.8,10.5,15.0,11.5,11.0,10.5,9.3,13.2,9.5,8.7
2026-07-16 06:00:00,8.3,9.5,10.7,8.6,9.0,12.6,10.6,9.8,8.4,9.7,9.4,13.2,13.0,10.6,7.5,10.2,9.8,8.8,11.2,9.6,12.3,11.7,11.6,9.5,10.3,8.3,8.7,11.0,15.9,11.0,12.2,11.7,15.3,14.4,12.3,11.8,12.8,12.1,13.2,12.0,16.1,12.3,15.7,13.8,12.6,12.2,14.1,15.4,11.0,10.6,12.8,12.2,10.2,11.3,9.1,6.5,9.2,10.4,11.5,10.4,10.5,10.3,9.0,9.7,10.0,8.8,8.5,10.3,13.9,11.8,12.1,10.1,11.2,10.7,8.4,13.1,10.3,11.8,9.6,11.0,13.0,11.8,8.5,11.7,9.1,9.3,13.1,13.8,9.6,8.7,10.0,13.7,11.9,10.5,10.0,9.0,12.6,9.4,9.0
2026-07-16 07:00:00,7.8,8.5,9.9,8.0,8.5,12.0,9.5,9.4,7.6,8.5,9.1,12.3,11.6,10.0,6.6,9.8,9.2,8.2,10.1,8.7,11.0,11.1,10.6,8.9,9.5,8.0,7.9,10.6,15.4,9.4,11.7,11.2,13.6,14.3,11.0,11.3,12.0,10.9,12.6,11.0,14.3,11.6,14.4,12.6,11.4,11.5,13.5,14.6,10.7,10.3,12.0,11.4,8.6,10.4,8.7,6.3,8.5,9.6,10.5,10.1,9.9,9.9,8.6,8.6,9.2,8.1,7.9,9.5,12.9,11.3,11.5,9.3,10.2,10.0,7.8,12.1,9.3,11.4,9.1,10.5,12.3,11.4,8.2,10.8,8.7,9.0,12.7,13.1,8.5,8.0,9.5,13.0,11.2,9.7,9.7,9.3,12.1,9.0,8.5
2026-07-16 08:00:00,7.2,8.2,9.4,7.6,7.8,10.8,9.0,9.0,7.2,7.4,8.5,11.5,10.3,9.3,6.1,9.1,8.9,7.6,8.8,7.7,9.9,10.8,9.8,8.2,9.4,7.6,7.2,10.0,14.4,8.0,10.7,10.8,12.3,13.7,9.9,11.1,12.0,9.8,12.4,9.9,12.9,10.1,13.0,11.4,10.1,9.8,12.6,13.8,10.4,10.0,11.3,10.5,7.6,9.8,7.8,6.3,8.1,9.2,9.9,9.5,8.8,9.5,8.3,7.9,8.5,7.4,7.6,8.9,12.1,10.9,10.9,8.6,8.7,9.1,7.0,11.4,8.4,10.8,8.2,10.3,11.4,10.6,7.5,10.3,8.2,8.3,12.2,12.5,7.6,6.7,8.8,12.8,10.7,9.0,8.8,8.2,10.8,8.6,7.6
2026-07-16 09:00:00,6.6,7.2,8.7,7.5,7.5,9.2,8.5,8.9,7.3,7.2,8.3,11.1,9.9,9.1,6.0,8.3,8.3,7.1,8.2,7.3,9.2,10.8,9.3,7.5,8.5,7.9,7.0,9.4,12.2,7.5,9.9,9.9,11.5,12.0,9.1,9.8,11.5,8.8,10.9,8.7,11.9,9.1,11.4,10.3,9.4,8.8,10.6,12.9,9.7,9.4,10.4,9.8,6.5,9.2,7.4,6.0,7.9,9.0,9.0,8.4,8.2,9.0,8.1,7.7,8.1,7.1,7.6,8.0,12.1,10.2,10.2,8.2,8.3,8.3,6.6,10.5,7.9,9.9,7.6,9.7,10.9,10.3,7.2,9.7,7.9,8.0,10.9,11.7,7.0,,8.0,11.9,10.0,8.3,8.2,7.8,10.0,8.0,7.6
2026-07-16 10:00:00,5.9,6.8,8.4,7.1,7.0,9.3,8.0,8.2,6.8,6.6,7.6,10.7,9.5,8.4,5.7,7.6,7.9,6.7,7.5,6.9,10.9,9.1,9.2,6.8,8.2,7.3,44.8,8.6,10.6,6.8,8.7,8.6,10.5,10.8,8.2,9.0,10.1,7.9,9.4,7.7,10.8,8.2,11.4,9.5,8.4,8.5,9.6,11.8,9.0,8.7,8.6,8.3,6.1,8.5,6.8,5.6,7.3,7.9,8.9,7.8,7.6,8.6,7.6,7.7,7.2,6.6,6.9,7.9,11.0,9.6,9.4,7.7,7.7,8.0,6.3,9.5,7.3,9.1,7.0,9.3,10.2,9.0,6.3,9.8,7.1,7.3,9.8,10.7,6.7,5.4,7.3,11.8,9.7,8.0,7.5,7.2,9.0,7.5,7.1
2026-07-16 11:00:00,6.0,7.2,9.0,7.2,7.0,9.3,8.3,8.5,6.7,6.8,7.8,10.7,9.3,8.4,5.9,7.8,8.0,6.6,7.8,7.0,9.8,11.1,9.1,6.6,9.9,6.5,6.7,8.7,10.6,6.9,8.6,8.2,10.7,10.9,8.1,8.9,10.1,8.2,9.5,7.7,11.2,8.3,10.9,9.7,8.2,8.3,9.7,11.9,9.2,8.7,8.3,8.1,6.3,8.8,7.0,5.7,7.3,7.9,9.4,8.1,7.6,8.9,7.6,9.5,7.3,6.7,7.0,8.0,11.2,10.0,9.8,7.8,7.9,8.4,6.4,9.1,7.0,9.6,7.1,9.3,10.5,8.7,6.3,10.5,7.3,7.4,9.9,11.1,6.7,5.4,7.3,11.5,10.1,8.8,7.5,7.2,9.0,7.9,7.2
2026-07-16 12:00:00,5.7,6.5,9.1,7.1,6.5,9.9,8.5,8.1,6.4,7.0,7.5,10.8,9.4,7.8,5.6,7.7,7.8,6.5,7.7,6.7,10.6,9.4,9.7,6.4,9.6,5.7,8.5,8.3,10.1,6.9,8.2,8.0,10.6,10.5,7.9,9.2,9.7,7.8,9.0,7.7,10.9,8.1,11.1,9.3,7.9,8.3,9.0,11.9,8.6,8.7,8.0,7.9,6.1,9.3,7.0,5.7,6.7,7.4,9.7,8.1,7.5,9.1,7.3,7.5,7.2,6.5,30.7,7.8,11.3,10.1,9.7,7.8,7.9,8.5,6.4,8.8,6.9,9.9,7.1,9.2,10.6,8.4,6.3,10.1,7.3,7.4,9.4,11.0,6.6,6.3,7.2,11.5,9.9,8.9,7.5,7.2,9.0,8.0,6.7
2026-07-16 13:00:00,5.6,6.5,9.1,6.7,6.3,8.7,8.2,7.7,5.9,6.8,7.2,10.3,8.9,7.4,5.3,7.2,7.4,6.2,7.5,6.4,12.3,8.7,9.5,5.9,9.5,5.4,11.0,8.0,9.5,6.5,7.5,7.4,9.5,9.9,7.6,8.6,9.2,7.5,8.8,6.8,10.1,7.9,10.3,8.9,7.8,7.9,8.5,11.1,8.5,8.3,7.7,7.4,5.8,8.4,6.6,5.3,6.5,7.1,9.2,7.8,7.6,8.8,6.9,7.3,6.9,6.4,11.0,7.2,10.3,9.4,9.2,7.4,8.0,8.3,5.9,8.7,6.8,9.5,6.7,8.5,9.8,8.0,6.0,9.9,6.9,7.1,8.4,10.3,6.3,6.2,6.9,10.6,9.4,8.7,7.2,6.9,8.2,7.9,6.5
2026-07-16 14:00:00,5.4,8.2,8.0,6.2,5.7,8.6,7.9,7.1,6.1,6.7,6.8,9.4,8.5,6.9,5.0,6.7,6.8,6.2,7.2,6.2,9.0,8.1,8.9,5.8,8.1,5.6,31.9,7.2,9.0,6.3,6.8,6.6,9.1,8.8,6.9,7.9,8.4,7.1,8.4,6.3,9.7,7.1,9.6,8.4,7.3,7.4,8.0,9.9,8.0,7.9,6.9,7.0,5.4,7.6,6.3,4.9,6.1,6.8,8.8,7.6,7.0,8.0,6.6,7.2,6.5,6.2,5.7,7.0,9.6,8.9,8.5,7.0,7.5,7.8,5.1,8.6,6.7,8.5,6.3,8.0,10.1,7.5,5.6,9.2,6.7,6.5,7.7,9.8,6.5,5.7,6.6,10.1,8.7,8.3,6.8,6.6,7.8,7.2,5.8
2026-07-16 15:00:00,5.4,6.0,7.3,6.0,5.7,7.2,7.5,6.5,6.0,6.7,6.5,8.9,7.8,6.6,4.9,6.7,6.2,6.1,7.2,6.2,9.1,7.5,8.3,5.9,7.5,5.7,5.9,6.7,8.5,6.2,6.9,6.7,8.8,8.0,6.8,7.3,7.6,6.9,7.8,5.3,9.6,6.8,8.8,7.6,7.3,7.1,8.1,8.7,7.2,7.4,7.0,6.9,4.8,7.4,6.1,4.1,5.7,6.9,8.4,7.3,7.1,7.5,6.4,6.8,6.3,6.3,5.4,6.7,8.7,8.2,7.8,6.4,7.6,7.4,4.3,8.8,6.8,8.0,6.4,7.4,9.5,7.1,5.7,8.5,6.5,6.4,7.2,8.4,6.6,5.4,6.7,9.5,7.8,7.8,6.5,6.4,7.4,6.8,5.2
2026-07-16 16:00:00,5.6,6.6,7.3,5.6,5.8,6.9,7.3,6.6,6.3,6.9,6.4,8.6,7.4,6.6,4.8,6.5,5.9,6.0,7.2,6.6,11.5,7.5,7.0,7.0,7.0,5.6,5.5,6.9,8.7,6.3,6.9,6.9,8.6,7.8,6.8,6.8,8.1,7.2,7.9,5.3,10.1,7.2,8.0,7.9,7.1,6.9,8.3,9.0,7.4,7.7,7.1,6.9,4.9,7.5,6.3,4.2,5.8,7.1,8.0,7.0,7.5,6.8,6.2,6.8,6.7,6.4,5.6,6.6,8.2,7.9,8.2,6.7,7.6,7.3,4.3,9.1,7.1,7.7,6.5,7.0,8.7,7.5,5.9,7.8,6.5,6.5,7.4,8.4,6.8,5.6,6.9,9.0,7.2,7.3,6.8,6.3,7.3,6.6,5.3
2026-07-16 17:00:00,5.9,6.2,7.5,5.8,6.0,7.2,7.5,6.7,6.2,6.9,6.4,8.6,7.3,6.7,5.2,6.1,6.1,5.5,7.5,6.4,8.1,7.6,7.0,5.3,6.9,5.9,5.7,6.8,8.9,6.2,7.2,7.2,8.6,7.7,6.8,6.8,8.1,7.3,8.0,5.4,9.7,7.3,8.0,8.0,7.1,7.1,8.1,9.0,7.3,7.9,7.0,7.0,4.9,7.5,6.5,4.1,5.7,7.1,8.2,7.3,7.4,6.8,6.5,6.9,6.9,6.5,5.5,6.8,8.5,7.9,8.3,6.7,7.7,7.2,4.3,8.9,7.0,7.6,6.4,6.9,8.9,7.7,6.1,8.0,6.8,6.5,7.6,8.1,6.7,5.2,6.9,9.1,7.3,7.4,7.4,6.6,7.5,6.3,5.4
2026-07-16 18:00:00,6.3,6.3,8.2,6.2,6.3,7.9,7.5,6.6,6.4,6.9,6.5,9.0,7.1,7.0,5.4,5.9,6.0,5.2,7.3,6.5,8.0,8.0,6.8,5.1,7.0,5.6,5.9,6.7,8.9,6.1,7.2,6.9,8.9,8.2,6.5,7.0,8.3,7.0,8.3,5.4,10.1,7.2,8.1,7.9,6.9,7.2,8.1,9.5,7.5,7.7,7.2,7.0,5.7,7.5,6.7,4.4,6.1,7.1,7.8,7.2,7.3,7.1,6.6,7.0,7.0,6.5,5.8,7.3,9.2,7.8,8.2,6.6,7.7,7.3,4.7,10.0,6.7,7.8,6.2,7.0,8.7,8.0,6.5,8.1,7.0,6.2,7.7,8.3,6.7,5.3,6.6,9.6,7.1,7.4,7.5,6.7,7.6,6.6,5.5
2026-07-16 19:00:00,6.5,6.5,8.4,6.7,6.4,8.2,7.6,7.2,6.6,6.9,6.6,9.0,7.5,7.4,5.7,6.0,6.4,5.2,7.4,6.6,8.1,8.5,6.8,5.3,7.2,5.8,5.9,6.9,9.3,6.1,7.3,6.9,9.3,8.3,6.4,7.1,8.5,6.8,8.4,5.8,9.8,7.3,8.6,8.0,6.8,7.1,,9.9,7.6,8.0,7.6,7.8,5.8,8.0,7.0,4.5,6.5,7.5,8.1,7.4,7.2,7.4,7.3,7.2,7.0,6.4,6.5,7.5,8.5,8.1,8.3,6.6,7.6,7.4,4.4,10.1,6.8,8.1,6.2,7.2,8.9,8.4,6.7,8.4,7.4,6.4,7.8,8.9,6.8,5.3,6.8,10.0,7.8,7.7,7.8,7.0,8.0,6.9,5.5
2026-07-16 20:00:00,6.4,6.5,8.5,6.8,6.4,8.6,7.9,7.6,6.6,6.9,6.6,9.2,7.8,7.4,5.5,6.7,7.0,5.8,7.5,6.6,8.3,8.8,8.7,5.9,7.4,6.0,6.1,7.5,9.8,6.3,7.5,7.2,9.6,9.0,6.7,7.3,8.8,7.3,8.7,6.1,10.9,7.5,9.2,8.4,7.1,7.5,8.1,10.5,8.0,8.3,7.9,8.1,6.9,8.8,7.0,4.9,6.7,7.6,8.6,7.5,7.5,7.8,7.5,7.5,7.0,6.4,6.5,7.9,8.9,9.0,8.8,6.9,7.8,7.5,4.8,10.1,6.8,8.3,6.4,7.7,9.5,8.6,6.4,8.9,7.3,6.5,8.3,9.2,6.8,5.7,7.1,10.5,8.1,7.9,7.9,7.1,8.1,7.5,6.3
2026-07-16 21:00:00,6.6,7.0,9.3,7.0,7.0,9.9,8.4,8.2,6.9,7.3,7.4,9.8,9.0,8.4,6.0,7.8,7.5,6.6,8.0,7.0,8.7,10.2,10.7,6.9,7.8,6.4,6.3,8.3,10.7,7.2,8.3,7.9,9.9,9.6,7.3,8.2,9.1,7.9,9.2,6.6,11.0,7.8,9.8,8.6,7.8,7.8,8.6,10.8,8.5,8.5,8.5,8.3,7.7,8.2,7.2,5.2,7.6,7.7,9.0,7.8,7.7,8.1,7.9,7.9,7.3,6.6,6.8,8.4,10.1,9.9,9.3,7.4,8.2,8.1,5.5,10.7,7.7,8.9,7.2,8.6,10.9,8.9,6.7,9.3,7.9,6.9,9.0,9.7,7.7,6.0,7.7,12.3,8.9,8.5,8.0,7.6,,7.8,7.1
2026-07-16 22:00:00,7.2,7.6,9.3,7.9,7.6,10.7,8.8,9.1,7.5,7.9,8.6,10.6,10.0,9.6,7.3,9.3,8.3,7.5,8.9,7.6,9.6,9.9,9.7,7.9,8.2,6.9,6.9,9.9,11.2,9.1,9.0,9.3,11.0,10.0,8.5,8.9,10.3,8.6,10.3,7.5,13.3,8.8,11.1,9.5,8.8,8.9,9.5,11.7,9.1,9.4,9.4,9.0,,8.6,7.9,5.9,8.3,8.3,9.6,8.5,9.0,8.6,8.3,8.5,7.9,7.3,7.5,9.2,11.7,10.8,10.4,7.8,8.7,9.4,6.5,12.4,8.6,9.7,8.1,9.7,11.4,9.7,7.3,15.5,8.5,7.4,10.7,10.6,8.6,6.6,8.5,13.1,9.7,9.2,9.0,8.2,9.5,8.2,8.5
2026-07-16 23:00:00,7.6,8.5,9.9,9.8,8.0,12.2,9.4,9.5,8.1,8.5,9.1,11.4,10.8,10.7,6.7,10.2,9.0,8.2,9.7,9.4,10.4,10.6,9.6,8.4,8.6,7.4,7.3,10.1,12.1,10.5,10.2,10.4,11.9,11.1,9.3,9.6,10.8,9.1,10.8,8.3,13.7,9.6,12.4,10.2,9.7,10.1,10.4,12.6,9.8,9.9,10.7,10.2,8.5,9.5,8.9,6.2,9.1,10.4,10.2,9.1,9.5,9.1,9.3,,8.6,7.6,8.2,9.9,12.6,11.9,10.2,8.9,9.4,9.8,6.9,13.9,9.2,10.1,8.6,10.2,11.5,10.7,8.0,14.4,11.0,7.6,11.4,11.7,8.9,7.1,9.3,15.4,10.2,10.1,9.6,8.9,10.5,8.8,9.0
2026-07-17 00:00:00,8.0,8.6,10.4,16.6,8.6,12.3,9.4,10.1,8.5,9.3,9.8,12.0,11.3,11.5,6.9,11.5,9.6,8.8,9.9,9.0,11.1,10.9,10.2,9.1,9.3,8.2,7.6,10.5,12.9,11.0,11.0,10.8,12.9,12.1,10.6,10.1,10.7,10.1,11.6,9.3,13.7,10.4,13.6,10.9,10.3,9.7,11.5,13.0,10.4,10.4,11.9,10.7,8.2,10.3,9.6,6.5,9.5,11.4,10.9,9.7,11.3,9.3,10.1,,9.2,8.1,8.6,10.3,13.4,11.8,12.1,9.2,9.8,9.9,7.4,15.1,9.9,10.8,9.3,10.6,12.2,11.5,8.6,13.4,10.5,7.9,11.8,12.2,9.7,7.7,9.8,15.2,10.9,10.6,10.1,9.6,10.7,9.3,9.1
2026-07-17 01:00:00,8.4,9.0,10.8,20.0,9.0,12.6,9.8,10.2,9.1,9.6,10.6,12.4,11.7,12.3,7.4,10.9,9.7,9.4,10.3,9.1,11.8,10.9,10.4,10.0,9.8,9.1,8.0,10.8,13.6,10.7,12.1,11.3,12.8,12.5,10.8,10.5,10.5,10.5,11.7,10.0,14.6,10.8,14.3,11.5,10.6,10.5,12.7,13.4,10.7,10.3,11.9,12.0,8.8,10.3,9.8,6.7,10.2,11.3,11.6,10.4,12.4,10.0,10.6,9.8,9.7,8.6,9.3,10.9,13.3,12.0,11.2,9.8,10.5,10.6,7.9,15.8,10.1,11.6,9.7,10.6,12.5,11.7,8.9,13.9,10.2,8.5,11.9,13.0,10.1,8.3,10.5,15.1,11.6,11.1,10.6,10.3,11.0,9.8,9.2
2026-07-17 02:00:00,8.7,9.2,10.9,12.3,9.2,12.6,10.1,10.1,9.5,9.9,11.7,12.4,12.4,13.2,7.9,10.5,10.0,9.7,10.7,9.4,12.2,10.8,10.7,10.3,10.5,9.8,8.2,11.0,13.4,10.8,12.3,12.0,13.0,12.0,11.1,10.7,9.7,10.3,11.0,10.2,15.2,10.9,14.9,11.8,11.0,10.7,12.4,13.9,10.5,10.1,12.2,12.1,9.1,10.5,9.5,6.8,10.8,11.0,11.9,11.1,11.1,10.3,11.2,10.1,10.2,8.8,10.1,11.4,13.3,11.9,11.6,10.6,10.3,10.9,8.1,16.7,10.0,12.2,10.0,10.3,12.4,12.0,8.8,12.0,10.1,8.5,12.2,13.0,10.8,8.6,10.2,13.5,12.1,11.6,10.6,10.5,11.0,10.1,9.3
2026-07-17 03:00:00,8.7,9.7,11.4,10.9,9.2,12.5,10.5,10.1,10.0,10.3,12.4,12.1,12.6,14.1,8.4,10.7,10.0,10.2,11.0,9.6,12.6,10.5,10.3,10.8,11.1,10.4,8.4,10.4,12.4,10.6,12.4,12.3,11.7,11.2,11.1,11.4,9.3,10.5,11.1,11.1,15.4,10.7,15.9,12.2,10.9,11.2,12.5,13.3,10.4,10.2,12.5,12.0,8.6,10.6,9.5,6.4,11.2,10.9,11.9,11.6,12.0,10.8,11.4,10.3,10.9,9.2,10.5,12.0,12.8,12.3,11.6,11.9,10.6,11.4,8.3,18.3,11.1,12.8,10.5,10.4,12.5,11.7,8.9,12.1,9.9,8.6,11.3,13.6,10.7,8.5,10.5,13.0,12.5,12.2,10.6,10.9,11.5,10.5,9.5
2026-07-17 04:00:00,9.1,9.6,11.7,10.8,9.3,12.4,11.0,10.2,10.5,10.5,12.2,12.3,12.9,14.7,8.8,11.1,10.4,10.6,11.7,10.0,13.2,11.1,10.8,11.2,11.4,10.6,8.5,10.3,13.0,11.0,12.6,12.4,12.4,11.9,11.8,12.1,9.7,12.4,11.6,12.1,16.2,10.9,16.6,13.0,11.4,11.7,14.1,14.0,10.9,10.8,13.1,12.7,8.5,10.5,9.8,6.5,11.7,11.3,11.7,12.1,12.6,11.1,10.8,10.6,11.2,9.3,11.0,12.0,12.7,12.8,12.0,11.4,11.2,11.8,8.3,19.0,11.4,13.3,10.7,10.4,11.5,11.4,9.0,11.9,10.8,8.9,10.9,14.4,11.0,8.9,10.9,13.1,12.9,12.1,10.9,11.8,10.2,10.7,10.3
2026-07-17 05:00:00,8.8,9.8,11.9,10.7,9.4,12.7,11.0,10.6,10.8,10.6,11.6,12.8,13.6,15.1,9.1,11.4,11.1,10.8,11.8,10.4,13.7,12.5,11.4,11.5,11.5,10.6,9.2,11.2,13.8,11.1,13.7,13.0,13.3,13.0,12.7,12.5,10.1,12.8,12.1,12.5,17.8,12.5,17.1,13.4,12.7,12.0,15.6,14.9,11.2,10.8,14.0,13.8,9.0,11.2,10.8,6.8,12.2,11.7,12.7,12.0,12.4,11.3,11.1,10.8,10.9,9.4,11.2,12.2,13.1,13.1,12.6,10.8,11.1,12.3,8.4,20.2,11.4,13.6,10.8,10.8,11.4,11.3,9.7,13.0,11.7,9.2,11.5,15.0,11.0,8.9,11.4,14.8,13.3,12.3,11.0,12.3,11.2,10.9,10.7
2026-07-17 06:00:00,9.1,10.1,12.8,10.9,9.4,13.9,11.0,11.7,11.0,10.8,11.3,13.6,14.5,15.4,9.3,11.7,12.7,11.7,12.1,10.8,14.7,12.0,12.7,12.6,11.9,10.7,9.4,11.2,15.5,12.0,13.8,13.5,13.6,13.4,13.6,13.4,10.5,13.0,12.7,12.9,18.2,13.6,17.8,13.8,13.5,13.2,15.9,15.2,11.7,11.4,14.5,14.5,10.1,12.3,11.4,7.0,13.3,12.3,13.2,11.6,12.4,11.7,11.4,10.5,10.7,9.3,11.8,12.0,13.5,13.7,13.2,11.4,11.5,12.5,8.7,20.3,11.6,13.7,11.2,11.6,11.8,13.5,10.4,13.2,11.8,9.4,13.0,15.6,11.4,9.8,12.1,14.2,13.4,12.6,11.9,12.6,11.8,11.3,11.3
2026-07-17 07:00:00,8.9,9.9,11.7,10.9,9.6,13.5,11.0,10.4,10.8,9.9,10.2,13.5,12.7,14.7,8.5,11.1,10.9,11.2,11.5,10.4,13.0,11.9,13.2,12.7,11.4,11.0,9.2,11.1,13.6,11.0,12.5,12.5,13.7,13.5,12.2,13.1,10.8,11.0,12.2,12.6,17.1,12.2,17.2,13.8,11.5,13.7,13.6,14.6,11.3,10.9,12.8,13.4,10.6,11.5,10.4,6.7,12.7,12.2,12.0,11.5,11.8,12.0,12.5,9.6,10.7,9.4,11.5,11.4,14.0,12.9,13.4,10.8,11.0,11.8,8.6,20.0,11.0,13.2,10.6,11.6,11.9,11.2,9.5,13.7,10.5,10.0,11.2,15.3,11.8,10.5,11.7,14.4,12.8,11.5,10.8,10.8,15.1,11.6,9.7
2026-07-17 08:00:00,7.6,8.5,9.6,8.3,8.4,11.1,10.0,9.1,9.6,7.7,8.9,11.5,10.1,13.1,7.5,10.0,9.7,8.9,9.9,9.1,10.3,10.9,11.5,10.0,10.0,10.6,8.0,10.9,12.8,9.5,10.2,10.3,12.3,12.6,9.9,11.1,11.5,10.1,11.9,10.3,14.5,10.5,13.1,12.6,11.1,11.5,11.5,13.2,10.7,10.5,11.0,10.8,9.7,10.7,8.5,6.4,10.9,10.5,10.3,10.7,9.7,10.3,10.0,9.0,9.6,8.0,10.0,10.2,13.0,11.3,12.5,9.7,10.1,10.2,8.2,17.5,10.0,11.9,9.3,10.5,11.6,10.2,7.8,11.2,8.9,9.6,10.6,13.1,9.9,8.6,9.9,12.6,11.1,9.8,8.8,9.0,11.0,9.8,8.3
2026-07-17 09:00:00,7.3,7.7,10.0,8.4,7.7,11.8,9.5,9.3,8.5,7.6,9.0,12.2,10.7,11.1,7.2,9.4,9.6,8.4,9.2,7.8,11.2,11.0,10.7,8.6,10.2,8.3,7.8,11.0,12.6,8.7,10.1,10.1,12.5,12.3,9.9,10.6,12.7,9.5,11.3,9.6,13.5,9.9,13.9,11.2,10.4,10.2,11.1,12.8,10.9,10.6,11.0,9.6,8.4,10.6,8.0,6.6,9.7,9.8,10.5,9.8,9.8,10.8,8.9,9.2,9.0,7.3,8.7,9.9,13.4,11.7,11.9,9.3,9.6,9.4,7.9,14.1,9.1,11.1,8.9,11.1,12.6,11.0,7.5,11.6,8.3,8.8,11.2,13.0,8.2,7.7,8.8,13.4,11.4,9.8,8.9,8.2,10.8,9.5,8.3
2026-07-17 10:00:00,7.8,8.4,11.1,9.5,8.8,18.1,10.8,11.1,8.9,8.5,9.9,14.2,11.9,12.1,7.6,10.7,10.8,8.4,10.3,8.8,15.9,12.3,13.3,9.0,11.0,8.2,8.5,12.1,14.5,9.0,11.4,11.3,13.9,14.3,10.7,11.3,14.5,10.3,12.7,11.3,15.1,11.2,15.2,12.7,11.0,11.2,13.0,15.2,12.7,12.0,12.2,11.0,9.5,12.1,8.9,7.7,10.3,10.8,11.8,10.5,11.4,11.3,10.3,10.0,9.6,8.2,9.6,10.3,15.6,13.9,13.7,10.9,10.7,10.6,8.3,13.7,9.8,12.1,9.8,12.7,14.2,12.7,8.3,13.7,9.6,10.6,12.9,15.7,8.7,8.7,9.5,16.0,12.8,10.7,10.1,9.8,11.9,9.8,9.1
2026-07-17 11:00:00,7.3,8.0,10.4,9.3,8.3,11.9,9.9,10.3,8.9,8.2,9.3,13.1,10.7,11.0,7.2,9.6,9.3,8.5,9.1,8.7,12.7,11.6,10.5,8.5,10.7,7.8,7.9,10.5,12.6,8.7,10.4,10.1,12.8,12.9,9.4,10.1,12.3,9.1,11.0,9.5,13.9,9.5,13.3,10.5,9.3,9.2,11.1,14.1,11.1,10.7,10.4,10.1,7.7,10.6,8.3,6.9,9.4,10.0,11.1,9.2,11.3,10.2,9.9,8.4,8.8,7.7,8.8,8.9,13.9,12.5,11.5,9.2,9.5,9.1,7.2,14.1,9.0,10.7,8.6,11.3,13.2,10.9,7.5,12.2,8.9,9.0,11.3,13.7,8.7,7.4,9.1,14.2,11.5,10.0,9.7,9.2,11.1,8.9,8.2
2026-07-17 12:00:00,7.2,7.7,9.9,8.8,7.9,11.9,9.2,9.9,8.2,8.1,9.0,12.3,9.9,9.6,7.0,8.7,8.4,8.1,8.8,8.4,15.9,10.8,10.0,7.7,10.5,8.2,7.5,9.4,11.6,7.9,9.3,8.8,12.0,11.9,8.5,9.7,11.7,8.6,10.2,8.4,12.4,8.8,12.0,9.9,8.6,8.9,10.1,13.9,9.8,9.7,9.5,9.1,7.2,9.5,8.1,7.2,8.6,9.0,10.0,8.4,9.1,9.4,8.7,8.4,8.2,7.8,8.2,8.5,12.8,11.4,10.6,8.6,9.0,8.6,6.8,12.3,8.2,10.0,7.9,10.5,12.7,9.9,7.4,11.8,8.6,8.9,10.9,12.7,8.4,7.1,8.4,13.1,10.4,9.2,9.2,8.6,10.4,8.3,7.7
2026-07-17 13:00:00,7.1,7.8,9.8,8.5,7.4,14.1,8.9,9.4,7.5,8.3,8.6,12.1,9.5,9.0,7.1,8.2,7.8,7.7,8.6,8.2,10.5,10.5,11.0,7.3,10.3,7.8,7.3,8.9,11.1,8.7,8.8,8.9,11.7,11.3,8.1,9.3,11.6,8.2,9.8,7.7,12.1,8.6,11.5,9.5,8.4,8.7,9.7,13.1,9.3,9.4,9.1,8.9,6.8,9.1,7.9,6.7,8.0,8.8,9.9,8.4,9.1,9.5,8.3,8.4,8.0,7.7,7.6,8.5,12.6,10.6,10.2,8.0,8.9,8.4,6.7,11.7,8.0,9.7,7.7,10.3,12.6,9.4,7.1,11.6,8.2,8.2,9.7,11.7,7.9,6.9,8.1,13.3,10.0,9.0,9.0,8.5,10.2,8.1,7.6
2026-07-17 14:00:00,7.4,7.8,10.4,8.6,7.5,11.7,9.3,9.4,7.9,8.6,8.5,12.3,9.8,9.0,7.1,8.5,7.9,7.8,8.9,8.2,11.1,10.5,11.7,7.6,9.5,7.4,7.1,9.0,11.7,7.7,9.2,9.0,12.0,11.0,8.4,9.4,11.6,8.7,10.6,7.9,11.9,8.7,11.8,10.0,8.9,8.9,10.2,12.8,9.8,9.6,9.2,9.3,7.3,9.5,8.2,6.4,8.2,9.1,10.3,8.9,9.4,9.8,8.7,8.6,8.0,7.8,7.7,8.5,12.5,10.9,10.5,8.3,9.4,8.7,6.6,12.4,8.4,9.6,7.9,10.3,12.4,10.0,7.6,12.3,8.8,8.5,10.2,12.2,8.2,7.5,8.3,13.7,9.8,9.4,9.4,8.7,10.2,8.4,7.5
2026-07-17 15:00:00,7.5,8.4,11.3,9.0,7.7,13.1,9.7,9.4,8.0,8.7,8.5,12.9,10.6,9.1,7.1,8.2,7.8,7.5,8.9,8.1,11.8,11.4,9.5,7.5,10.1,7.4,6.9,8.9,12.1,7.6,9.5,9.2,12.5,11.2,8.3,9.9,11.4,8.4,10.9,8.5,11.7,8.9,12.5,10.3,8.9,8.9,10.3,13.2,9.8,10.2,9.3,9.5,7.5,9.5,8.5,6.8,8.1,9.4,11.1,9.4,9.2,10.3,8.8,8.4,7.8,7.8,7.6,8.5,12.7,11.6,10.8,8.7,9.6,9.1,6.3,12.9,8.4,9.9,7.8,10.4,12.7,10.5,8.0,12.6,9.0,8.3,10.5,12.7,8.4,7.6,8.2,14.2,10.3,10.1,9.7,9.0,10.7,9.1,7.2
2026-07-17 16:00:00,7.5,10.8,12.2,8.6,7.7,13.7,10.4,9.9,8.2,8.3,8.1,13.6,11.1,9.4,7.5,8.1,8.1,7.3,9.2,7.8,11.8,12.1,9.5,7.5,10.5,7.2,7.0,9.5,13.1,7.7,10.2,9.8,13.3,11.9,9.0,10.4,12.5,8.8,11.5,9.3,11.7,9.5,13.1,10.9,9.1,9.0,11.1,15.0,10.5,10.9,9.9,9.8,7.9,10.3,9.2,7.0,8.6,9.9,11.7,10.0,9.7,10.8,9.1,8.5,7.9,7.8,7.9,8.7,12.7,12.4,11.6,9.2,10.0,9.5,6.3,13.5,8.7,10.5,8.0,10.5,13.7,11.5,8.5,12.8,9.5,9.0,11.4,13.5,8.6,8.3,8.4,14.5,10.6,10.3,10.8,9.4,11.2,9.3,7.1
2026-07-17 17:00:00,7.5,7.5,11.7,8.6,7.8,12.8,10.3,9.9,8.7,8.4,7.8,13.2,10.6,9.9,7.6,8.1,7.9,7.4,9.6,7.8,11.2,11.9,8.9,7.6,10.0,7.4,7.4,9.3,13.2,8.0,10.4,10.1,13.2,11.9,8.9,9.9,12.3,9.1,11.5,9.1,12.0,9.6,12.5,11.0,9.1,9.2,11.0,14.5,10.3,11.0,10.0,10.1,8.0,10.0,9.4,6.7,9.0,10.3,11.5,9.7,9.9,10.4,9.2,8.6,8.4,7.9,8.2,9.0,12.4,12.0,11.4,8.9,10.1,9.5,6.2,14.6,9.1,10.5,8.3,10.0,13.3,11.5,8.6,12.3,9.8,8.6,11.3,13.0,8.9,8.2,8.8,14.2,10.2,10.2,11.1,9.6,11.3,9.1,7.2
2026-07-17 18:00:00,7.6,7.7,11.5,8.8,7.8,12.7,10.2,9.6,8.7,8.3,7.8,12.9,10.4,10.0,7.4,8.0,7.8,7.3,9.6,7.7,11.2,11.8,8.5,7.8,10.1,7.6,7.6,9.3,13.3,8.0,10.2,9.8,12.9,11.7,8.4,9.8,12.0,8.9,11.4,9.2,11.8,9.6,12.6,10.8,9.1,9.1,10.5,13.9,10.6,10.8,10.1,10.3,8.1,10.1,9.1,6.9,9.0,10.1,11.4,9.8,9.7,10.3,9.1,8.6,8.8,7.9,8.3,9.3,12.7,11.3,11.5,8.8,10.2,9.3,6.2,14.6,9.1,10.4,8.2,9.8,12.6,11.7,8.5,11.7,9.7,8.3,11.0,12.7,8.9,7.9,8.7,14.1,10.1,10.3,10.9,9.5,10.9,9.3,7.2
2026-07-17 19:00:00,7.7,7.8,11.0,9.0,7.8,12.2,10.0,9.8,8.8,8.4,7.8,12.3,10.0,10.2,7.5,,8.3,7.4,9.6,7.8,10.6,11.5,8.8,7.9,9.6,7.6,7.3,9.4,13.0,8.2,9.8,9.4,12.7,11.4,8.4,9.2,11.4,8.8,11.3,9.1,12.1,9.5,12.0,10.5,9.0,9.0,10.7,14.0,10.3,10.6,10.2,10.7,7.7,10.0,9.3,6.6,8.8,9.8,10.7,9.4,9.7,9.9,9.3,,8.4,7.9,8.5,9.1,11.9,11.2,11.2,8.7,10.0,8.9,6.2,14.6,9.0,10.3,8.1,9.7,12.4,11.6,8.5,11.5,9.6,8.6,10.9,12.6,8.9,7.5,9.0,13.8,10.2,9.6,10.7,9.6,10.9,9.0,7.3
2026-07-17 20:00:00,7.9,8.0,10.3,8.7,8.0,11.7,9.4,9.7,8.5,8.6,8.1,11.7,,10.0,7.4,8.7,8.4,7.7,9.3,8.0,10.3,10.8,9.1,9.4,9.3,7.7,7.3,9.4,12.7,7.9,9.5,9.1,11.9,11.3,8.2,9.1,10.7,8.4,10.8,8.4,12.7,9.1,11.8,10.5,8.7,8.9,10.5,13.3,10.0,10.3,9.8,10.5,7.7,9.6,8.8,6.3,8.7,9.6,10.4,9.0,9.2,9.5,9.3,8.7,8.4,7.9,8.4,8.9,11.5,11.3,10.9,8.4,9.6,8.8,6.3,14.4,8.7,10.1,8.0,9.5,11.9,11.1,8.1,11.0,9.2,9.6,10.6,12.1,9.0,7.3,8.8,13.1,10.0,9.3,10.1,9.3,10.5,8.9,7.6
2026-07-17 21:00:00,8.5,8.7,10.6,8.5,8.8,12.3,10.1,10.0,9.9,9.1,9.5,12.3,10.6,10.4,7.5,9.4,8.9,8.3,10.2,8.7,10.9,11.2,9.8,8.9,9.6,8.3,8.0,,13.6,8.7,10.1,9.8,12.2,11.7,9.2,9.7,11.0,9.0,11.5,8.9,14.8,9.5,12.5,11.1,9.9,9.6,10.9,13.7,10.8,10.8,10.2,10.6,8.3,10.4,8.9,6.7,9.5,9.5,10.9,9.5,9.5,10.9,9.3,9.1,9.0,8.4,8.5,9.5,13.0,11.9,11.4,8.9,10.2,9.0,7.0,14.5,9.6,10.9,8.9,10.3,12.5,11.4,8.2,11.3,9.3,9.7,11.2,12.8,9.5,7.5,9.6,13.5,10.8,10.0,10.0,9.3,10.6,9.3,8.1
2026-07-17 22:00:00,9.3,10.0,11.4,9.0,9.4,12.9,10.8,10.7,10.0,10.2,10.7,13.2,11.5,11.9,8.1,10.5,9.8,9.2,10.9,9.6,12.0,11.9,10.8,10.4,10.5,8.7,8.6,12.0,18.5,9.7,11.8,11.4,13.1,12.7,10.6,10.7,11.9,10.3,14.6,10.1,15.5,10.9,14.0,12.9,11.0,10.6,12.6,14.8,15.0,14.7,11.4,11.5,9.6,11.8,10.2,7.2,10.5,10.4,11.7,10.3,10.5,11.4,9.7,10.1,10.0,9.6,9.5,10.5,14.1,12.7,12.4,9.6,11.2,10.1,7.9,15.6,10.3,11.9,9.6,11.4,13.1,15.1,9.3,12.6,10.0,15.0,13.7,13.8,11.0,8.6,11.0,14.6,11.8,11.0,10.7,10.0,11.2,10.3,9.0
2026-07-17 23:00:00,9.1,9.7,12.2,9.6,9.8,13.4,12.1,11.1,10.0,9.9,10.4,14.1,12.1,12.3,7.9,10.9,10.6,9.5,11.2,9.4,12.9,12.6,11.4,10.7,11.2,9.2,8.6,12.2,15.6,9.5,12.7,12.4,13.9,13.6,11.0,11.2,12.9,10.6,13.1,11.1,15.5,11.4,15.0,12.8,11.6,10.9,13.0,15.7,12.5,12.6,12.2,12.2,10.4,12.0,10.4,7.4,10.6,11.2,12.3,11.5,10.9,11.5,11.0,10.3,10.3,9.6,9.7,10.7,15.0,13.4,12.9,10.3,11.8,10.7,8.2,17.5,10.1,12.4,,12.2,14.0,13.7,9.6,13.4,10.9,10.2,13.0,15.0,10.7,9.5,10.6,15.0,12.5,11.6,11.3,11.0,11.9,10.9,9.2
2026-07-18 00:00:00,9.3,9.5,12.6,10.0,9.8,13.9,11.9,11.6,9.8,10.0,10.6,14.8,12.4,12.5,8.3,11.0,10.8,9.2,11.4,9.5,13.2,13.2,11.8,10.3,11.6,9.2,8.9,12.3,15.0,9.5,12.3,12.2,14.6,14.0,11.1,11.6,13.0,10.6,13.2,11.5,16.1,11.4,15.4,12.6,11.4,11.2,12.9,16.1,12.4,12.3,12.4,12.3,10.4,11.8,10.3,7.7,10.6,11.6,12.5,11.9,11.2,11.7,11.4,10.9,10.5,9.3,9.7,10.9,15.8,14.0,13.2,10.6,11.8,11.2,8.3,17.4,10.2,12.8,,12.6,14.5,13.7,9.6,14.0,11.0,10.1,13.0,15.5,10.4,9.7,10.8,15.4,12.8,12.2,11.7,11.4,12.4,11.3,9.4
2026-07-18 01:00:00,9.7,9.8,13.2,10.3,10.1,14.1,12.4,11.8,10.1,10.4,10.9,15.2,12.8,13.0,8.3,11.3,11.1,9.5,11.8,9.9,14.8,13.5,12.4,10.4,11.9,9.3,9.2,12.5,15.3,9.9,12.4,12.3,15.3,14.9,11.4,11.9,13.7,11.2,13.6,11.6,17.1,11.8,16.1,13.1,12.0,11.7,13.1,16.4,12.9,12.7,12.7,12.5,11.1,12.1,10.4,7.8,10.9,11.7,12.9,14.4,11.6,12.1,11.5,11.0,10.8,9.6,9.8,11.1,16.4,14.4,13.6,10.9,12.3,13.0,8.6,17.4,10.5,13.1,10.5,12.8,15.1,13.8,9.7,15.2,11.0,9.9,13.4,15.8,10.6,10.1,12.2,16.2,13.3,12.6,12.0,11.3,12.8,11.4,9.7
2026-07-18 02:00:00,9.6,9.8,13.0,10.7,10.0,14.5,12.3,12.1,10.0,10.4,11.0,15.2,13.3,13.4,8.5,11.4,11.2,9.6,11.6,9.9,13.8,13.7,12.5,10.8,12.0,9.4,9.1,12.4,15.6,10.0,12.5,12.3,16.1,15.8,11.9,12.3,14.4,11.3,13.7,12.2,17.3,12.0,16.5,13.1,12.1,12.1,13.3,17.1,13.0,12.9,12.8,12.5,11.2,12.2,10.7,7.8,10.9,11.7,13.2,12.0,11.6,12.0,12.1,10.8,10.9,9.5,9.9,11.3,16.1,14.6,13.9,11.1,12.5,11.5,8.7,17.7,10.7,13.2,10.5,12.4,15.4,14.0,9.9,14.9,11.2,9.9,13.7,16.2,10.7,10.1,11.0,15.7,13.5,12.7,12.2,11.2,13.3,11.5,9.7
2026-07-18 03:00:00,9.0,9.1,9.3,8.3,9.5,11.6,9.6,9.8,9.2,9.8,10.5,10.9,10.7,11.2,6.9,9.8,8.6,9.0,10.3,9.2,10.3,10.3,10.0,9.6,8.7,8.9,8.0,10.1,13.7,9.7,11.2,10.8,12.9,12.8,10.3,9.3,11.9,10.3,11.9,9.6,15.7,10.6,12.0,11.3,10.9,10.8,12.0,14.3,10.1,9.9,11.3,11.5,8.3,10.3,8.8,6.0,9.5,10.5,10.1,9.2,9.8,8.6,9.7,10.2,9.9,9.1,9.0,10.6,11.6,10.7,10.7,8.5,10.4,9.3,7.7,16.0,9.7,10.6,9.3,8.7,11.9,11.0,7.9,10.0,9.4,8.0,11.6,11.9,9.9,7.5,10.0,11.0,10.3,9.4,9.6,10.7,11.2,8.3,8.8
2026-07-18 04:00:00,6.0,6.3,7.6,7.1,6.5,7.7,6.8,7.4,6.7,6.6,7.1,9.1,8.2,8.3,6.0,6.6,6.1,6.5,6.9,6.2,7.6,9.0,7.0,6.9,6.9,6.7,4.9,7.1,9.9,6.9,8.4,8.4,11.7,10.7,7.3,8.0,9.0,7.2,8.5,6.3,9.9,7.6,9.3,8.3,7.4,7.3,8.7,11.2,7.3,7.2,8.2,8.6,4.4,7.1,6.9,4.4,7.3,7.7,7.6,6.7,6.7,7.2,7.5,6.6,6.4,6.5,6.9,6.7,9.8,8.1,7.9,6.3,6.9,6.6,4.7,10.8,6.7,7.4,6.3,8.0,9.9,8.2,6.4,8.3,7.1,6.1,8.9,8.3,7.0,4.3,6.9,9.9,7.6,7.1,7.9,7.8,10.2,6.6,5.7
2026-07-18 05:00:00,5.4,5.8,7.9,7.2,5.9,8.0,6.6,7.6,6.7,6.2,6.4,8.9,8.4,7.9,6.0,6.2,6.2,5.9,6.6,5.7,7.8,8.1,7.0,6.3,6.7,6.4,4.5,7.4,10.8,7.1,8.5,8.4,11.0,10.2,7.8,8.5,9.0,7.7,9.1,7.1,8.8,8.2,9.9,9.2,8.0,7.7,9.5,11.2,7.4,7.2,8.5,9.1,4.1,7.1,7.0,4.3,6.9,7.0,7.4,6.6,6.5,7.6,7.4,6.2,6.2,5.5,6.8,6.6,9.3,8.0,8.1,6.5,6.9,6.4,4.7,11.0,7.6,7.0,6.2,7.9,8.9,7.7,6.3,8.5,7.0,6.0,9.1,8.5,6.3,4.2,6.3,9.5,7.4,6.8,7.5,7.2,9.4,6.3,5.6
2026-07-18 06:00:00,6.3,6.7,7.8,7.3,6.5,7.7,7.1,7.3,6.6,7.0,7.2,9.4,8.7,7.7,6.1,6.5,6.3,6.5,6.9,6.6,7.7,8.5,7.1,6.8,6.8,6.9,5.4,7.2,10.6,7.7,8.9,8.6,12.0,10.8,8.1,8.4,9.9,8.1,9.1,6.9,9.1,8.5,9.8,9.3,8.2,7.9,9.7,11.5,7.3,7.1,8.5,9.1,5.8,7.2,6.7,4.4,6.9,7.0,7.8,6.9,6.7,7.4,7.3,6.7,6.8,6.1,6.6,7.1,9.9,7.7,7.9,6.4,6.9,6.9,4.8,11.4,6.9,7.5,6.6,8.4,9.3,8.0,6.4,8.5,6.9,6.5,9.3,8.5,6.9,4.7,6.7,10.5,7.7,7.4,7.6,7.1,9.9,6.6,6.3
2026-07-18 07:00:00,6.7,6.3,8.8,7.9,7.1,9.4,7.6,8.2,6.7,6.9,8.1,10.4,9.7,8.6,6.5,6.9,6.9,6.3,7.1,6.2,8.6,9.7,7.6,6.7,7.6,6.9,5.2,7.9,12.6,7.6,10.1,9.7,13.6,12.4,8.6,9.4,11.5,8.6,10.8,8.3,8.9,9.2,11.7,10.3,8.9,9.1,10.9,12.9,8.2,8.0,9.5,9.6,6.7,7.6,7.5,4.8,7.3,7.7,8.6,7.7,7.0,8.1,9.2,6.9,6.5,6.9,6.9,7.2,11.3,8.8,8.8,7.1,7.5,7.4,4.9,10.7,6.9,8.1,6.8,9.1,10.6,9.0,7.0,9.3,7.5,6.6,10.9,9.7,6.8,5.3,6.8,11.7,8.6,7.8,8.5,7.8,11.6,7.3,6.2
2026-07-18 08:00:00,7.2,7.7,11.7,10.4,7.6,12.7,10.5,10.8,8.5,7.7,8.7,13.3,13.8,12.4,8.0,9.2,9.7,8.1,9.6,7.8,12.1,12.6,10.7,9.6,11.1,8.4,7.3,10.8,17.7,10.2,14.4,13.7,18.5,16.7,11.6,13.6,15.9,11.6,14.8,13.4,12.4,12.3,17.4,14.0,12.2,12.4,14.8,17.6,11.0,10.5,14.0,13.3,9.0,10.0,9.8,6.5,9.9,10.4,12.1,11.4,9.2,11.3,12.7,8.4,8.2,7.5,8.9,9.3,14.9,11.8,11.9,9.6,10.0,10.2,7.3,15.0,9.6,11.7,9.0,12.5,14.2,12.4,8.9,12.5,10.0,8.5,15.6,14.0,9.2,8.3,9.4,16.1,12.4,10.8,11.1,10.5,15.9,10.6,7.9
2026-07-18 09:00:00,9.7,10.1,14.8,11.2,10.0,15.4,12.5,12.1,9.5,10.1,11.4,16.4,16.6,13.4,8.7,9.9,12.1,9.2,12.2,10.0,15.8,14.9,13.6,9.9,12.7,9.1,9.9,12.8,19.0,11.9,14.9,14.5,19.7,19.9,14.7,16.6,18.7,14.4,17.6,18.2,17.5,14.9,21.6,17.5,15.7,16.4,16.8,21.6,13.3,12.8,14.6,13.9,11.6,12.6,10.1,7.8,10.5,11.0,14.5,13.4,10.6,14.2,11.7,11.7,11.1,9.6,9.9,12.5,17.5,15.3,15.5,11.9,12.9,11.9,9.5,16.4,10.7,13.8,10.1,14.7,15.7,13.7,9.7,16.5,10.4,10.6,16.7,18.8,9.6,11.3,9.9,19.3,15.4,12.7,12.0,10.9,16.7,11.7,11.1
2026-07-18 10:00:00,9.3,10.0,11.0,8.3,10.2,12.6,10.9,11.0,9.2,10.9,11.0,11.6,13.9,11.9,6.7,10.8,10.5,9.8,12.3,10.4,13.0,11.4,11.9,9.8,10.4,8.5,8.9,13.0,18.0,12.4,13.7,13.2,14.7,15.5,14.4,13.8,17.0,14.7,15.8,15.5,16.1,14.4,17.3,16.3,14.6,13.3,17.4,17.9,12.4,12.2,15.0,13.1,8.9,13.1,9.2,7.1,10.3,10.6,12.4,11.2,11.8,10.7,10.6,9.7,10.4,9.8,9.6,10.2,12.3,13.5,14.4,10.9,12.5,9.8,8.3,14.8,11.9,11.4,11.1,9.0,12.9,13.0,8.9,11.1,9.5,18.4,15.3,16.0,9.5,8.9,10.4,11.9,12.9,10.4,10.3,9.8,12.7,9.7,9.7
2026-07-18 11:00:00,7.1,8.1,9.1,6.9,8.0,9.7,9.1,7.6,7.4,8.2,8.6,10.0,10.8,8.6,5.3,9.3,8.7,8.9,9.9,8.4,10.3,9.0,10.1,8.8,8.5,7.9,7.4,10.2,13.0,10.1,9.1,8.7,10.2,10.5,10.9,9.9,11.9,11.6,12.1,11.1,12.9,11.2,12.6,12.8,11.4,10.8,13.4,13.1,10.3,9.8,12.1,8.6,7.2,10.5,6.4,5.8,7.7,7.6,10.3,9.4,9.5,8.8,7.5,8.1,8.3,7.5,7.3,8.4,10.1,10.7,11.1,8.7,10.2,8.5,7.2,10.9,9.8,9.8,9.3,8.7,9.2,9.4,6.1,9.9,7.0,8.0,10.7,12.2,9.2,7.3,9.4,10.9,10.6,9.2,6.9,7.1,8.6,7.8,7.9
2026-07-18 12:00:00,6.2,6.8,9.1,7.4,6.9,9.2,7.5,8.3,6.6,7.0,7.5,10.6,9.1,8.6,5.9,7.6,7.1,7.3,8.1,7.0,9.2,9.6,8.2,7.5,7.7,6.9,6.3,8.3,11.4,8.0,9.4,,12.3,10.9,8.5,9.3,10.9,8.8,10.1,8.2,10.3,8.6,10.6,9.7,8.6,8.7,10.1,12.9,8.6,8.5,9.2,9.3,5.8,8.6,7.2,5.3,7.1,7.7,8.6,7.6,7.6,8.5,7.6,7.2,7.1,6.6,6.9,7.4,11.4,9.6,9.2,7.1,8.3,7.4,6.1,10.0,7.9,8.5,7.5,9.5,10.9,9.1,7.0,9.9,7.5,16.2,10.1,10.7,7.7,5.7,7.6,12.3,8.8,7.7,8.7,7.7,10.8,7.3,6.6
2026-07-18 13:00:00,5.8,6.5,9.9,9.8,6.4,10.5,7.4,10.5,8.3,6.6,7.0,13.2,9.7,11.1,7.5,6.6,6.9,5.4,8.2,6.4,9.5,12.5,8.5,7.5,,7.1,6.4,9.7,15.1,6.8,11.9,11.5,17.8,15.4,9.0,10.2,,8.8,14.0,9.7,10.2,10.0,11.4,11.0,9.2,7.9,11.4,17.3,10.3,10.2,9.6,11.5,5.0,8.5,9.6,6.6,9.1,9.5,9.0,7.9,7.4,9.6,9.5,6.8,7.0,6.3,8.6,7.2,14.7,10.3,10.1,7.8,9.0,6.9,6.2,13.3,6.6,7.8,6.3,11.5,14.1,10.4,8.4,10.7,9.2,7.8,13.2,12.3,7.4,5.1,6.5,15.4,9.1,8.3,10.8,11.2,15.2,7.7,6.2
2026-07-18 14:00:00,6.2,7.3,12.4,9.3,6.5,13.2,9.6,10.9,9.7,6.8,7.4,13.7,15.5,12.3,7.5,10.6,8.9,9.6,9.3,7.5,12.3,12.6,9.5,10.9,10.7,9.5,6.8,12.4,21.4,13.2,17.2,15.8,16.9,17.8,13.0,15.3,17.9,12.6,17.7,14.7,11.8,14.9,20.4,14.7,11.0,10.5,18.8,20.0,12.2,12.0,16.9,15.3,6.1,10.5,9.8,7.1,10.6,11.1,11.9,9.9,10.2,12.0,10.5,,7.3,6.6,10.0,7.6,14.4,12.3,11.7,9.0,8.9,7.9,6.5,15.8,11.1,8.3,10.7,11.6,13.9,13.3,9.2,13.0,10.3,8.6,17.3,14.9,11.0,6.9,11.0,15.8,12.0,9.3,10.9,10.6,14.2,9.4,7.3
2026-07-18 15:00:00,7.9,7.8,8.4,7.1,8.1,8.8,8.7,8.2,7.1,8.4,9.3,9.9,10.7,8.7,5.7,7.8,7.8,7.1,9.0,8.3,9.3,8.9,8.9,7.3,8.4,6.7,7.3,8.4,11.9,9.0,9.3,9.2,10.7,10.2,9.6,9.1,10.4,9.8,11.1,8.9,,9.7,11.7,10.6,9.9,10.7,11.0,12.8,8.8,8.9,9.7,9.2,7.2,9.0,7.1,5.4,7.5,8.2,10.0,8.9,8.3,8.4,7.7,,8.4,8.2,7.2,8.9,10.4,9.7,9.5,7.4,9.0,8.6,6.8,11.1,8.4,9.6,7.7,8.1,10.1,9.2,6.7,9.2,7.7,8.3,10.1,10.6,7.8,7.0,7.8,10.5,9.7,8.6,8.0,8.8,9.1,7.8,8.0
2026-07-18 16:00:00,5.6,5.9,7.7,5.8,6.0,7.0,7.1,6.7,,6.3,6.7,8.4,8.2,7.2,4.4,6.1,6.4,5.7,7.0,6.0,7.7,7.5,7.1,6.0,7.1,4.9,5.3,7.0,9.1,6.0,7.1,7.0,8.6,8.4,6.9,7.4,8.5,6.9,8.8,5.9,,7.5,8.5,8.1,7.3,7.4,7.9,10.1,7.4,,7.0,7.2,5.1,7.3,5.9,4.1,6.0,6.9,8.1,7.1,6.5,7.2,6.3,7.1,6.3,5.8,5.8,7.0,8.4,7.9,7.8,6.3,7.3,7.0,4.8,8.4,6.3,7.8,5.9,7.2,8.3,7.5,5.2,8.0,6.6,5.9,7.8,8.5,6.4,4.9,6.6,9.1,7.8,7.1,6.8,8.1,7.5,6.8,5.5
2026-07-18 17:00:00,4.6,5.1,8.0,6.6,5.1,7.3,6.9,7.4,6.4,5.6,5.7,9.0,7.8,8.1,5.3,6.0,6.0,5.7,6.5,5.4,7.7,8.1,6.9,6.0,7.0,5.5,4.4,6.8,9.1,5.9,7.4,7.3,9.6,8.7,6.6,7.4,8.4,6.5,8.3,5.7,,7.3,8.5,7.8,6.6,6.8,7.8,10.1,7.3,,7.1,7.2,4.5,7.0,6.6,4.2,6.5,7.2,7.6,6.8,6.4,7.4,6.8,6.2,5.7,4.8,6.2,6.4,9.6,8.0,7.6,6.3,6.8,6.5,4.3,9.4,6.3,7.3,5.9,7.7,9.0,7.8,5.9,8.5,6.8,5.5,8.0,8.5,6.4,4.4,6.5,9.8,7.3,6.9,7.3,7.3,8.2,6.6,4.9
2026-07-18 18:00:00,5.9,6.5,9.5,7.7,6.5,9.5,8.1,8.8,7.5,6.8,6.8,10.9,9.1,9.6,6.7,7.4,7.2,6.8,7.9,6.8,9.2,9.8,8.1,7.2,8.1,6.6,6.2,8.3,11.3,7.4,9.2,9.0,11.4,10.6,8.0,8.6,10.3,7.9,10.0,7.5,,8.9,10.3,9.3,8.3,7.9,9.5,12.4,8.7,,8.6,9.0,5.9,8.3,7.8,5.5,7.7,8.6,9.1,8.1,7.6,9.2,7.9,7.3,7.0,6.4,7.5,7.3,11.2,9.3,9.2,7.4,8.2,7.6,5.8,12.2,7.5,8.6,7.1,8.9,10.6,9.4,7.1,9.8,8.6,6.9,9.6,10.3,7.6,5.9,7.6,11.6,9.0,8.1,8.8,8.4,9.5,8.6,6.2
2026-07-18 19:00:00,6.8,7.5,10.0,8.1,7.3,10.9,8.8,9.3,8.0,7.9,7.9,11.5,9.7,10.4,6.9,8.4,7.9,7.7,9.1,7.7,10.1,10.6,8.9,8.1,8.8,7.3,6.8,9.2,13.0,8.3,10.3,10.1,12.5,11.6,9.3,9.2,11.2,9.1,11.5,8.9,,10.3,11.4,10.2,9.2,8.8,10.7,13.7,9.9,,10.5,10.5,6.9,9.4,8.2,6.1,8.3,9.1,9.9,8.7,8.7,10.8,8.2,7.9,7.9,7.2,8.2,,11.6,10.1,10.0,8.0,,8.3,6.3,13.9,8.6,9.3,8.1,9.5,11.5,10.6,7.7,10.5,9.9,7.4,10.6,11.7,8.4,6.6,8.6,12.7,9.8,8.8,9.4,8.9,10.4,8.9,7.0
2026-07-18 20:00:00,7.2,7.5,10.6,7.8,7.6,11.8,9.3,8.8,7.3,7.9,8.3,11.6,10.5,9.4,6.4,8.0,8.5,6.8,9.0,7.4,10.5,11.0,9.6,7.2,9.2,8.0,7.0,9.1,12.3,7.5,9.0,8.5,12.9,12.0,8.5,9.8,10.9,8.7,11.1,9.7,,10.0,12.9,10.8,9.1,9.4,9.8,14.4,9.8,,9.5,9.7,7.4,9.4,7.6,6.2,7.7,8.4,10.5,9.2,8.4,10.1,8.0,8.5,8.1,7.4,7.5,8.8,12.2,11.2,10.6,8.4,8.0,8.8,6.7,13.2,7.7,9.9,7.3,10.0,11.8,10.2,7.1,11.0,9.6,7.5,10.1,12.4,7.6,7.2,7.8,13.1,10.2,9.3,9.3,8.4,10.7,8.5,7.4
2026-07-18 21:00:00,6.8,7.4,10.8,8.5,7.4,12.4,9.5,9.5,7.6,7.7,11.7,12.2,11.6,9.9,10.4,8.5,8.6,7.4,9.2,7.5,10.8,11.2,9.9,7.8,9.5,9.1,6.9,9.7,13.3,8.6,10.3,9.8,14.3,12.5,9.5,10.6,11.5,9.2,12.0,10.3,,10.8,13.4,10.9,9.8,10.1,10.9,14.7,10.6,,10.4,10.3,7.9,9.7,8.4,6.2,8.3,8.5,10.8,9.5,8.6,10.4,8.5,8.6,,6.9,7.5,8.8,12.9,11.6,10.5,8.9,9.1,9.3,6.9,14.6,8.6,10.3,8.2,10.8,12.3,10.7,7.8,11.6,8.8,7.7,11.0,12.9,8.4,7.4,8.2,13.4,10.7,9.4,9.5,9.8,11.8,8.9,7.4
2026-07-18 22:00:00,7.4,8.7,12.2,8.7,7.8,13.1,10.7,10.4,8.1,8.3,9.9,13.3,12.5,11.1,10.5,9.4,9.0,8.4,10.3,8.2,11.2,11.4,10.5,8.9,9.9,8.9,7.4,10.7,14.8,10.3,11.7,11.1,14.9,13.5,10.3,12.1,12.2,10.1,12.6,10.9,14.5,11.8,15.8,12.0,11.0,11.8,12.8,15.3,11.3,11.4,11.7,11.2,14.8,10.3,9.2,7.1,9.6,9.0,11.4,9.8,9.3,10.8,10.3,9.3,,7.2,8.6,9.9,15.1,12.3,11.2,9.7,10.3,9.5,7.1,16.9,10.4,10.7,9.1,12.1,12.6,11.3,8.3,14.9,9.4,8.2,12.0,14.0,9.9,7.9,9.8,15.0,11.4,9.9,9.9,10.5,12.7,9.3,8.6
2026-07-18 23:00:00,8.2,9.1,12.5,9.5,8.4,15.1,11.4,11.0,8.6,9.0,10.1,14.4,13.4,12.3,7.5,10.3,9.4,10.2,10.8,8.7,11.7,12.5,11.9,12.8,10.6,11.6,8.1,11.2,15.2,14.1,12.7,12.1,17.3,15.3,11.1,13.6,12.7,12.3,13.5,10.8,14.4,13.5,16.8,13.1,12.7,15.6,14.3,16.9,11.8,11.6,12.7,12.7,11.4,12.4,10.7,8.7,11.1,9.6,12.1,10.7,10.3,15.7,11.4,9.7,,9.8,9.9,10.8,18.3,12.9,12.9,10.5,13.1,9.8,7.3,17.3,12.3,11.3,10.2,14.2,13.8,11.9,9.1,13.9,10.1,8.3,13.3,14.1,10.4,8.2,10.2,16.3,12.0,10.6,10.3,11.3,15.1,10.1,8.6
2026-07-19 00:00:00,8.3,9.8,13.8,10.7,8.9,14.3,12.5,12.0,9.6,9.2,10.1,15.3,14.3,14.3,8.7,11.1,10.0,9.8,10.9,9.2,12.4,14.5,11.4,14.4,10.6,14.0,8.1,11.3,16.2,15.0,13.8,13.0,18.7,17.1,14.0,13.9,13.8,14.4,13.9,12.7,14.4,14.9,17.5,14.1,14.0,13.9,15.7,18.1,12.1,12.1,13.6,13.4,10.4,16.8,10.4,7.6,10.5,10.8,13.1,11.3,11.6,13.5,10.5,10.1,,10.8,9.9,12.1,18.5,13.1,12.9,10.3,12.6,11.5,8.2,17.0,14.6,12.4,10.4,14.1,15.6,12.6,9.6,15.3,10.7,8.6,14.0,14.9,10.8,8.2,10.6,18.0,12.6,11.5,11.3,12.4,15.9,11.2,8.8
2026-07-19 01:00:00,9.0,10.5,13.3,12.3,9.3,15.4,10.5,12.4,9.6,9.7,11.0,16.4,15.5,14.6,8.9,11.0,10.9,9.9,11.1,9.7,13.2,15.0,11.5,12.3,11.5,10.5,8.4,11.7,16.7,15.7,14.6,14.4,20.2,17.8,14.9,16.1,14.5,18.0,14.6,14.1,15.6,15.0,20.4,15.4,15.4,14.1,14.4,21.3,12.4,12.8,13.1,14.5,13.6,17.0,11.1,7.6,11.1,10.4,13.4,11.9,12.9,13.1,11.5,11.9,11.2,12.2,10.3,13.4,16.8,14.0,13.2,11.0,14.3,12.4,9.3,17.5,12.3,13.5,10.8,14.8,17.1,13.4,10.3,15.8,11.2,9.0,15.0,15.6,10.7,8.3,11.1,18.9,13.5,12.6,13.2,14.0,17.7,11.6,9.7
2026-07-19 02:00:00,10.2,9.8,13.5,11.1,9.9,15.1,11.8,12.1,10.0,10.7,11.4,15.6,16.7,14.3,8.9,11.0,11.3,10.0,11.5,10.2,14.6,14.6,11.9,10.9,12.1,9.6,9.1,11.8,17.9,14.5,14.5,14.3,20.4,17.3,12.0,17.1,15.3,12.6,14.6,14.2,16.5,12.7,22.8,15.4,15.8,14.4,16.0,21.1,12.2,12.2,13.3,14.2,14.1,13.6,11.0,7.6,11.5,11.8,13.8,12.3,10.5,18.6,12.1,12.8,11.6,11.0,10.6,14.1,16.6,14.1,13.2,10.9,13.6,12.4,9.7,18.7,13.3,13.7,10.8,14.7,16.7,14.0,10.0,16.7,11.8,9.5,15.1,16.6,10.9,9.1,11.5,17.9,14.2,12.6,12.5,12.9,17.9,11.8,10.8
2026-07-19 03:00:00,11.2,9.8,13.8,11.4,10.7,14.8,12.7,13.2,10.3,11.3,13.5,15.9,18.6,16.1,9.2,11.3,11.0,10.6,11.7,10.3,14.7,14.7,12.3,11.8,12.4,8.7,9.2,13.0,19.6,13.2,15.0,14.8,20.3,17.7,13.6,17.9,19.4,13.2,16.6,14.4,17.7,13.5,24.5,14.9,14.3,15.4,16.1,20.3,14.0,13.3,14.5,15.1,12.9,11.9,12.0,7.9,12.3,11.8,15.6,13.8,11.5,36.6,12.3,14.4,12.4,10.2,10.8,14.7,17.3,14.0,13.8,11.1,12.4,12.6,9.7,18.0,11.6,13.8,11.3,14.4,16.7,15.0,13.5,16.3,12.4,10.2,16.4,16.6,11.1,10.3,12.0,17.5,15.8,12.8,12.9,12.0,16.8,12.8,11.6
2026-07-19 04:00:00,10.4,11.7,15.4,12.1,10.4,15.4,12.8,14.0,10.4,10.9,13.9,17.0,18.5,16.1,9.5,12.2,11.5,11.4,12.9,10.3,15.1,16.4,13.6,12.3,13.0,9.0,9.2,14.5,22.3,14.3,17.0,16.3,21.8,20.6,15.1,16.0,22.2,15.5,19.0,16.4,17.2,15.9,23.3,17.4,16.1,16.7,18.6,23.4,16.0,15.3,16.6,16.5,11.2,13.3,15.5,9.0,12.8,12.0,15.9,14.2,12.9,19.1,12.7,14.3,12.1,9.8,11.7,14.1,18.2,15.2,16.3,12.6,13.8,13.5,9.8,17.9,12.9,14.5,12.6,14.9,17.8,16.6,12.7,16.3,12.7,11.5,18.4,18.6,11.4,10.7,13.1,18.5,16.4,13.6,13.7,12.9,18.2,12.7,11.2
2026-07-19 05:00:00,10.3,11.2,16.6,11.8,10.9,16.3,12.8,13.7,10.2,11.3,13.4,17.7,17.6,15.8,9.9,13.0,12.7,11.7,13.9,10.9,16.1,17.0,13.7,12.6,13.6,9.1,9.2,14.9,23.5,14.5,18.0,17.7,23.4,22.4,15.8,17.3,20.4,17.1,20.4,19.1,19.3,17.0,22.8,19.1,17.5,16.0,21.0,25.0,16.8,16.0,18.2,17.7,10.8,14.3,14.1,9.0,13.1,12.1,15.3,14.1,13.6,15.8,12.8,13.4,11.9,10.2,12.0,13.8,19.1,16.5,17.3,13.1,14.9,13.6,9.5,17.6,13.2,15.0,12.9,15.7,18.4,16.9,12.5,17.8,12.8,11.9,19.1,19.5,11.6,10.9,13.3,19.8,15.7,13.8,13.8,13.7,19.0,13.4,11.1
2026-07-19 06:00:00,10.6,10.9,17.4,12.1,11.1,17.1,12.6,14.3,10.2,11.1,13.1,18.8,18.2,17.0,9.7,13.2,13.0,11.8,14.1,11.2,16.7,17.2,14.2,12.7,13.8,8.7,9.5,15.3,24.7,14.6,18.9,18.4,23.9,22.8,17.2,19.2,21.0,17.7,20.6,19.6,20.0,17.9,24.1,19.9,18.5,14.8,21.9,25.9,16.6,15.8,18.9,18.4,11.3,14.8,13.3,9.1,13.4,11.6,15.5,14.7,13.8,19.4,13.1,13.2,11.5,10.5,12.0,13.7,19.6,17.4,17.6,13.4,15.3,13.2,9.6,17.4,13.4,14.5,13.2,16.7,18.9,17.7,12.8,18.8,13.9,12.1,19.9,20.7,11.1,11.4,13.5,20.5,16.4,14.2,13.9,14.7,20.3,13.2,11.3
2026-07-19 07:00:00,11.0,12.0,16.9,12.9,11.7,17.3,12.2,14.5,10.7,10.9,13.9,19.8,18.6,17.3,9.7,13.5,13.5,12.3,14.9,12.3,16.6,18.0,15.2,13.2,14.9,10.1,11.3,15.2,23.0,13.9,18.9,18.5,23.5,23.1,17.6,19.8,19.5,15.7,18.2,19.8,21.2,17.5,24.5,17.7,17.4,16.4,20.7,25.4,15.4,14.7,18.7,18.7,12.4,15.3,13.7,9.1,13.8,14.1,15.9,15.0,13.9,17.8,13.0,12.8,11.4,11.2,12.4,14.2,21.3,18.2,17.4,13.8,15.5,13.2,10.5,17.9,13.5,14.5,13.2,17.1,20.0,17.6,12.6,18.9,14.2,12.3,19.9,21.9,11.1,12.6,13.9,21.6,17.6,14.2,14.3,18.4,20.1,13.4,12.5
2026-07-19 08:00:00,10.8,11.4,14.5,12.6,12.3,16.1,13.5,14.9,11.8,11.5,13.3,18.3,18.6,16.8,9.7,12.6,13.1,11.1,13.1,11.4,15.6,16.9,15.0,12.4,15.5,11.3,10.5,13.9,19.8,11.5,14.9,15.7,22.8,19.9,14.1,18.9,15.8,14.0,15.5,17.6,19.2,14.8,25.1,15.8,14.7,15.4,25.6,20.8,14.6,13.8,16.7,16.6,14.0,14.4,13.2,8.6,13.5,14.4,15.8,14.1,13.0,16.0,13.5,12.3,12.2,11.8,12.5,13.4,21.8,17.3,16.6,13.2,13.4,13.4,10.7,21.7,12.0,15.6,11.8,15.9,20.2,15.8,11.2,17.2,15.9,12.2,17.4,20.4,11.5,12.4,12.2,20.6,16.6,14.1,13.7,15.4,19.7,14.0,12.3
2026-07-19 09:00:00,10.0,10.7,14.2,11.5,10.8,15.3,13.6,13.0,10.8,10.9,12.5,17.4,16.5,15.1,9.0,12.5,13.5,10.4,12.6,11.0,16.0,15.0,14.5,11.6,14.7,9.9,9.8,14.2,17.7,11.1,14.6,14.9,18.1,17.4,13.7,16.0,16.1,13.1,15.8,16.6,18.2,13.7,20.7,15.1,14.4,14.4,15.6,19.4,15.2,14.7,15.1,15.1,12.8,14.5,11.8,8.8,12.3,12.8,15.3,13.9,12.9,15.4,12.5,12.3,12.1,10.4,11.5,12.8,19.6,17.6,16.2,13.2,13.2,13.3,9.8,19.2,11.7,16.1,11.8,15.0,18.0,15.5,10.7,16.5,12.5,11.1,15.3,20.6,10.7,11.9,12.2,18.6,17.2,14.3,12.1,12.0,16.2,13.5,11.4
2026-07-19 10:00:00,10.7,10.9,16.1,12.2,11.7,15.8,13.9,14.3,11.9,11.7,13.5,18.7,15.3,15.9,9.6,13.9,13.7,11.3,13.5,11.8,16.3,16.0,15.2,12.2,14.8,10.5,10.7,14.9,18.1,11.8,14.9,14.9,18.2,18.1,13.9,14.4,16.7,13.4,16.2,15.4,20.0,14.1,19.9,15.3,14.0,14.3,16.4,20.1,15.8,15.0,15.8,14.6,13.1,14.8,11.8,9.2,12.9,13.7,15.4,13.6,14.0,15.1,13.6,12.9,12.7,11.1,12.1,13.3,19.9,17.5,17.3,13.4,13.6,13.5,10.3,20.4,12.8,16.3,12.6,15.4,18.6,16.5,11.0,17.7,12.5,11.8,16.3,19.8,11.4,12.4,12.9,19.2,16.8,14.5,12.7,12.5,15.3,13.8,11.7
2026-07-19 11:00:00,10.7,11.3,15.4,12.8,12.2,15.8,14.2,14.7,12.3,12.1,13.8,19.2,15.2,16.3,10.2,14.0,13.5,11.5,13.9,12.2,17.0,16.4,15.5,12.2,15.0,10.7,10.9,15.1,18.3,11.9,15.0,15.0,19.0,18.4,14.2,14.3,17.1,14.1,16.5,15.4,20.7,14.2,20.3,15.6,14.0,13.8,16.4,20.5,16.0,15.1,15.7,15.1,13.1,15.4,12.3,9.3,13.2,14.2,15.5,13.7,14.3,14.8,14.1,13.1,13.2,11.6,12.3,13.4,20.6,17.7,17.0,13.4,14.3,13.7,10.4,21.5,12.5,16.3,12.9,15.9,19.2,16.2,11.2,17.7,13.2,12.1,16.8,20.1,11.8,12.4,13.1,19.8,16.7,15.1,13.5,12.9,15.9,13.3,11.9
2026-07-19 12:00:00,10.8,11.2,15.0,12.7,11.7,16.0,14.1,14.6,12.3,12.1,13.4,19.5,14.9,16.3,10.2,13.8,13.0,11.3,14.2,12.1,16.5,16.1,15.1,12.0,14.6,10.7,11.0,15.1,18.5,11.9,14.6,14.6,19.0,18.6,14.1,14.2,16.9,13.8,16.3,15.1,21.1,14.2,19.7,15.6,13.9,13.5,16.4,20.7,15.7,15.3,15.5,14.8,12.5,15.4,12.4,9.4,13.3,14.4,15.4,13.5,14.1,14.7,14.0,12.8,13.2,11.5,12.3,13.1,20.9,17.8,17.2,13.1,14.5,13.5,10.3,21.8,12.5,16.0,12.7,15.5,19.2,16.3,11.2,17.9,13.4,12.5,16.3,19.8,11.7,12.4,13.1,19.7,16.4,15.1,13.0,13.1,15.6,12.9,11.8
2026-07-19 13:00:00,10.7,11.3,14.9,12.6,11.4,15.6,14.0,14.4,12.1,12.4,13.3,19.1,14.9,16.0,10.0,13.3,12.3,11.1,13.8,12.0,15.5,15.7,15.0,11.9,14.0,10.5,10.7,14.1,17.4,11.5,14.0,14.5,18.7,17.6,13.3,13.8,15.8,13.0,15.7,14.0,20.3,13.5,19.1,15.3,13.5,13.3,15.6,19.6,15.2,15.0,14.8,14.9,12.3,14.8,12.6,9.1,13.1,14.2,15.3,13.4,13.7,14.6,13.8,12.9,13.1,11.4,12.3,12.3,20.3,16.8,16.7,12.9,14.4,13.4,10.0,21.7,12.1,15.6,12.1,15.5,19.1,15.8,11.5,17.6,13.4,12.4,15.7,19.0,11.9,12.5,13.2,19.7,16.0,14.9,13.1,13.1,15.3,12.4,11.4
2026-07-19 14:00:00,10.9,11.0,15.0,12.4,10.7,15.6,13.7,13.9,11.9,12.5,13.0,18.8,14.0,15.4,10.0,13.3,11.8,11.2,13.5,11.5,15.4,15.1,14.2,11.6,13.9,10.5,10.2,14.1,17.7,11.2,14.0,14.3,18.0,16.3,12.9,13.2,15.9,12.6,15.9,12.9,19.9,13.3,18.2,14.4,13.3,13.2,14.9,18.3,15.2,14.8,13.9,14.9,12.3,14.5,12.4,8.8,12.6,14.1,14.9,13.1,13.7,14.6,13.7,12.9,12.6,11.2,12.1,12.3,20.2,16.4,15.3,12.2,14.3,13.4,9.5,21.6,12.3,15.2,12.1,14.8,18.7,16.3,11.4,18.0,13.3,11.7,15.8,18.0,12.1,12.5,13.2,19.2,15.2,14.6,13.4,13.1,14.9,12.2,11.0
2026-07-19 15:00:00,10.4,10.8,14.9,12.2,10.4,15.4,13.6,14.2,11.8,11.7,12.2,17.7,14.0,15.1,9.9,13.0,11.3,11.1,13.6,11.4,14.9,15.3,12.7,11.6,13.8,10.7,9.8,13.7,17.4,11.1,14.4,14.4,16.9,16.3,12.8,13.2,15.1,12.7,15.5,12.2,19.2,13.4,17.5,14.0,12.9,12.9,14.9,17.8,14.5,14.5,14.1,14.7,12.2,14.4,12.4,8.5,12.3,14.1,14.5,12.9,13.9,14.2,13.7,12.7,12.1,10.9,11.4,12.0,18.2,16.1,14.7,11.6,14.1,13.2,9.0,21.8,12.5,14.6,12.4,13.5,17.6,15.9,11.8,17.1,13.6,11.7,15.4,17.5,12.1,11.7,12.9,17.8,14.4,13.7,13.7,12.8,14.1,12.1,10.3
2026-07-19 16:00:00,10.4,10.9,14.6,11.5,10.3,15.1,13.0,13.3,12.2,11.5,11.7,17.6,13.1,14.7,9.7,12.2,10.8,10.9,13.3,11.5,14.5,15.3,12.8,11.7,13.0,10.6,9.6,13.6,17.5,10.9,14.1,14.4,17.1,16.9,12.7,12.5,15.6,12.7,15.4,12.5,18.7,13.7,16.3,14.1,13.1,12.0,14.6,18.7,14.4,15.0,13.5,14.3,11.8,14.7,12.3,8.9,11.8,13.7,13.9,12.0,13.9,13.9,12.8,12.6,12.1,10.7,11.3,12.2,18.7,16.0,15.8,12.0,14.2,12.8,8.4,22.4,12.4,14.2,12.0,13.2,18.0,16.0,11.6,15.9,12.9,11.9,15.4,17.7,12.4,11.4,12.7,18.0,13.0,13.4,13.4,12.3,14.2,11.9,10.0
2026-07-19 17:00:00,10.7,10.6,15.6,11.3,10.6,15.9,13.9,13.4,12.1,11.6,11.3,18.1,13.6,14.2,9.8,11.7,11.2,10.4,13.2,11.3,15.1,15.4,12.4,11.0,12.7,10.7,9.6,13.6,17.8,11.0,13.8,14.0,16.9,16.8,12.2,12.5,16.1,12.4,15.5,13.1,18.4,13.0,16.9,14.1,12.8,12.0,14.3,19.3,14.8,15.1,13.9,14.0,12.0,13.9,12.5,9.0,11.6,13.8,14.1,12.8,13.7,13.2,12.9,12.5,12.2,10.7,10.8,12.7,18.0,16.2,15.8,12.3,13.9,12.6,8.3,22.1,12.3,13.9,11.7,13.2,17.9,16.0,11.8,16.9,13.1,11.7,15.2,18.0,12.4,11.8,12.7,17.9,13.1,14.0,14.2,12.5,14.2,11.3,10.2
2026-07-19 18:00:00,10.6,10.8,15.5,11.8,10.5,16.0,14.2,13.6,12.1,11.7,11.1,18.3,14.2,14.6,9.9,11.8,11.4,10.8,13.3,11.1,15.4,15.8,12.4,11.3,13.9,10.7,9.8,13.1,17.6,11.1,13.9,14.3,17.5,17.0,12.0,13.0,16.0,12.4,15.6,13.6,18.3,13.2,17.8,14.2,12.7,12.4,14.3,19.5,14.4,14.7,14.4,14.6,12.9,14.1,12.6,8.9,12.2,14.1,15.3,13.3,13.5,13.3,13.2,12.4,12.2,10.6,11.2,12.6,18.6,16.1,16.1,12.5,14.0,13.1,8.4,22.3,12.5,15.2,11.8,14.0,18.2,16.3,11.8,17.0,13.5,11.6,15.0,18.0,12.4,12.2,13.0,18.7,14.0,14.8,14.6,12.7,14.8,12.6,9.7
2026-07-19 19:00:00,10.6,10.8,13.8,10.9,10.9,14.7,13.1,12.6,11.3,11.5,11.8,,13.8,14.3,8.9,12.2,12.0,10.5,12.9,11.0,14.3,13.8,12.8,11.5,12.7,10.5,9.8,13.1,16.3,11.0,13.5,13.5,15.7,15.3,11.9,12.5,14.4,11.9,14.6,12.8,18.4,12.7,16.9,13.7,12.6,12.2,13.9,17.1,13.6,13.6,13.9,14.0,12.2,13.3,11.5,8.1,12.1,13.3,13.6,12.3,12.6,12.7,12.9,12.1,11.9,10.5,11.1,,16.8,15.4,15.1,11.7,13.4,12.6,8.8,21.0,12.1,14.4,11.9,12.2,15.5,14.7,10.7,14.7,12.3,11.5,14.0,16.9,12.0,10.9,12.6,15.5,14.0,13.6,,12.8,13.4,11.7,10.2
2026-07-19 20:00:00,8.3,8.7,12.0,8.7,8.9,13.1,10.3,9.8,8.6,9.1,9.7,14.0,12.5,12.5,7.3,9.7,9.5,8.6,10.1,9.0,12.1,11.9,10.8,9.6,10.4,8.2,7.9,10.4,14.7,10.5,12.1,11.9,15.3,14.6,10.7,12.2,13.0,11.0,13.0,11.4,14.0,11.8,15.9,12.3,11.1,10.6,12.7,15.4,10.7,10.6,12.4,12.3,8.2,10.3,9.4,6.6,9.5,10.2,11.0,10.3,9.8,11.2,9.8,9.4,9.1,8.7,8.9,9.0,14.6,12.1,11.9,9.5,10.3,9.7,7.6,14.7,9.8,,9.9,10.6,13.1,11.6,8.6,13.0,10.3,8.4,12.5,13.5,9.3,7.9,10.1,14.0,11.7,10.6,9.8,10.0,13.4,9.9,8.6
2026-07-19 21:00:00,8.1,8.5,10.1,7.5,8.4,11.0,9.5,8.2,7.2,8.6,9.2,11.0,11.4,12.1,6.3,8.3,9.0,7.2,9.5,8.3,10.5,10.0,10.0,7.8,9.5,6.9,7.8,9.4,14.0,9.0,10.7,10.5,13.1,13.0,10.6,10.5,12.1,10.8,12.1,10.3,,11.1,13.7,12.2,11.1,11.2,11.8,13.8,9.8,9.6,11.2,10.3,8.3,9.6,7.8,5.9,7.9,8.5,10.2,9.5,8.7,9.3,8.1,9.1,8.8,8.1,7.5,9.8,11.7,10.6,10.8,8.6,9.7,10.4,7.3,11.5,8.1,9.8,,9.4,10.8,10.5,8.6,10.5,8.0,7.9,11.6,11.5,7.8,7.4,8.3,11.3,10.4,9.9,8.3,7.7,11.7,8.7,8.2
2026-07-19 22:00:00,6.9,7.1,9.2,6.9,7.4,10.1,8.4,7.9,6.9,7.4,7.8,10.6,10.8,10.8,5.7,7.7,8.1,6.6,8.3,7.1,9.7,9.3,9.5,7.2,8.8,6.5,6.7,9.1,14.4,8.3,10.4,10.2,12.5,12.1,9.8,10.2,11.4,9.6,11.7,9.4,12.5,10.1,12.9,12.0,10.1,10.2,10.8,13.1,9.8,9.5,10.3,9.8,7.0,9.2,7.3,5.6,7.5,8.1,9.4,8.5,7.9,8.8,7.8,8.1,7.6,7.2,7.1,8.6,11.3,9.9,10.3,8.0,8.9,8.4,6.5,10.8,7.4,9.5,7.4,9.2,10.3,10.4,7.6,10.1,7.7,8.0,10.8,10.6,7.1,6.4,7.8,11.0,9.6,8.9,7.8,7.7,11.1,8.2,7.1
2026-07-19 23:00:00,6.6,6.6,8.3,6.6,6.7,8.4,7.4,7.2,6.6,7.0,7.3,9.7,9.3,9.3,5.3,7.2,6.8,6.3,7.8,6.7,8.3,8.5,7.9,6.8,8.0,5.4,6.3,8.1,11.4,7.7,9.5,9.3,11.4,10.7,8.5,9.0,9.7,9.1,9.6,7.4,11.0,,10.4,9.5,9.0,9.3,9.7,11.2,8.0,7.8,9.3,9.1,5.5,7.9,6.9,4.5,7.1,7.5,8.2,7.4,7.4,8.2,7.3,7.5,7.2,6.4,6.8,7.8,10.5,8.4,8.6,6.9,8.0,7.5,6.0,10.2,7.0,8.6,7.0,8.5,9.5,8.5,6.6,9.2,8.5,6.6,9.4,8.8,6.7,5.0,7.3,10.0,8.2,8.1,7.3,7.3,10.2,7.6,6.8
2026-07-20 00:00:00,5.4,5.7,7.3,6.4,5.4,6.8,6.6,6.8,5.9,6.0,6.4,8.4,8.1,7.4,5.1,6.6,6.2,5.9,7.2,5.8,7.4,7.6,6.9,6.2,7.0,5.5,5.3,7.5,10.4,7.1,8.9,8.7,10.4,9.5,8.1,7.9,9.3,8.3,9.0,6.3,9.8,8.2,9.2,8.2,8.4,7.4,9.3,10.1,7.3,7.1,8.8,8.3,4.4,7.2,7.0,3.8,6.4,6.9,7.3,6.7,7.0,7.3,6.8,6.5,6.5,5.0,6.0,6.7,9.2,7.5,7.3,6.1,7.3,6.7,5.0,8.8,6.4,7.7,6.4,7.7,8.4,7.8,6.4,8.2,7.0,5.8,8.6,7.7,6.2,4.1,6.8,9.1,7.4,7.0,6.8,6.8,9.2,6.9,5.8
2026-07-20 01:00:00,4.6,4.8,7.3,5.9,5.0,7.0,6.6,6.5,5.0,5.2,5.6,8.3,8.3,7.0,4.5,5.7,6.1,4.6,6.4,4.9,7.6,7.6,6.8,5.3,6.9,4.4,4.8,6.9,10.0,6.5,8.3,8.2,9.7,9.6,7.6,7.9,9.0,7.6,9.6,6.6,8.8,8.1,9.4,8.4,7.8,7.4,8.6,10.2,7.0,6.9,8.3,8.0,4.3,6.8,6.2,3.9,5.9,6.3,7.3,6.8,6.2,7.1,6.2,5.8,6.0,4.7,5.5,6.1,8.8,7.6,7.4,6.2,6.9,6.6,4.7,7.7,5.6,7.5,5.8,7.1,8.2,7.3,5.7,7.9,7.9,5.8,8.6,8.0,5.3,4.1,6.0,8.3,7.5,7.1,6.5,6.1,8.7,6.6,5.4
2026-07-20 02:00:00,4.5,5.1,7.1,6.0,4.8,6.7,6.0,6.5,5.3,5.3,5.6,8.3,7.6,7.6,4.5,6.2,5.7,4.8,6.3,5.0,7.2,7.6,6.4,5.6,6.4,4.9,4.4,6.8,9.5,6.5,8.0,8.0,9.7,9.3,7.2,7.5,8.5,7.3,8.6,5.9,8.4,7.4,8.6,7.7,7.3,6.9,9.0,9.6,6.9,6.7,8.2,8.2,3.7,6.5,6.3,3.7,6.4,6.7,6.7,6.1,6.3,6.9,6.5,5.6,5.6,4.6,5.9,5.8,9.0,7.2,7.0,5.8,6.5,5.9,4.2,8.1,5.7,6.8,6.0,7.5,8.3,7.3,5.8,8.0,7.6,5.3,8.2,7.5,5.3,3.5,6.1,8.7,6.9,6.4,6.4,6.4,8.6,6.2,4.8
2026-07-20 03:00:00,5.2,5.6,8.2,6.5,5.5,8.3,7.0,6.8,5.9,5.8,6.0,9.3,9.0,7.6,5.1,6.6,6.5,5.4,6.6,5.8,8.2,8.5,7.1,6.3,7.7,5.6,4.9,7.2,10.2,6.8,8.2,8.0,11.3,10.5,7.3,8.9,9.4,7.2,9.2,6.9,8.8,7.6,10.5,8.4,7.5,7.4,8.7,11.0,7.4,7.4,7.9,8.5,4.9,6.9,6.6,4.5,6.5,7.2,8.1,7.3,6.6,8.2,6.6,5.7,6.0,5.2,6.1,6.0,10.0,8.1,7.9,6.6,6.8,7.0,4.6,9.2,6.3,8.0,6.6,8.6,9.4,7.9,6.1,9.3,6.5,6.0,8.9,8.7,6.1,4.4,6.7,9.9,8.3,7.7,7.1,9.3,9.9,7.4,5.3
2026-07-20 04:00:00,5.9,6.4,8.6,7.1,6.3,9.1,7.5,7.5,6.6,6.4,6.6,9.8,9.1,8.7,5.9,7.1,7.1,6.5,7.6,6.5,8.7,9.0,8.0,7.4,7.5,6.1,6.1,8.2,12.1,7.7,9.6,9.4,11.7,11.4,8.7,8.8,10.3,8.6,10.4,7.9,10.0,9.0,10.9,9.7,9.2,8.3,10.2,11.7,8.3,8.1,9.9,9.2,5.5,8.0,7.3,5.1,7.3,8.6,8.0,7.5,7.6,7.9,7.5,6.8,6.8,6.0,6.9,7.0,10.7,8.6,8.7,7.3,8.0,7.2,6.0,10.4,7.0,7.9,7.3,8.5,9.8,9.0,6.9,9.5,7.2,6.8,10.3,9.4,6.7,5.0,7.3,10.1,8.3,7.7,7.8,9.2,10.5,7.0,6.5
2026-07-20 05:00:00,6.4,6.7,9.4,7.8,6.6,10.4,7.9,8.0,6.9,6.7,7.3,10.9,9.7,9.3,6.4,7.5,7.6,6.6,7.8,6.9,9.5,10.1,8.6,7.7,8.1,6.8,6.3,8.6,12.8,8.1,10.2,10.0,13.4,12.6,9.0,9.5,11.2,8.9,10.9,8.7,10.7,9.2,12.1,10.3,9.5,8.8,10.7,13.0,9.0,8.7,10.3,9.7,5.8,8.1,8.0,5.7,7.7,8.6,8.5,8.0,7.9,8.5,8.0,6.9,7.1,6.5,7.3,7.2,11.9,9.3,9.4,7.8,8.2,7.6,6.2,11.3,7.3,8.4,7.5,9.4,11.1,9.7,7.4,10.5,7.7,7.2,11.0,10.4,7.1,5.5,7.6,11.2,9.0,8.1,8.5,9.2,11.8,7.7,6.7
2026-07-20 06:00:00,7.0,7.8,11.6,9.8,7.0,12.4,8.8,9.8,8.1,7.3,7.9,13.2,11.4,11.9,7.8,9.1,8.7,7.8,9.8,8.0,11.1,12.4,10.1,9.7,9.6,7.7,7.4,11.4,17.1,10.0,13.8,13.0,17.0,16.2,12.1,11.5,15.0,11.7,14.8,11.4,13.2,12.5,14.4,13.0,12.3,10.1,13.9,16.6,11.3,10.9,13.5,12.2,7.1,10.3,9.9,6.8,9.4,10.7,10.1,9.3,9.6,10.2,9.7,7.4,7.8,7.1,8.9,7.8,14.4,11.1,11.3,9.2,10.3,8.9,7.0,,8.8,9.7,9.3,11.6,14.0,12.3,9.3,12.4,9.1,8.8,14.9,12.9,8.3,6.6,9.0,14.1,10.5,9.6,11.0,11.1,15.7,9.1,7.4
2026-07-20 07:00:00,8.3,9.3,12.2,10.3,8.7,13.5,10.1,10.9,9.6,8.9,9.6,13.7,13.2,13.3,8.3,10.2,10.0,8.7,10.9,9.7,12.7,13.4,11.6,10.1,10.6,9.7,8.5,12.2,18.9,12.0,15.5,14.8,18.4,17.7,13.3,13.3,16.5,13.1,15.8,13.8,15.8,13.6,17.4,15.0,13.6,12.2,15.9,18.9,12.0,11.6,15.2,14.1,8.8,11.3,10.8,7.3,10.7,11.6,11.2,10.4,10.8,11.0,10.8,9.5,9.4,9.0,10.1,9.8,15.1,12.3,12.9,10.4,11.6,10.0,8.2,,10.4,11.3,10.6,11.9,14.3,13.3,10.2,13.5,9.9,9.6,16.0,14.6,9.5,8.0,10.4,14.8,11.6,10.6,11.4,12.4,16.4,9.6,8.9
2026-07-20 08:00:00,7.7,8.5,10.5,8.8,8.4,12.1,8.9,9.4,8.7,8.3,8.9,11.5,11.7,12.0,7.4,8.9,8.7,8.2,9.9,8.8,11.0,11.6,10.0,9.4,9.2,8.7,7.5,10.7,15.9,10.5,12.5,12.2,14.7,15.0,11.5,12.0,13.8,11.6,13.5,11.5,13.6,12.0,14.7,12.9,11.7,10.6,13.4,16.2,10.3,10.0,12.7,12.4,7.5,10.0,9.4,6.5,9.8,10.4,9.8,9.1,9.2,9.8,9.8,8.2,8.6,8.2,9.5,8.8,12.5,10.7,11.5,9.1,9.9,8.9,7.3,,9.3,10.0,9.2,10.1,11.9,11.2,8.7,11.7,8.9,8.4,13.3,12.4,9.1,6.9,9.7,12.2,10.2,9.3,9.6,11.6,13.1,8.4,8.0
2026-07-20 09:00:00,6.7,11.3,8.7,7.6,7.4,8.7,7.4,8.2,8.5,7.2,7.8,9.2,9.3,10.8,6.6,7.8,7.3,7.9,8.2,7.4,8.8,9.3,8.2,8.8,7.4,8.3,6.5,8.5,12.3,9.1,10.1,10.0,11.6,11.1,9.2,8.9,10.9,9.3,10.7,8.3,10.9,9.4,10.9,10.7,9.1,8.8,10.8,12.4,8.3,8.2,10.1,10.7,5.7,8.2,7.9,5.1,9.0,9.9,8.0,7.6,7.8,7.7,8.9,7.4,7.3,7.3,8.6,7.7,9.9,8.8,10.6,7.4,8.2,7.3,6.3,,8.3,8.2,8.2,8.1,9.5,9.2,7.2,9.5,8.2,6.9,10.5,9.6,8.5,5.2,8.8,9.7,8.5,7.6,7.8,11.6,10.4,7.0,6.9
2026-07-20 10:00:00,4.7,6.6,6.7,5.7,5.7,6.0,5.7,6.2,6.0,5.8,6.0,7.6,7.0,7.4,4.1,6.1,5.6,5.7,6.5,5.7,7.3,7.5,6.5,6.0,6.0,6.4,4.6,6.8,9.1,6.4,7.4,7.3,9.0,8.8,7.0,7.0,8.5,7.1,8.3,5.4,8.4,7.3,8.0,8.0,6.9,6.6,8.2,9.2,7.0,6.7,7.6,7.3,3.7,6.7,5.7,3.7,6.2,6.7,6.2,5.8,6.3,6.3,6.6,5.6,5.5,5.7,5.9,5.8,8.0,6.9,7.1,5.8,6.4,5.5,4.4,,6.0,6.4,5.9,6.7,7.6,7.1,5.1,8.0,5.7,5.5,7.9,7.2,6.3,3.3,6.9,7.7,6.7,6.1,5.9,7.5,7.9,5.5,5.0
2026-07-20 11:00:00,3.7,5.4,5.9,4.5,4.3,4.6,4.7,5.0,4.2,4.1,4.8,6.6,5.4,6.1,3.1,4.9,4.6,4.2,5.1,4.3,7.1,6.5,5.4,4.7,4.7,4.1,3.5,5.6,7.0,4.7,5.9,5.9,7.1,7.1,5.4,5.2,6.8,5.6,6.8,3.7,7.2,5.7,6.2,6.3,5.3,5.2,6.4,7.4,6.0,5.5,6.2,5.7,2.8,5.5,4.5,3.0,5.0,5.6,5.0,4.7,5.3,4.9,5.2,4.5,4.4,4.0,4.6,4.7,6.9,6.1,6.4,4.8,4.9,4.5,3.3,,4.3,5.4,4.4,5.4,6.4,5.9,3.8,6.6,5.0,4.5,6.3,6.1,4.4,2.8,5.0,6.2,5.6,5.0,4.6,6.5,6.4,4.1,4.0
2026-07-20 12:00:00,3.0,12.2,4.5,3.1,4.0,3.9,3.8,3.4,3.2,3.1,3.6,5.3,4.0,4.6,2.1,3.7,3.4,3.0,3.9,3.2,5.0,4.9,4.2,3.4,3.7,2.8,2.7,4.2,5.5,3.0,3.9,4.2,5.5,5.4,3.8,3.9,5.3,3.9,5.1,2.4,6.3,4.4,5.0,4.9,3.8,3.8,4.4,5.5,4.6,4.5,4.5,3.8,2.2,4.2,3.3,2.1,3.4,4.0,3.8,3.6,4.5,3.9,3.5,3.3,3.5,3.0,3.0,3.5,5.6,4.7,4.8,3.7,3.8,3.6,2.6,,3.0,4.1,3.0,4.2,5.1,4.6,2.9,5.7,3.6,3.5,4.6,5.0,3.5,2.5,3.7,4.7,4.5,4.1,3.3,4.6,4.7,3.5,3.2
2026-07-20 13:00:00,2.5,6.4,3.9,2.4,4.4,3.5,3.0,2.7,2.5,2.6,2.8,4.3,2.9,3.5,1.8,3.2,2.8,2.3,3.2,2.6,4.4,4.1,3.3,2.7,3.1,2.2,2.3,3.5,4.5,2.5,3.1,3.4,4.5,4.2,2.9,3.1,4.3,3.0,4.3,1.8,5.6,3.3,4.4,3.8,3.0,2.9,3.4,4.5,3.7,3.7,3.6,3.0,1.8,3.4,2.5,1.9,2.9,3.1,3.1,3.1,3.8,3.2,3.0,2.7,2.7,2.4,2.5,2.8,4.7,3.9,4.2,3.0,3.1,3.2,2.2,,2.4,3.3,2.4,3.9,4.0,3.7,2.4,5.7,2.9,3.2,3.5,4.3,2.6,1.7,2.9,3.8,3.5,3.4,2.8,3.5,4.0,2.8,2.5
2026-07-20 14:00:00,2.0,5.8,3.4,2.1,2.0,2.8,2.4,2.4,2.1,2.1,2.3,3.7,2.5,3.0,1.5,2.7,2.0,1.9,2.6,2.1,3.0,3.7,2.4,2.4,2.3,1.9,1.7,2.9,4.0,2.1,2.7,2.8,4.1,3.8,2.4,2.7,3.9,2.5,3.4,1.5,4.2,2.7,3.6,3.1,2.2,2.2,3.3,3.8,3.1,2.9,3.2,2.5,1.5,2.8,2.2,1.5,2.4,2.8,2.4,2.9,3.2,2.8,2.4,2.2,2.2,2.0,2.1,2.4,4.1,3.1,3.1,2.3,2.5,2.4,1.5,,2.1,2.7,2.0,3.5,3.7,3.4,2.0,4.0,2.5,2.6,3.2,3.7,2.3,2.2,2.4,3.3,2.7,2.6,2.4,4.4,3.5,2.2,1.9
2026-07-20 15:00:00,1.6,3.9,3.1,2.5,1.7,5.1,2.4,2.0,1.8,1.8,1.9,3.7,2.6,2.5,1.3,2.5,2.1,1.6,2.4,2.0,3.5,3.3,2.4,1.8,3.0,1.5,1.6,2.9,3.8,1.9,2.4,2.6,3.8,3.4,2.4,2.9,3.8,2.4,5.2,1.5,4.0,2.8,3.8,3.1,2.2,2.1,3.1,4.0,3.4,3.1,2.8,2.2,1.4,2.7,1.9,1.5,2.0,2.3,2.6,2.2,3.5,3.1,2.1,1.8,1.9,1.6,1.9,1.9,3.7,3.1,3.1,2.3,2.4,2.3,1.4,,1.8,2.5,1.9,2.7,3.3,3.1,1.8,3.7,2.1,2.3,2.9,3.7,2.0,1.7,2.1,3.2,3.8,2.5,2.1,3.6,3.3,2.4,1.8
2026-07-20 16:00:00,1.6,2.4,3.0,1.8,1.7,4.8,2.4,2.0,1.8,1.7,1.8,3.2,2.9,2.5,1.3,2.2,2.0,1.5,2.1,1.7,2.8,2.9,,1.9,3.0,1.6,1.4,2.5,3.3,1.7,2.3,2.5,3.8,3.2,2.0,2.4,4.0,2.0,3.8,1.3,3.7,2.4,3.3,2.6,2.0,2.5,2.8,4.0,2.7,2.6,2.5,2.0,1.5,2.4,1.9,1.4,1.9,2.4,2.5,2.4,2.7,2.4,2.0,2.0,1.9,1.6,1.8,2.2,3.6,2.7,2.7,2.0,2.2,2.5,1.4,,1.7,2.8,1.7,2.6,3.3,2.9,1.7,3.3,2.0,2.5,2.6,3.2,,1.8,2.0,2.9,4.2,2.8,2.2,6.1,3.3,2.4,1.7
2026-07-20 17:00:00,1.4,2.7,2.4,1.4,1.9,4.5,1.8,1.6,1.4,1.4,1.6,2.9,2.2,2.0,1.0,3.0,1.6,1.2,1.9,1.5,3.1,2.8,1.6,1.9,2.1,1.3,1.3,2.1,3.3,1.5,2.1,2.0,4.0,3.2,1.7,2.2,3.4,2.0,3.3,1.1,,2.3,3.3,2.5,1.7,1.8,2.5,3.8,2.5,2.2,2.3,1.6,1.2,1.9,1.5,1.2,1.7,1.8,2.1,1.9,2.3,2.1,1.7,1.8,1.6,1.3,1.5,1.7,3.1,2.3,2.3,1.7,1.8,2.0,1.3,,1.4,2.5,1.4,2.3,2.7,2.9,1.4,2.6,1.5,1.8,2.4,2.7,,1.1,1.6,2.8,2.4,2.1,1.7,2.5,3.2,2.0,1.4
2026-07-20 18:00:00,1.2,1.3,2.2,1.6,3.5,1.7,1.9,1.6,1.5,1.2,1.3,2.7,2.4,2.2,1.1,1.7,1.6,1.3,1.7,1.3,2.6,2.3,1.8,1.4,1.9,1.4,1.1,2.1,3.3,1.5,2.1,2.1,3.7,3.2,1.7,2.9,3.0,1.9,4.2,1.3,,2.2,3.6,2.6,1.8,1.9,3.2,3.5,2.7,,2.5,1.8,1.1,1.9,1.6,1.2,2.4,1.7,2.0,1.9,1.7,2.3,1.8,1.7,1.5,1.1,1.8,1.7,3.0,2.4,2.2,1.7,1.7,1.9,1.2,,1.4,2.3,1.4,2.2,2.6,2.5,1.5,2.7,1.6,1.6,2.6,2.8,,1.1,1.6,2.7,2.3,2.1,1.8,1.6,3.0,1.9,1.3
2026-07-20 19:00:00,1.5,1.5,2.5,1.7,1.5,1.9,,1.9,1.7,1.5,1.6,,2.3,2.3,1.2,2.0,1.7,1.4,2.0,1.4,2.7,2.7,2.1,1.6,1.8,1.5,1.3,2.3,3.7,1.7,2.4,2.4,4.0,3.4,1.9,2.5,3.2,2.3,4.9,1.5,,2.7,3.7,2.9,2.0,2.0,3.0,3.9,3.0,,2.7,2.2,1.1,2.0,1.8,1.1,2.1,1.9,2.0,1.9,1.9,2.2,2.1,1.7,1.7,1.3,1.6,1.6,3.1,2.5,2.5,1.9,2.0,1.7,1.4,,1.5,2.1,1.6,2.4,2.8,2.5,1.6,3.1,1.8,1.7,2.7,3.1,1.7,1.1,1.9,3.0,2.3,2.0,1.9,2.4,3.4,1.8,1.4
2026-07-20 20:00:00,1.7,1.6,2.9,2.0,1.6,2.2,2.5,2.2,2.0,1.6,1.7,3.7,2.9,3.0,1.4,2.2,1.8,1.6,2.3,1.7,3.1,3.2,2.4,1.8,2.1,1.7,1.5,2.8,4.5,2.0,3.1,2.7,4.3,3.6,2.5,2.8,3.7,2.6,5.5,1.8,,3.5,4.2,3.5,2.4,2.3,3.6,4.6,3.4,,3.2,2.7,1.3,2.5,2.0,1.4,2.5,2.1,2.3,2.2,2.1,2.9,2.3,1.8,1.9,1.4,2.1,1.9,3.6,2.9,2.8,2.2,2.3,2.0,1.3,,1.8,2.4,2.1,2.8,3.2,2.9,1.9,3.2,2.1,2.0,3.3,3.6,1.9,1.3,2.0,3.5,2.6,2.2,2.4,2.1,3.9,2.2,1.6
2026-07-20 21:00:00,1.8,1.9,3.6,2.9,2.0,2.6,2.6,2.7,2.6,1.9,2.1,4.3,3.8,3.6,1.6,2.8,2.1,1.9,2.6,2.0,3.8,3.7,2.7,2.2,2.8,1.9,1.7,3.2,5.8,2.5,3.5,3.6,5.8,4.9,2.9,3.9,4.5,3.1,6.2,2.3,,4.0,4.9,4.2,3.0,3.0,4.2,5.3,3.7,,3.6,3.3,1.5,2.9,2.4,1.5,2.6,2.6,2.8,2.6,2.7,3.5,2.7,2.1,2.1,1.7,2.5,2.5,4.4,3.4,3.2,2.5,3.0,2.4,1.5,,2.3,4.3,2.3,3.6,4.0,3.4,2.2,,2.5,2.2,4.1,4.1,2.3,1.4,2.4,4.4,3.3,2.7,2.9,2.5,,2.4,2.0
2026-07-20 22:00:00,2.0,2.0,5.7,2.9,2.1,3.4,3.1,3.3,2.8,2.1,2.2,5.3,5.0,4.7,2.3,3.0,2.5,2.2,2.9,2.2,4.2,4.4,3.2,2.6,3.1,2.2,1.9,3.6,6.2,3.0,4.3,4.2,6.2,6.1,3.5,5.2,5.7,3.7,5.5,3.1,5.4,4.3,5.5,5.4,3.7,4.3,5.1,6.6,4.5,4.9,4.4,4.0,1.8,3.0,2.9,1.9,3.1,3.2,3.4,3.2,2.8,3.7,5.0,2.6,2.3,1.9,2.7,2.9,5.4,4.5,4.4,3.2,3.0,3.0,1.8,,2.7,3.4,2.6,4.0,4.5,4.1,2.6,5.0,3.0,2.7,5.0,4.8,2.6,1.9,2.8,5.3,3.8,3.3,3.4,3.1,5.2,3.0,2.1
2026-07-20 23:00:00,2.2,2.4,4.2,2.7,2.4,3.2,3.0,3.5,2.5,2.6,2.7,5.0,4.7,3.9,1.9,3.1,2.5,2.3,3.6,2.5,4.1,4.4,3.2,2.7,3.0,2.3,2.1,3.8,6.3,3.1,4.6,4.4,6.3,6.2,3.9,4.5,5.6,4.1,6.3,3.1,5.0,4.4,5.2,5.0,4.2,4.6,4.9,6.7,4.3,4.9,4.2,4.2,1.8,3.5,3.0,1.8,3.4,3.2,3.4,3.2,3.1,3.5,3.2,2.7,2.6,2.2,2.9,2.8,5.3,4.4,4.0,2.8,3.4,2.7,2.4,,2.8,3.2,2.8,4.0,5.1,4.2,2.6,4.1,3.0,2.8,5.3,4.7,2.7,1.8,2.9,5.3,3.7,3.2,3.5,2.8,5.7,3.0,2.3
2026-07-21 00:00:00,2.1,2.3,4.5,2.3,2.3,3.0,3.1,2.6,2.4,2.4,2.5,4.7,4.4,3.3,1.6,2.6,2.5,1.9,3.1,2.3,4.0,3.9,3.0,2.3,3.0,2.2,2.0,3.5,6.1,2.7,3.7,3.7,5.4,5.8,3.8,4.3,5.4,3.9,5.1,2.8,4.5,4.2,5.1,4.9,4.0,4.2,4.5,6.4,3.9,5.7,3.8,3.5,1.8,3.4,2.3,1.7,4.0,2.7,3.4,3.1,2.8,3.2,2.7,2.8,2.6,2.1,2.6,3.4,4.7,4.4,4.2,2.8,3.1,2.7,1.9,4.2,2.3,3.2,2.3,3.7,4.0,3.3,2.1,4.4,2.4,2.8,4.5,4.6,2.5,1.7,2.4,5.0,3.6,3.1,2.7,2.4,4.3,2.7,2.2
2026-07-21 01:00:00,2.1,2.3,3.4,2.4,2.3,2.4,2.7,2.8,2.2,2.3,2.5,3.7,4.0,3.2,1.7,2.6,2.2,1.9,2.8,2.3,3.4,3.5,2.7,2.3,2.6,2.0,1.8,3.0,5.3,2.7,3.7,3.6,5.1,5.2,3.5,3.8,4.7,3.5,4.3,2.5,4.3,3.7,4.8,4.2,3.6,3.8,4.0,5.9,3.2,4.5,3.7,3.7,2.0,3.0,2.3,1.4,3.2,2.8,3.0,2.6,2.6,2.8,2.6,3.2,2.3,2.1,2.7,3.5,4.0,3.4,3.4,2.4,2.9,3.2,1.8,4.4,2.4,3.6,2.3,2.9,3.9,3.4,2.2,3.3,2.4,2.4,4.3,4.2,2.4,1.5,2.5,4.0,3.1,2.6,2.9,2.5,4.2,2.4,2.1
2026-07-21 02:00:00,1.9,1.8,2.9,2.0,2.0,2.1,2.3,2.3,1.9,2.0,2.5,3.2,3.7,2.8,1.4,2.1,2.0,1.7,2.4,1.9,2.9,2.9,2.5,2.0,2.2,1.8,1.6,2.6,4.6,2.4,3.2,3.1,4.3,4.3,2.9,3.4,4.0,2.8,3.9,2.3,3.6,3.2,4.4,3.7,3.1,3.1,4.3,5.2,2.7,3.0,3.1,3.1,1.9,2.5,2.1,1.3,2.4,2.4,2.7,2.3,2.2,2.5,2.4,2.8,2.0,1.9,2.0,2.8,3.5,2.9,2.8,2.1,2.4,2.8,1.5,4.1,2.0,3.6,2.0,2.7,3.1,2.7,1.8,3.0,2.0,1.9,3.4,3.7,2.1,1.3,2.0,3.6,2.9,2.4,2.4,2.4,3.5,2.1,1.8
2026-07-21 03:00:00,1.5,1.6,2.4,1.7,1.7,1.9,2.0,2.0,1.6,1.7,1.9,2.9,3.1,2.4,1.2,1.8,1.7,1.6,2.2,1.7,2.5,2.5,2.2,1.8,2.0,1.5,1.4,2.3,4.0,2.2,3.0,3.0,4.0,3.7,2.6,2.8,3.5,2.7,3.6,2.0,3.1,2.9,4.1,3.3,2.8,2.8,3.1,4.6,2.4,2.5,2.8,2.8,1.3,2.3,1.8,1.2,1.8,2.1,2.4,2.1,1.9,2.1,1.9,2.0,1.8,1.5,1.7,2.3,3.0,2.5,2.5,1.9,2.2,1.9,1.4,3.6,1.7,2.4,1.7,2.2,2.8,2.5,1.6,2.9,1.7,1.7,3.2,3.3,1.8,1.2,1.8,3.1,2.5,2.1,2.1,2.2,3.4,1.8,1.5
2026-07-21 04:00:00,1.5,1.5,2.3,1.8,1.5,1.8,1.8,2.0,1.4,1.5,1.7,2.8,3.0,2.2,1.3,1.7,1.6,1.6,1.9,1.5,2.4,2.6,2.0,1.7,1.8,1.3,1.3,2.2,4.2,2.1,3.3,3.1,4.1,4.1,2.5,2.8,3.6,2.5,3.4,1.9,2.8,2.7,4.0,3.3,2.7,2.6,3.1,4.8,2.2,2.1,3.0,2.9,1.2,2.0,1.8,1.1,1.8,2.1,2.2,1.8,1.7,2.1,1.9,1.7,1.6,1.4,1.6,2.2,3.0,2.4,2.4,1.7,2.0,1.8,1.2,3.3,1.6,2.2,1.6,2.3,2.8,2.4,1.6,2.6,1.8,1.6,3.3,3.2,1.8,1.1,1.8,3.0,2.3,1.8,2.2,2.5,3.5,1.7,1.4
2026-07-21 05:00:00,1.3,1.1,1.5,1.2,1.2,1.3,1.5,1.3,1.0,1.2,1.4,1.9,2.2,1.6,0.9,1.2,1.3,1.1,1.4,1.1,1.7,1.6,1.5,1.2,1.4,0.9,1.1,1.4,2.7,1.5,2.1,2.1,2.5,2.6,1.6,2.0,2.2,1.8,2.3,1.4,2.3,1.8,3.1,2.4,1.9,2.1,2.0,3.0,1.4,1.4,2.0,2.0,1.0,1.4,1.2,0.7,1.3,1.4,1.6,1.4,1.1,1.4,1.4,1.4,1.4,1.1,1.1,1.6,2.0,1.8,1.8,1.3,1.4,1.5,1.0,2.4,1.1,1.8,1.1,1.4,1.8,1.5,1.1,1.9,1.3,1.3,2.0,2.2,1.3,0.8,1.3,1.9,1.8,1.6,1.2,2.0,2.2,1.3,1.2
2026-07-21 06:00:00,0.8,1.0,1.0,0.7,0.8,0.8,0.8,0.8,0.7,0.8,0.9,1.2,1.2,1.0,0.5,0.8,0.7,0.7,1.1,0.7,1.1,1.2,0.9,1.3,0.8,0.6,0.6,1.0,1.9,0.9,1.2,1.2,2.0,1.9,1.0,1.2,1.7,1.3,2.4,0.8,1.6,1.5,1.7,1.8,1.3,1.2,1.8,3.5,1.7,1.6,1.3,1.2,0.5,1.3,0.8,0.5,0.7,1.8,0.9,0.9,0.8,0.9,0.8,0.8,0.8,0.7,0.6,0.9,1.7,1.0,1.1,0.8,0.9,0.8,0.6,1.6,0.6,1.0,0.7,1.0,1.1,1.1,0.7,1.8,0.7,0.7,1.4,1.4,0.8,0.5,0.8,1.4,1.1,0.9,0.9,7.0,1.7,0.8,0.8
2026-07-21 07:00:00,0.5,0.6,1.0,0.6,0.6,0.8,0.7,0.6,0.4,0.5,0.7,1.2,1.2,0.6,0.4,0.7,0.6,0.7,0.8,0.6,1.1,1.3,0.9,1.5,0.7,0.4,0.5,0.9,1.9,0.7,1.2,1.0,2.1,2.1,0.8,1.3,1.8,1.0,2.0,0.8,1.8,1.4,1.9,1.9,1.0,1.0,1.6,2.3,1.1,0.9,1.1,0.9,0.4,0.8,0.9,0.5,0.5,4.1,0.7,0.8,0.8,1.0,0.5,0.7,0.6,0.6,0.4,0.6,1.3,1.1,1.0,0.7,0.7,0.7,0.7,2.0,0.5,0.7,0.5,1.1,1.2,0.9,0.6,1.4,0.6,0.6,1.3,1.5,0.5,0.4,0.6,1.5,0.9,0.7,0.7,9.8,1.9,0.7,0.6
2026-07-21 08:00:00,0.6,0.6,1.2,0.6,0.6,0.9,0.8,0.7,0.4,0.6,0.9,1.3,1.4,0.6,0.4,0.8,0.7,0.7,0.8,0.7,1.2,1.5,0.9,1.0,0.7,0.5,0.5,1.0,2.4,1.2,1.6,1.4,2.8,2.6,1.1,2.1,2.6,1.3,2.6,1.1,2.1,1.6,2.4,2.6,1.3,1.3,2.0,3.4,1.2,1.1,1.4,1.1,0.4,0.9,0.7,0.5,0.6,1.2,0.8,0.8,1.2,1.0,0.6,0.7,0.7,0.5,0.5,0.6,1.4,1.1,1.4,0.7,0.8,0.7,0.7,2.3,0.6,0.7,0.8,1.2,1.2,1.0,0.6,1.5,2.0,0.9,1.6,1.9,0.5,0.5,1.0,1.8,1.0,0.7,0.8,4.2,2.4,0.6,0.7
2026-07-21 09:00:00,0.7,0.9,2.3,0.9,0.7,1.2,0.9,0.9,0.6,0.7,1.0,1.8,2.1,0.9,0.5,0.9,1.0,0.6,1.0,0.9,1.7,2.3,1.2,0.7,0.9,0.9,0.7,1.3,3.7,1.5,2.1,1.6,3.5,3.6,1.6,3.9,3.6,1.9,4.0,1.6,3.2,2.2,3.2,3.7,2.0,1.8,2.5,4.5,1.6,1.6,1.8,1.6,0.5,1.1,0.8,0.7,0.7,1.0,1.0,0.9,1.2,1.4,0.7,0.8,0.9,0.7,0.8,0.8,2.0,1.5,1.8,1.0,1.1,0.8,0.7,2.2,0.8,0.9,0.8,1.9,1.8,1.4,0.8,2.9,3.9,1.4,2.3,2.2,0.7,0.6,2.2,2.5,1.2,0.8,1.0,5.4,3.7,0.8,0.7
2026-07-21 10:00:00,1.2,1.7,3.4,1.7,1.5,2.1,1.9,2.0,1.9,1.4,1.6,3.2,3.5,2.3,1.2,2.0,1.9,1.4,2.0,1.6,3.1,3.3,2.4,1.6,2.0,1.3,1.4,2.5,5.1,2.3,3.7,3.1,4.5,4.9,2.8,3.9,4.7,3.2,5.2,2.6,3.7,3.7,4.4,4.5,3.4,3.4,4.0,5.4,2.9,2.9,3.2,3.0,1.0,3.3,1.8,1.2,1.7,2.1,2.2,2.0,3.3,2.3,1.8,1.7,1.7,1.3,1.9,1.7,3.6,2.7,3.0,2.0,2.3,1.6,1.4,4.0,1.8,2.0,1.8,2.9,3.5,2.7,1.6,4.8,2.5,2.1,3.9,3.8,1.6,1.2,2.4,3.5,2.6,1.8,2.0,5.2,5.0,1.6,1.6
2026-07-21 11:00:00,1.7,4.3,4.1,2.2,2.0,2.7,2.5,2.4,2.8,1.8,2.2,4.1,3.8,2.8,1.5,2.3,,1.7,2.4,1.9,3.9,3.8,2.8,2.0,2.5,1.7,1.6,3.0,5.6,2.7,3.8,3.5,5.6,5.3,3.1,4.0,5.1,3.2,5.3,2.6,4.0,3.7,4.9,4.8,3.4,3.4,3.8,5.8,3.3,3.1,3.5,3.5,1.3,3.0,2.4,1.5,2.1,2.3,2.8,2.5,3.7,3.5,2.1,2.1,2.0,1.7,2.0,2.3,4.4,3.3,3.6,2.4,2.5,2.1,1.6,4.7,2.2,2.5,2.1,3.5,3.9,3.1,1.9,4.2,4.9,2.2,4.3,4.7,2.2,1.4,2.8,4.2,3.4,2.3,2.4,4.5,5.8,2.1,1.9
2026-07-21 12:00:00,2.1,2.2,3.3,1.8,2.1,2.4,2.6,2.2,1.9,2.2,2.7,3.6,3.5,2.7,1.4,2.5,2.0,2.0,2.6,2.2,3.4,3.4,3.0,2.2,2.4,1.8,2.0,3.2,5.4,2.7,3.5,3.4,4.6,4.6,3.3,3.3,4.5,3.5,5.0,2.5,4.7,4.1,4.6,4.6,3.7,3.6,4.1,5.4,3.4,3.2,3.6,3.4,1.5,3.2,,1.5,2.0,3.1,2.7,2.6,2.9,3.8,2.1,2.5,2.5,2.0,2.1,2.6,3.8,3.5,3.7,2.7,3.0,2.4,1.9,4.4,2.1,2.9,2.2,3.0,3.4,3.1,1.8,3.9,3.1,2.6,4.0,4.1,2.1,1.5,2.8,3.7,3.1,2.6,2.3,8.4,5.5,2.2,2.3
2026-07-21 13:00:00,1.2,1.1,2.4,0.8,2.0,1.4,1.3,1.0,0.9,1.1,1.4,2.0,1.9,1.1,0.5,1.2,1.3,1.0,1.4,1.1,2.1,2.1,1.6,0.9,1.3,0.9,0.9,1.5,2.8,1.3,1.8,2.0,2.8,2.8,1.4,2.0,2.7,1.7,3.6,1.4,,2.0,3.3,2.6,1.7,2.0,2.1,3.1,2.0,,1.8,1.6,0.8,1.7,,0.9,1.0,1.2,1.5,1.3,1.6,3.6,0.9,1.3,1.3,1.1,1.1,1.3,1.9,1.8,1.9,1.4,1.3,1.4,1.0,3.0,1.0,1.5,1.0,2.0,2.1,1.6,0.8,2.2,1.1,1.2,1.8,2.5,1.3,0.8,1.6,2.2,1.6,1.4,1.0,3.9,2.7,1.2,1.2
2026-07-21 14:00:00,0.8,0.8,2.9,1.2,0.7,1.7,1.3,1.2,0.8,0.7,0.8,2.2,2.4,1.4,0.7,0.9,1.2,0.7,1.1,0.8,2.2,2.5,1.4,0.8,1.4,0.8,0.7,1.6,3.4,1.2,2.1,2.0,3.7,3.3,1.4,2.8,3.1,1.9,4.1,1.6,,2.1,3.7,2.8,1.6,,2.3,4.1,2.1,,1.8,1.7,0.7,1.3,1.6,0.8,1.0,1.0,1.6,1.4,1.1,2.5,0.9,1.0,0.9,0.7,1.2,1.2,2.4,1.8,1.8,1.3,1.3,1.1,0.8,2.8,1.0,1.3,0.8,2.1,2.2,1.7,0.9,2.4,1.4,1.2,2.2,2.5,1.0,1.0,1.4,2.9,1.7,1.2,1.1,2.1,3.4,1.2,0.8
2026-07-21 15:00:00,1.3,2.1,5.5,2.6,1.5,3.2,2.8,3.0,2.0,1.6,1.7,4.5,5.1,3.6,1.7,2.3,2.5,1.8,2.4,1.7,4.0,4.5,3.2,2.1,3.0,1.4,1.5,3.4,6.7,2.8,4.8,4.5,6.5,6.4,3.4,4.9,6.1,3.7,6.5,3.4,,4.2,5.6,5.9,3.5,,4.8,6.9,3.9,,4.3,4.2,1.6,2.9,2.5,1.6,2.6,2.8,3.4,3.1,2.2,3.8,2.6,2.1,1.8,1.3,2.6,2.3,5.0,3.9,3.8,2.7,2.6,2.7,1.6,4.1,2.2,3.2,2.3,3.8,4.6,3.7,2.3,4.4,3.2,2.7,5.2,4.7,2.0,2.2,2.5,5.5,3.7,2.8,2.8,2.8,6.0,2.6,1.7
2026-07-21 16:00:00,1.8,2.9,5.6,3.0,1.9,3.8,3.1,3.5,1.9,2.1,2.4,4.8,5.4,3.9,2.1,2.8,2.9,1.8,3.2,2.0,4.6,5.1,3.9,2.2,3.6,1.4,2.2,3.7,7.0,3.1,5.6,5.5,6.9,6.6,4.6,5.2,6.4,4.6,6.7,3.5,,5.0,6.1,6.3,4.4,5.4,6.0,6.9,,,5.3,4.1,1.9,3.8,2.9,2.0,2.6,3.3,4.1,3.5,3.0,,2.8,2.3,2.5,1.9,2.9,2.7,5.1,4.5,4.5,3.3,3.6,3.3,2.0,3.9,2.5,3.8,2.5,3.8,5.5,4.3,2.5,4.5,4.0,3.0,5.7,5.0,2.0,2.4,2.7,5.5,4.2,3.3,3.4,3.0,6.1,2.7,2.4
2026-07-21 17:00:00,1.5,3.4,4.9,2.5,1.6,2.9,3.1,3.1,1.7,1.8,2.0,4.2,4.6,3.1,1.8,2.4,2.7,1.6,2.7,1.6,4.0,4.1,3.7,1.7,2.9,1.4,1.9,3.7,6.3,2.4,4.6,4.6,5.8,6.2,3.6,4.6,6.1,3.6,5.9,3.3,,4.3,5.6,5.9,3.9,4.8,4.8,6.4,,,4.1,3.4,1.8,3.5,2.5,1.8,2.1,2.6,3.5,3.2,2.5,,2.3,2.6,2.2,1.4,2.0,3.0,4.4,4.0,4.4,3.1,3.3,3.0,2.0,3.7,2.0,3.2,2.1,3.4,4.3,4.3,2.2,3.8,3.5,2.7,5.0,4.8,1.7,2.1,2.2,4.9,3.6,2.8,3.0,2.4,4.9,2.5,2.1
2026-07-21 18:00:00,1.6,2.1,5.0,2.5,1.9,3.2,2.8,3.6,2.1,2.0,2.2,4.3,4.3,3.6,1.8,2.6,2.5,2.0,2.8,1.9,3.7,4.2,3.2,2.2,2.8,1.7,2.1,3.4,6.2,2.4,4.5,4.3,5.7,6.7,3.5,4.2,5.1,3.5,5.8,2.7,,4.1,5.2,5.1,3.7,3.9,5.1,6.1,,,4.1,3.5,1.7,3.3,2.6,1.6,2.4,3.0,3.6,3.0,2.6,,2.6,2.4,2.2,1.6,2.4,2.6,4.5,3.8,4.0,2.6,3.2,2.9,1.8,4.4,2.3,3.4,2.2,3.6,4.2,4.3,2.3,3.9,3.8,2.6,4.2,4.7,2.1,1.7,2.4,4.8,3.6,2.9,2.8,2.5,5.0,2.6,1.9
2026-07-21 19:00:00,1.8,2.3,4.4,2.4,2.1,3.0,3.0,2.9,2.1,2.2,2.4,4.3,4.5,3.9,1.7,2.5,2.6,2.1,2.9,2.1,4.0,4.1,3.4,2.2,3.1,1.9,2.0,3.3,5.7,2.5,4.2,4.2,5.5,5.6,3.4,4.1,5.0,3.5,5.6,2.9,,4.0,5.2,5.3,3.7,4.0,4.8,6.0,,,4.1,3.4,1.8,3.3,2.4,1.7,2.4,2.9,3.7,3.2,2.8,,2.4,2.8,2.4,1.9,2.3,3.0,4.4,4.0,3.8,2.9,3.4,3.6,2.1,4.5,2.3,3.4,2.3,3.6,4.1,3.8,2.2,4.0,3.7,2.6,4.3,4.7,2.3,1.9,2.5,5.0,3.8,3.2,2.8,2.6,4.8,2.9,2.3
2026-07-21 20:00:00,1.8,2.7,4.0,2.2,2.2,2.9,2.7,2.7,2.2,2.2,2.4,4.0,3.6,,1.7,2.6,2.4,2.1,2.8,2.1,3.3,3.8,2.9,2.3,2.8,1.9,1.8,3.2,5.1,2.5,3.8,3.8,4.7,4.8,3.1,3.4,4.1,3.5,4.5,2.2,,3.4,4.6,4.1,3.2,3.3,4.2,5.1,,,3.9,3.2,1.6,3.2,2.3,1.5,2.5,2.9,3.1,2.8,3.1,,2.4,2.5,2.3,2.0,2.3,2.6,4.2,3.7,3.6,2.5,3.1,3.0,1.9,4.5,2.4,3.1,2.3,3.3,3.7,3.6,2.1,3.6,4.1,2.4,3.7,4.3,2.4,1.9,2.5,4.5,3.3,,,2.3,4.2,2.8,2.0
2026-07-21 21:00:00,1.9,4.8,4.4,3.5,2.3,2.9,2.7,2.9,2.2,2.4,2.6,4.0,3.9,3.9,1.7,2.8,2.5,2.1,3.1,2.2,3.6,4.0,3.0,2.5,2.8,2.0,2.0,3.4,5.4,2.6,4.2,4.3,5.4,4.8,3.4,3.7,4.4,3.6,5.0,2.4,,3.7,4.8,4.4,3.5,3.1,4.8,5.3,,,4.3,3.5,1.7,3.9,2.6,1.6,2.5,3.0,3.3,2.9,2.9,4.3,2.5,2.8,2.7,2.1,2.4,2.7,4.3,3.7,3.8,2.6,3.3,2.8,2.1,4.6,2.4,3.0,2.4,3.9,4.0,3.8,2.3,3.9,3.6,2.6,4.0,4.5,2.5,1.7,2.7,4.9,3.4,2.8,2.9,2.6,4.7,2.6,2.2
2026-07-21 22:00:00,2.2,3.3,4.8,3.4,2.6,3.4,3.0,3.3,2.4,2.4,2.7,4.7,5.2,3.7,2.2,3.0,2.9,2.3,3.3,2.3,4.7,4.6,3.8,2.6,3.1,2.3,2.1,3.9,6.2,2.7,4.6,4.6,6.0,6.0,3.6,5.3,5.0,3.8,6.3,3.0,6.0,4.2,5.8,5.3,4.0,3.9,4.9,7.0,4.8,5.5,4.5,3.9,1.9,4.0,2.8,1.9,2.7,3.2,3.9,3.7,3.1,4.4,3.1,3.5,,2.1,2.4,2.9,5.2,5.1,4.4,3.2,3.7,2.9,2.3,5.0,2.6,3.0,2.6,4.7,4.6,4.4,2.6,5.1,4.1,3.0,4.9,4.9,2.7,1.9,2.9,6.0,4.5,2.9,3.1,7.0,5.2,2.9,2.5
2026-07-21 23:00:00,2.4,3.6,5.4,2.9,2.8,4.0,3.9,3.4,2.8,2.5,3.2,5.6,6.0,3.6,2.1,3.5,3.6,2.3,3.6,2.7,5.5,5.3,4.2,2.7,3.6,2.8,2.7,3.9,6.3,3.7,4.4,4.2,6.7,6.3,4.4,6.0,5.3,4.2,5.6,3.4,5.9,4.2,6.6,5.9,3.9,5.3,4.7,7.2,4.3,4.7,4.2,4.4,2.2,3.7,3.1,2.2,2.8,3.2,4.6,4.1,3.3,4.9,3.0,3.6,,2.4,2.6,3.9,6.4,6.0,4.8,3.7,3.7,3.5,2.4,5.4,3.4,3.7,3.4,5.2,5.4,4.5,2.6,5.9,3.3,3.6,4.9,5.5,2.8,2.3,3.6,6.5,5.1,3.7,3.4,3.7,6.0,3.6,2.8
2026-07-22 00:00:00,2.6,3.2,4.3,2.6,3.2,3.3,3.7,3.2,2.8,2.9,3.5,5.1,5.8,5.0,1.9,3.4,3.2,2.5,3.3,2.9,4.3,4.2,3.7,2.9,3.9,2.5,2.3,3.6,5.7,3.0,4.6,4.7,5.8,5.4,3.6,5.0,4.6,3.7,4.5,3.4,5.8,3.9,5.6,4.4,3.8,4.5,4.5,5.8,3.6,3.5,4.2,4.4,2.4,3.6,2.9,1.8,3.4,3.4,4.4,3.8,3.1,4.8,3.0,3.5,,2.7,3.0,4.2,5.5,4.3,4.2,3.3,3.3,3.7,2.5,5.3,2.9,4.1,2.9,4.3,4.4,4.0,2.5,4.8,5.4,2.6,4.3,4.7,3.0,2.1,3.2,5.3,4.8,3.9,3.1,3.4,4.9,3.5,2.7
2026-07-22 01:00:00,2.3,2.6,3.7,2.7,2.7,2.9,3.0,3.2,2.7,2.7,3.0,4.6,4.2,4.3,2.0,3.0,2.6,2.5,3.0,2.5,3.7,4.1,3.1,2.9,3.6,2.2,2.0,3.8,5.6,2.9,5.7,5.7,5.4,5.0,4.2,3.8,4.6,3.8,4.7,2.8,4.8,4.6,4.7,4.0,4.3,3.3,5.2,5.7,3.5,3.3,5.1,4.9,1.9,4.3,3.1,1.7,3.3,3.3,3.7,3.0,3.2,4.2,3.7,2.5,,2.4,2.9,3.0,4.6,3.8,3.5,2.8,3.9,3.3,2.3,4.9,2.7,3.8,2.7,3.7,4.4,4.0,2.6,4.0,7.8,2.6,4.2,4.4,3.1,1.8,3.2,4.6,3.8,3.5,3.2,3.5,5.3,3.5,2.2
2026-07-22 02:00:00,2.2,2.6,3.8,2.5,2.5,3.1,3.1,3.0,2.5,2.5,2.7,5.0,4.8,3.8,1.9,4.1,2.6,2.4,3.4,2.4,3.9,4.2,3.3,2.6,3.8,2.3,2.4,3.2,5.5,2.6,3.9,5.3,5.8,5.2,3.6,4.7,4.6,3.8,4.2,2.5,7.7,3.4,5.2,4.1,3.7,3.6,4.1,6.0,3.2,3.3,4.0,5.2,2.0,3.2,2.8,1.7,2.8,3.2,4.1,3.4,3.7,4.5,3.3,2.6,,2.2,2.6,2.8,5.6,3.8,3.7,2.7,3.1,3.3,2.0,4.7,2.4,4.0,2.9,4.2,4.3,3.9,2.3,4.7,3.0,2.6,4.1,4.4,2.8,1.9,2.8,5.1,4.2,3.9,3.1,5.3,4.8,3.5,2.8
2026-07-22 03:00:00,2.4,2.9,3.9,2.4,2.3,3.0,3.5,2.8,2.3,2.7,2.9,4.8,4.9,3.4,1.8,3.2,2.7,2.1,2.8,2.0,3.9,4.2,3.3,2.4,3.7,2.0,2.1,3.0,4.9,2.4,3.7,3.5,5.8,5.1,3.6,4.6,4.2,3.2,3.9,2.7,5.0,3.9,5.2,3.9,3.8,3.5,3.9,5.8,3.0,2.8,3.5,5.0,2.2,3.7,2.5,1.7,2.6,2.9,4.2,3.5,2.8,4.1,2.7,2.5,,2.0,2.4,3.1,5.2,4.1,3.4,2.9,3.2,3.7,1.8,4.6,2.2,4.1,2.5,4.3,4.4,4.3,2.2,4.7,3.6,2.2,3.7,4.5,2.5,1.9,2.6,5.1,4.2,3.9,2.7,5.4,4.6,3.2,2.4
2026-07-22 04:00:00,1.9,2.2,3.9,2.2,2.0,3.2,3.4,2.6,2.1,2.1,2.3,5.0,4.6,3.2,1.6,2.9,2.5,2.0,2.5,2.0,4.0,4.3,3.1,2.9,3.1,1.8,1.8,2.7,4.6,2.6,3.2,3.5,5.7,5.0,2.6,4.2,4.1,2.6,3.6,2.4,4.3,2.9,5.1,3.9,2.8,3.1,3.2,6.1,2.8,2.8,3.1,3.3,2.0,2.6,2.3,1.7,2.3,4.1,3.8,3.3,2.5,3.5,2.5,2.2,,1.8,2.2,2.9,5.5,3.8,3.5,2.6,2.5,3.6,1.6,4.4,2.4,3.6,2.7,4.1,4.7,3.4,2.0,4.4,2.4,2.4,3.6,4.5,2.4,1.8,2.9,5.0,3.9,3.4,2.7,10.9,5.2,2.6,2.0
2026-07-22 05:00:00,1.8,2.2,3.4,2.1,2.3,2.6,2.8,2.7,2.1,2.2,2.4,4.3,3.9,2.9,1.5,2.4,2.3,2.1,2.4,2.3,3.4,3.8,3.1,3.0,3.2,2.0,1.8,2.7,5.0,2.6,3.6,3.4,5.0,4.7,2.8,3.7,3.9,2.9,3.5,2.3,3.7,3.1,4.7,3.9,2.7,3.4,3.7,5.8,2.9,2.8,3.5,2.9,1.8,2.7,2.2,1.7,2.2,4.2,3.2,2.8,2.5,3.1,2.2,2.3,,1.9,2.0,2.9,5.1,3.6,3.4,2.6,2.5,2.8,1.9,4.5,2.3,3.0,2.1,3.5,4.1,3.8,2.2,4.1,2.2,2.3,3.7,4.2,2.3,1.6,3.2,4.4,3.2,2.9,3.3,9.4,4.7,2.4,2.1
2026-07-22 06:00:00,2.0,2.1,3.7,2.8,2.3,2.7,2.7,3.0,2.0,2.0,2.7,4.1,3.8,2.8,1.6,2.5,2.3,2.0,2.5,2.0,3.4,4.2,2.8,2.4,2.8,2.1,1.8,2.6,4.9,2.6,3.7,3.7,5.9,5.0,2.8,3.8,4.1,3.1,3.7,2.2,4.5,3.1,4.8,3.9,2.6,3.3,4.4,6.0,3.0,2.7,3.6,3.2,1.5,2.7,2.6,1.7,2.2,5.4,3.1,2.7,2.5,3.4,2.2,2.3,,2.0,2.0,3.0,4.6,3.3,3.3,2.4,2.3,2.6,1.7,4.3,2.1,3.0,2.3,3.5,4.4,3.7,2.4,3.9,2.4,2.4,3.7,4.3,2.0,1.5,2.9,4.7,3.1,2.7,3.1,6.8,5.4,2.3,2.3
2026-07-22 07:00:00,1.9,2.1,3.7,2.4,2.4,2.6,2.3,2.6,1.9,1.8,2.4,3.9,3.3,2.9,1.5,2.4,2.3,2.1,2.5,2.1,4.1,4.1,2.7,2.4,2.2,2.4,1.7,2.5,4.8,2.2,3.5,3.3,5.6,5.2,2.5,3.4,4.1,2.7,3.8,2.1,6.4,2.9,4.8,3.9,2.6,3.1,3.9,6.0,3.1,3.0,3.2,3.1,1.5,2.4,2.4,1.7,2.2,5.0,2.7,2.4,2.7,2.9,2.4,2.2,,2.0,2.0,2.4,4.4,3.3,3.2,2.4,2.5,2.1,1.7,4.5,2.2,2.5,2.2,3.4,4.7,3.3,2.1,3.6,2.4,2.3,3.6,4.4,2.1,1.4,2.9,4.3,2.9,2.1,2.8,13.3,5.5,1.9,2.0
2026-07-22 08:00:00,1.7,1.8,3.7,2.1,1.8,2.4,2.1,2.4,1.6,1.5,2.2,3.8,2.8,2.5,1.3,2.3,2.2,1.8,2.2,1.7,2.8,4.0,2.5,1.9,13.4,2.3,1.6,2.8,4.9,2.0,3.3,3.0,4.9,4.7,2.4,3.5,4.4,2.7,3.8,1.9,4.5,2.8,4.2,3.7,2.4,2.7,3.4,5.6,3.3,3.0,3.4,2.6,1.3,2.5,2.1,1.6,2.0,5.0,2.4,2.2,3.6,2.7,2.0,2.1,,1.6,1.9,2.1,4.2,3.5,3.4,2.3,2.2,1.8,1.6,4.1,1.9,2.3,1.9,3.3,4.0,3.3,1.8,3.8,2.7,2.3,3.8,4.1,1.7,1.2,2.5,4.1,2.6,2.0,2.7,7.6,5.0,2.1,1.8
2026-07-22 09:00:00,1.7,2.1,3.3,2.1,2.0,2.2,2.2,2.4,1.7,1.8,2.0,3.6,2.8,2.6,1.4,2.5,2.2,1.6,2.2,2.0,3.4,4.1,2.7,1.9,5.8,1.7,1.6,2.9,4.2,2.6,2.9,2.8,4.5,4.6,2.5,3.1,4.1,2.4,3.9,1.8,4.5,2.8,4.1,3.6,2.6,2.5,3.2,4.9,3.2,3.0,3.0,3.2,1.3,2.8,2.2,1.6,2.0,2.2,2.4,2.5,4.7,2.7,2.0,2.0,,1.8,1.9,2.0,4.1,4.6,3.3,2.4,2.5,2.0,1.6,3.9,2.6,2.4,2.4,3.1,3.8,3.0,1.8,3.7,3.1,2.2,3.2,4.0,1.8,1.4,2.7,4.0,2.9,2.1,2.2,3.2,3.7,2.0,1.8
2026-07-22 10:00:00,1.6,2.5,4.2,2.1,2.5,2.2,2.4,2.4,1.8,1.7,2.0,3.7,3.0,2.8,1.4,2.7,2.3,1.7,2.2,2.2,4.7,4.1,2.8,2.0,14.6,2.0,1.6,2.7,3.8,2.3,2.9,2.9,4.2,4.3,2.3,3.1,3.8,2.4,3.9,1.8,4.6,2.7,4.1,3.6,2.4,2.6,3.2,4.6,3.1,2.7,2.8,2.6,1.5,2.5,2.1,1.5,2.2,2.3,2.6,2.4,2.6,2.9,2.1,2.2,,1.9,2.0,2.3,3.9,3.3,3.3,2.4,2.3,2.3,1.6,3.8,2.4,2.8,2.5,3.1,3.9,2.8,1.8,5.0,2.5,2.2,3.1,4.1,1.8,1.4,2.3,3.9,3.1,2.4,2.1,2.5,3.5,2.2,1.9
2026-07-22 11:00:00,1.5,5.1,3.3,1.9,2.2,2.0,2.2,2.2,1.8,1.9,2.2,3.4,2.5,2.8,1.3,2.4,2.1,1.8,2.2,2.1,3.0,3.4,2.5,1.9,7.5,1.6,1.6,2.5,3.7,2.1,2.6,2.4,3.5,3.7,2.3,2.5,3.5,2.5,3.8,1.7,4.3,2.6,3.7,3.0,2.4,2.3,3.2,3.9,2.8,2.8,2.6,2.5,1.3,2.4,1.9,1.3,2.1,2.1,2.4,2.1,2.7,2.4,2.0,2.1,,2.0,2.0,2.1,3.5,3.1,3.0,2.1,2.3,2.1,1.5,3.7,2.1,2.5,2.2,2.5,3.2,2.7,1.6,5.7,2.6,2.1,2.9,3.8,2.4,1.3,2.2,3.2,2.7,2.2,1.9,3.2,3.0,2.0,1.8
2026-07-22 12:00:00,1.4,2.0,3.9,1.6,2.6,1.7,1.8,1.8,1.5,1.6,2.0,2.8,2.2,3.3,1.2,2.0,1.6,1.3,2.0,1.6,2.4,3.0,2.0,1.5,4.3,1.2,1.3,2.1,2.8,1.4,2.1,2.0,3.0,3.3,1.8,2.3,2.9,2.1,4.1,1.3,3.9,2.0,3.1,2.5,1.9,1.9,2.5,3.6,2.4,2.7,2.2,2.0,1.1,2.0,1.7,1.1,1.6,1.9,2.1,1.7,2.1,2.5,1.7,1.7,1.7,1.6,1.6,1.6,3.1,2.6,2.9,1.8,2.0,2.1,1.3,2.8,1.4,2.0,1.5,2.6,2.8,2.4,1.4,2.6,2.4,1.9,2.3,3.1,1.4,1.1,1.7,2.9,2.2,2.0,1.7,2.4,2.6,1.6,1.5
2026-07-22 13:00:00,1.2,9.0,4.1,1.7,1.7,1.9,1.9,1.8,1.6,1.5,1.6,2.9,2.2,3.2,1.2,1.9,1.6,1.4,2.0,1.4,2.5,3.4,2.0,1.6,3.7,1.2,1.1,2.0,2.8,1.5,2.0,2.0,3.6,2.9,1.7,2.2,3.0,2.2,3.2,1.3,3.7,1.8,3.3,2.4,1.8,1.8,2.4,3.3,2.4,2.4,2.3,2.3,1.2,1.9,1.9,1.2,1.8,2.0,2.2,1.9,2.0,2.8,1.8,1.6,1.7,1.3,2.1,1.6,3.2,2.5,2.6,1.8,1.9,2.0,1.1,3.4,1.5,2.2,1.6,2.6,2.8,2.2,1.5,2.9,3.4,1.8,2.1,3.2,1.6,1.1,1.8,3.1,2.3,2.1,1.6,2.5,2.8,1.8,1.3
2026-07-22 14:00:00,1.4,3.5,3.3,1.9,1.4,1.9,1.9,2.2,1.8,1.6,1.7,2.8,2.1,3.5,1.3,2.0,1.6,1.5,1.8,1.6,2.3,3.4,1.9,1.6,1.9,1.4,1.2,2.1,3.0,1.6,2.1,2.0,3.1,3.5,1.8,2.2,3.1,1.9,3.0,1.2,3.8,2.0,3.0,2.5,1.8,1.7,2.5,3.5,2.6,2.7,2.1,2.0,1.1,2.1,1.8,1.1,1.8,2.2,2.0,1.7,2.2,2.2,1.8,1.7,1.6,1.5,1.9,1.5,3.1,2.6,2.4,1.8,1.9,1.9,1.1,3.6,1.6,1.9,1.7,2.3,2.9,2.5,1.5,2.5,2.3,2.1,2.4,3.1,1.7,1.1,1.9,2.6,2.1,1.9,1.8,2.1,2.6,1.7,1.4
2026-07-22 15:00:00,1.3,13.8,3.5,1.8,1.5,5.1,2.0,1.9,1.8,1.5,1.7,3.0,2.2,3.1,1.3,2.0,1.6,1.5,2.0,1.6,2.5,3.6,1.9,1.7,2.1,1.4,1.4,2.2,3.2,1.5,2.2,2.1,3.6,3.2,1.8,2.2,3.1,2.1,3.1,1.2,3.7,2.1,3.2,2.6,2.0,1.8,2.7,3.7,2.8,2.7,2.2,2.2,1.1,2.2,1.9,1.2,1.9,2.0,2.2,1.9,2.2,2.4,1.8,1.7,1.7,,,1.6,3.3,2.6,2.5,1.8,2.6,2.0,1.2,3.7,1.7,2.3,1.7,2.6,3.0,2.4,1.6,2.8,3.0,2.2,2.7,3.3,1.7,1.3,1.9,3.2,2.3,2.0,1.9,2.8,2.9,1.9,1.5
2026-07-22 16:00:00,1.5,14.9,3.2,2.0,1.6,4.6,2.2,2.2,1.9,1.7,1.8,3.3,2.5,3.4,1.4,2.1,1.9,1.6,2.2,1.7,2.8,3.5,2.3,1.8,2.3,1.6,1.4,2.5,3.6,1.7,2.4,2.4,3.6,3.8,1.9,2.4,3.6,2.2,3.7,1.4,3.8,2.5,3.5,2.9,2.0,2.2,3.0,3.9,2.9,2.9,2.4,2.3,1.3,2.4,2.3,1.6,2.1,2.3,2.5,2.2,2.6,2.8,2.1,2.0,1.8,1.7,,1.8,3.5,2.9,2.8,2.1,2.3,2.2,1.3,3.9,1.8,2.5,1.8,2.7,3.3,2.8,1.8,,2.5,2.7,2.6,3.5,2.0,2.2,2.2,3.3,2.5,2.3,2.2,2.3,3.3,2.1,1.6
2026-07-22 17:00:00,1.7,53.9,3.4,1.9,1.8,2.2,2.2,2.1,1.7,1.9,1.9,3.5,2.6,2.4,1.3,2.2,1.9,1.5,2.3,1.8,3.0,3.5,2.4,1.7,2.1,1.5,1.5,2.6,3.6,1.8,2.4,2.4,4.0,3.7,2.1,2.5,3.4,2.5,3.7,1.5,4.2,2.7,3.8,3.4,2.2,2.2,3.1,4.2,3.1,3.1,2.5,2.3,1.3,2.5,2.0,1.9,1.9,2.1,2.4,2.1,2.5,3.0,2.0,2.0,2.0,1.7,,2.0,3.7,3.2,3.2,2.3,2.5,2.1,1.4,3.7,1.9,2.6,1.8,2.7,3.2,3.1,1.8,3.4,2.4,2.4,2.7,3.6,1.8,1.7,2.2,3.5,2.5,2.3,2.2,2.3,3.4,2.0,1.7
2026-07-22 18:00:00,1.7,7.6,3.0,1.7,1.7,2.4,2.2,1.9,1.6,1.9,1.9,3.1,2.1,2.4,1.2,2.1,1.8,1.5,2.2,1.8,2.7,2.9,2.2,1.8,2.0,1.5,1.6,2.3,3.5,1.7,2.3,2.1,3.3,3.3,1.9,2.3,3.1,2.5,3.6,1.4,3.8,2.6,3.6,3.0,2.0,2.3,3.0,3.9,3.0,3.0,2.5,1.9,1.3,2.6,1.8,1.4,1.9,2.1,2.3,2.1,,3.0,2.0,2.0,2.0,1.6,,2.0,3.2,2.9,2.9,2.2,2.3,2.1,1.3,3.4,1.8,2.4,1.8,2.4,2.8,3.3,1.7,2.7,1.9,2.1,2.5,3.5,1.8,1.3,2.0,3.1,2.3,2.1,2.0,3.6,2.9,1.8,1.7
2026-07-22 19:00:00,1.7,2.1,3.3,2.1,1.7,3.3,2.9,2.3,1.8,1.8,1.8,3.5,2.4,2.9,1.5,2.2,1.9,1.6,2.3,1.8,2.9,3.2,2.3,1.8,2.2,1.5,1.5,2.7,3.6,1.8,2.5,2.4,4.0,3.4,2.1,2.3,3.4,2.3,4.1,1.5,3.8,2.7,3.5,2.8,2.1,2.2,2.8,4.2,3.2,3.2,2.7,2.3,1.3,2.5,2.1,1.4,2.1,2.4,2.5,2.2,2.3,3.3,2.6,2.0,1.9,1.7,,,3.6,2.9,2.8,2.2,2.2,2.2,1.3,4.1,1.9,2.4,1.8,3.0,3.5,3.1,1.9,3.3,2.2,2.1,2.8,3.5,1.9,1.9,2.2,3.7,2.5,2.3,2.5,5.8,3.6,2.1,1.5
2026-07-22 20:00:00,1.9,2.3,4.0,2.8,2.1,2.8,3.1,2.9,2.4,2.2,2.2,4.3,3.2,3.5,1.9,2.9,2.5,2.2,3.2,2.3,3.7,4.7,3.1,2.7,2.8,2.2,2.0,3.6,4.6,2.3,3.4,3.3,5.1,4.5,2.8,3.1,4.3,3.0,6.7,2.0,5.2,3.9,4.5,3.9,2.8,2.8,3.6,5.1,4.2,4.0,3.6,2.9,1.7,3.2,2.7,1.7,2.7,3.4,3.1,2.7,2.9,4.1,2.8,3.1,2.3,1.9,,2.6,4.5,3.9,3.7,2.7,2.9,2.6,1.8,4.8,2.3,4.4,2.3,3.9,4.2,4.0,2.3,4.1,2.9,2.8,3.6,4.3,2.6,2.0,2.8,4.7,3.3,2.9,3.0,4.8,4.1,2.8,2.2
2026-07-22 21:00:00,2.4,2.9,4.7,7.1,2.6,3.6,3.5,4.1,3.5,2.5,2.7,5.5,4.0,6.0,2.5,3.4,2.9,2.9,3.5,2.9,4.6,5.1,3.7,3.5,3.6,3.1,2.3,4.0,5.5,3.1,4.6,4.4,5.9,5.5,3.4,4.2,4.9,3.5,6.2,2.5,5.2,4.1,5.1,4.7,3.7,3.4,5.0,5.9,4.8,4.8,4.5,4.0,2.0,3.8,3.6,2.0,4.2,4.0,3.8,3.5,3.4,5.0,3.6,3.0,2.9,2.3,,2.8,5.8,4.7,4.3,3.3,3.5,3.2,2.0,6.3,3.1,4.0,3.1,5.1,5.1,4.8,3.1,5.5,4.3,3.1,4.4,5.0,3.5,2.0,3.6,6.0,4.1,3.6,3.6,4.3,5.0,3.4,2.5
2026-07-22 22:00:00,2.8,3.3,5.9,5.0,3.4,4.5,5.1,4.5,4.6,3.2,3.6,6.7,5.6,5.7,2.7,4.4,4.1,3.8,4.1,3.8,5.8,6.2,4.8,4.9,4.6,3.8,2.9,5.0,6.6,4.0,5.8,5.4,7.1,6.5,4.4,6.2,5.9,4.4,6.7,3.3,6.7,5.1,6.0,5.9,4.6,4.5,5.5,7.0,5.7,5.7,5.3,5.3,2.7,4.8,4.3,2.5,4.3,4.7,5.1,4.5,4.2,5.4,4.4,3.5,3.6,3.0,,3.8,6.7,5.8,5.4,4.2,4.4,4.2,2.8,6.5,3.8,5.6,3.9,6.1,6.2,5.6,3.6,6.3,4.5,3.6,5.7,5.8,4.2,2.6,4.7,6.7,5.4,4.5,4.3,6.6,6.3,4.2,3.0
2026-07-22 23:00:00,3.3,3.6,6.1,5.6,3.5,4.9,4.9,5.0,3.9,3.4,3.9,6.7,6.1,6.1,3.9,4.9,4.4,3.8,5.2,3.8,6.2,6.4,5.2,5.3,4.9,3.7,3.1,5.7,7.0,4.4,6.1,6.0,7.8,6.9,4.9,6.2,6.4,4.9,7.1,3.6,7.0,6.0,6.6,6.3,5.2,5.7,6.0,7.3,6.1,6.3,5.8,5.8,3.1,5.1,4.6,2.8,4.9,5.1,5.3,4.9,4.7,5.9,4.9,4.6,4.2,3.3,,6.8,6.8,6.1,6.1,4.6,5.1,5.4,3.0,6.6,4.0,8.1,4.2,6.3,6.6,6.0,4.2,6.9,4.7,4.1,6.0,6.1,4.2,2.7,4.8,7.0,5.7,4.8,5.2,7.7,6.8,4.6,3.6
2026-07-23 00:00:00,3.5,3.6,6.5,4.6,3.8,5.7,5.3,5.0,3.9,3.8,4.4,7.2,6.5,6.0,3.1,4.7,5.1,4.3,4.6,3.7,6.7,6.8,5.8,5.6,5.3,3.6,3.4,5.5,7.4,4.2,6.1,5.9,8.0,7.3,4.8,6.3,6.8,4.8,7.2,4.0,6.8,5.3,7.1,6.5,5.2,5.6,6.0,7.8,6.2,7.6,5.9,5.5,3.3,5.0,4.3,3.0,4.7,6.0,5.9,5.5,4.7,6.5,4.9,4.2,4.7,3.6,,5.5,7.6,6.4,6.3,5.1,5.0,5.5,3.3,6.8,4.0,8.2,4.0,6.6,7.3,6.3,4.1,6.9,4.8,4.3,6.2,6.5,4.5,3.1,5.4,7.4,6.3,5.4,5.8,9.7,7.3,5.2,3.7
2026-07-23 01:00:00,3.8,4.1,6.8,5.7,3.5,5.8,5.9,5.9,4.2,3.8,4.6,7.7,6.9,6.4,3.8,5.5,5.6,4.0,5.6,4.2,7.1,8.0,6.3,5.2,6.0,3.7,4.0,6.6,8.2,4.7,6.8,6.7,8.4,8.4,6.1,6.6,7.6,5.9,8.0,4.6,7.7,6.6,7.5,6.8,6.2,6.1,6.9,8.6,6.9,7.4,6.8,6.2,3.7,6.2,5.6,3.5,5.2,6.5,6.3,6.0,5.9,6.4,5.2,5.0,4.6,3.4,,5.3,7.9,6.8,6.8,5.8,6.0,6.4,3.9,6.7,4.4,7.8,4.9,6.8,7.8,7.0,5.6,7.4,5.5,5.1,7.0,7.1,4.3,3.5,5.6,7.6,6.7,6.0,6.4,7.7,8.0,5.6,4.3
2026-07-23 02:00:00,4.5,4.6,7.0,6.0,4.2,6.2,6.2,6.4,5.7,4.7,5.5,7.8,7.0,8.4,4.4,6.1,5.8,4.7,6.1,4.8,7.1,7.3,6.5,5.7,6.2,4.3,4.3,6.7,8.2,5.6,7.0,7.0,8.5,7.9,6.2,6.7,7.4,6.1,8.6,4.7,7.9,6.6,7.8,7.0,6.4,6.4,7.1,8.3,6.8,7.3,7.0,6.9,3.9,6.3,6.1,3.5,7.5,6.4,6.4,6.2,6.2,6.4,8.0,5.2,5.3,4.1,,5.6,8.3,7.0,6.9,6.0,6.3,6.7,4.2,7.6,5.4,7.9,5.7,6.8,7.9,7.1,6.1,7.4,5.9,5.2,7.1,7.2,5.8,3.7,5.8,7.6,6.8,6.2,6.6,6.3,7.6,5.9,4.9
2026-07-23 03:00:00,4.9,4.6,7.0,6.1,4.8,6.1,6.2,6.5,5.9,5.1,5.8,7.4,6.9,7.7,4.3,5.9,5.7,4.7,6.0,4.8,7.1,7.0,20.3,6.0,6.3,5.0,4.4,6.4,7.9,5.6,6.9,6.9,8.2,7.7,6.0,6.7,7.2,6.0,8.7,4.8,8.0,6.3,7.7,7.1,6.4,6.4,6.8,8.1,6.6,6.5,6.8,6.9,4.3,6.2,6.1,3.3,6.9,6.5,6.4,6.1,6.0,7.5,7.4,5.8,5.5,4.6,,5.8,7.8,7.0,6.9,5.9,6.3,6.3,4.2,8.0,5.3,7.6,5.6,6.5,7.7,7.0,5.7,7.5,6.0,5.2,6.8,7.2,5.8,3.6,5.8,7.4,6.7,6.4,6.5,6.4,7.4,6.2,5.0
2026-07-23 04:00:00,4.8,4.1,6.7,5.8,4.9,5.5,5.7,6.2,4.5,4.9,5.6,7.1,6.4,6.6,4.1,5.2,5.3,4.2,4.9,4.1,6.6,6.8,6.1,5.5,6.1,4.2,4.2,5.8,7.5,4.6,6.5,6.4,7.8,7.6,5.3,6.1,6.9,5.1,6.7,4.3,7.7,5.9,7.0,6.7,5.8,6.0,6.3,7.6,6.1,5.8,6.3,6.4,4.2,5.3,5.6,3.1,5.5,6.2,6.4,5.9,5.0,6.0,5.8,5.4,5.4,4.5,,6.0,7.4,6.8,6.6,5.4,5.6,5.9,4.0,7.2,4.5,7.1,4.7,6.3,7.4,6.5,5.1,7.0,5.4,4.6,6.5,6.7,5.3,3.4,5.1,7.0,6.5,6.2,6.3,6.3,7.2,5.4,4.8
2026-07-23 05:00:00,4.5,4.0,6.4,5.4,4.5,5.2,5.7,5.9,4.7,4.7,5.4,7.1,6.5,6.7,4.0,5.1,5.1,3.9,5.1,3.6,6.5,6.6,5.8,4.9,5.6,4.0,4.2,5.8,7.6,4.5,6.2,6.2,7.5,7.2,5.6,6.3,6.7,5.6,6.5,4.0,7.5,5.8,7.1,6.4,5.9,6.2,6.3,7.7,6.1,5.8,6.3,6.3,3.7,5.5,5.4,3.0,5.7,5.8,6.0,5.7,4.9,6.1,5.8,5.4,5.0,4.2,,5.7,7.3,6.4,6.3,5.0,5.6,5.7,3.6,7.3,4.3,6.3,4.7,6.2,7.0,6.3,4.7,7.0,5.3,4.5,6.3,6.4,4.8,3.3,4.7,6.9,6.3,5.8,5.7,5.5,6.8,5.3,4.3
2026-07-23 06:00:00,4.6,4.3,6.3,5.1,4.7,5.3,5.7,5.3,4.5,4.7,5.4,6.8,6.5,6.5,3.6,4.8,5.0,15.5,5.3,4.1,6.5,6.3,6.0,4.6,5.7,4.0,3.8,5.9,7.5,4.6,6.1,6.1,7.3,7.2,5.7,6.4,6.8,5.7,6.7,4.3,7.5,6.0,7.2,6.7,6.0,6.2,6.7,7.8,6.0,5.9,6.3,6.0,3.8,5.6,4.9,3.0,5.3,5.5,6.1,5.6,5.0,6.1,5.5,5.4,5.1,4.3,,5.7,7.1,6.4,6.3,5.3,5.7,5.9,3.6,7.2,4.3,6.5,4.6,6.0,6.6,6.2,4.3,6.9,4.9,5.1,6.3,6.4,4.6,3.2,4.7,6.8,6.3,6.0,5.3,5.0,6.6,5.6,4.5
2026-07-23 07:00:00,4.3,3.9,6.2,4.6,4.5,5.3,5.4,4.8,4.0,4.3,5.1,6.7,6.7,6.2,3.3,4.6,4.7,19.1,4.7,3.8,6.8,6.3,5.6,4.1,5.9,3.8,3.4,5.5,7.2,4.2,5.8,5.6,7.6,7.1,5.2,6.7,6.8,5.3,6.5,4.2,7.2,5.6,7.7,6.6,5.4,5.9,6.6,7.7,5.8,5.6,5.9,5.5,3.7,5.0,4.3,2.8,5.3,4.9,6.1,5.6,5.1,6.1,5.0,5.1,4.4,4.0,,5.6,7.2,6.2,5.9,4.9,5.3,5.6,3.3,7.0,3.8,6.2,4.1,6.1,6.7,5.7,3.9,7.0,4.3,4.8,6.0,7.6,4.2,3.2,4.1,7.0,6.4,6.0,4.9,4.5,7.9,5.8,4.0
2026-07-23 08:00:00,4.1,4.0,6.4,5.1,4.1,5.8,5.6,5.4,4.3,4.2,4.8,7.0,6.7,6.4,3.4,5.1,5.2,7.5,5.3,4.1,6.6,6.8,6.2,4.7,5.8,3.8,3.8,6.0,7.7,4.9,6.5,6.4,8.1,8.4,5.7,6.6,7.3,5.8,7.0,4.5,7.4,6.2,7.2,6.9,6.0,6.1,6.8,8.4,6.2,6.2,6.5,6.3,3.8,5.6,4.9,3.1,5.5,5.5,6.1,5.8,5.8,6.0,5.5,5.4,4.5,3.7,,5.9,7.3,6.4,6.5,5.3,5.6,5.6,3.7,6.7,4.4,6.4,4.6,6.3,7.0,6.3,4.5,7.0,5.0,5.2,6.5,6.9,4.7,3.3,4.8,7.2,6.5,5.9,5.5,6.0,7.4,5.5,4.2
2026-07-23 09:00:00,3.5,3.9,6.3,5.1,3.8,6.0,5.0,5.4,4.5,3.9,4.4,6.9,6.2,6.6,3.4,5.1,4.6,5.0,5.3,4.0,6.4,7.5,5.8,5.0,5.8,4.3,3.5,6.0,7.9,5.0,6.6,6.4,8.1,7.9,5.7,6.2,7.7,5.7,7.0,4.2,7.4,6.2,7.0,6.9,5.9,5.4,6.9,8.3,6.3,6.3,6.6,6.1,3.1,5.6,4.9,3.1,5.6,5.6,5.4,5.3,6.1,5.9,5.5,4.3,4.2,3.6,,4.9,7.5,6.4,6.6,5.0,5.4,4.8,3.4,6.8,4.5,5.8,4.8,6.3,7.1,6.4,4.5,6.9,5.0,5.0,6.7,6.8,5.4,2.9,4.9,7.2,6.2,5.4,5.6,5.5,7.4,5.2,3.9
2026-07-23 10:00:00,3.4,4.0,6.1,5.1,3.7,5.3,4.8,5.4,4.7,3.7,4.4,6.6,5.8,6.9,3.5,5.3,4.5,4.1,4.9,4.1,6.1,7.1,5.3,5.0,5.7,4.3,3.6,5.9,7.9,5.1,6.5,6.2,7.7,7.6,5.5,5.9,7.6,5.6,6.8,4.0,7.0,6.0,6.5,6.7,5.6,5.5,6.9,8.0,6.0,5.8,6.7,6.0,2.9,5.4,4.7,2.9,5.1,5.3,5.0,4.7,6.6,5.2,5.6,4.3,4.1,3.3,,4.7,8.1,6.1,6.1,4.6,5.3,4.3,3.3,6.6,4.9,5.4,4.9,5.8,6.9,6.5,4.2,9.1,4.8,4.5,6.8,6.3,4.6,2.8,4.7,6.9,6.4,4.7,5.3,4.8,7.1,4.3,4.0
2026-07-23 11:00:00,3.4,3.5,5.7,4.8,3.6,5.9,4.4,,4.4,3.4,4.2,6.3,5.7,6.2,3.2,4.7,3.9,3.8,4.5,3.7,5.9,6.4,4.9,4.5,4.7,4.0,3.1,5.3,7.6,4.5,6.2,6.0,7.3,7.3,5.0,5.8,6.9,5.0,6.5,3.9,6.6,5.6,6.2,6.4,5.1,4.8,6.4,7.4,5.6,5.5,6.2,5.8,2.6,4.9,4.6,2.8,5.0,5.3,5.0,4.6,5.4,5.1,4.9,3.8,3.9,3.2,,4.4,7.4,5.7,5.7,4.2,4.8,4.1,3.0,6.6,4.2,5.0,4.2,5.5,6.6,6.4,4.1,14.6,4.7,3.9,6.4,6.2,4.4,2.6,4.5,6.7,6.5,4.6,5.0,5.7,6.7,4.4,3.6
2026-07-23 12:00:00,3.1,14.4,5.2,4.3,3.4,5.2,4.3,4.7,3.9,3.4,3.9,6.4,5.4,5.7,3.0,4.4,4.1,3.5,4.2,3.4,5.9,6.9,4.9,4.0,4.3,3.5,3.0,5.0,7.3,3.9,5.6,5.4,7.2,7.0,4.5,5.5,6.7,4.6,6.1,3.4,6.4,5.1,6.2,5.8,4.5,4.8,6.0,7.5,5.5,5.3,5.7,5.3,2.8,4.5,4.1,2.5,4.5,4.6,4.9,4.4,6.0,5.5,4.6,3.8,3.7,3.1,,4.1,7.9,5.6,5.5,4.1,5.3,4.3,2.9,6.1,3.8,5.1,3.8,5.4,6.7,5.9,3.7,6.1,4.2,5.4,5.9,6.0,4.0,2.9,4.5,6.5,5.6,4.7,4.7,4.3,6.5,3.9,3.4
2026-07-23 13:00:00,3.0,6.3,4.4,2.6,3.3,6.7,3.7,3.4,3.2,3.4,3.7,4.3,4.5,4.1,1.9,4.8,3.1,2.9,3.7,3.2,4.6,4.5,3.9,3.3,3.1,2.8,2.4,3.8,5.8,3.4,4.2,4.1,5.3,5.2,3.4,4.1,5.4,3.7,4.9,2.8,5.5,3.9,5.5,4.9,3.4,4.4,4.9,5.9,4.2,4.1,4.5,4.0,2.1,3.8,2.9,1.9,3.3,3.5,3.9,3.6,4.8,3.8,3.5,3.7,3.5,3.0,,4.2,5.0,4.3,4.3,3.4,4.4,3.0,2.4,5.4,3.3,3.4,3.2,3.5,4.5,4.3,2.6,4.3,3.2,3.9,4.4,4.8,3.5,2.1,3.7,4.2,4.2,3.2,4.1,3.8,4.5,2.5,3.0
2026-07-23 14:00:00,1.2,5.3,4.5,2.4,1.4,11.8,1.7,2.3,1.6,1.4,1.5,3.5,2.7,2.5,1.5,2.1,1.5,1.4,2.2,1.7,2.7,4.6,1.9,1.9,1.7,1.5,1.1,3.0,5.4,2.0,3.7,3.4,5.8,5.3,2.4,3.0,4.5,2.7,5.7,1.6,,3.2,3.8,3.4,2.3,1.9,3.9,5.1,3.5,3.1,3.5,2.6,0.8,2.4,2.2,1.6,2.0,2.3,1.7,1.8,2.9,2.9,2.2,1.3,1.4,1.4,,1.6,5.1,2.6,2.9,1.8,2.0,1.3,1.0,4.4,1.7,1.7,1.8,3.3,4.2,3.1,1.9,3.6,2.2,2.2,3.7,3.1,1.8,1.0,1.9,4.2,2.2,1.5,2.8,3.1,5.2,1.8,1.3
2026-07-23 15:00:00,1.8,6.2,3.3,2.2,1.9,2.8,2.5,2.5,2.2,2.0,2.0,3.8,3.5,3.0,1.5,3.1,2.1,2.4,3.3,2.6,3.3,4.1,2.9,2.6,2.4,1.8,1.9,3.8,6.2,3.5,4.3,3.8,5.3,4.9,3.8,3.2,5.3,3.8,5.6,2.2,,4.2,4.5,4.3,3.6,3.3,5.2,5.7,3.8,,4.4,3.5,1.5,3.4,2.3,1.6,2.6,3.0,2.7,2.6,4.2,2.9,2.5,2.2,2.1,1.8,,2.4,4.7,3.3,3.3,2.5,2.9,2.3,1.9,4.5,2.9,2.9,2.9,3.1,4.2,3.8,2.1,3.7,2.8,2.9,4.4,4.0,2.7,1.5,2.9,4.3,3.2,2.3,2.6,4.0,4.5,2.4,2.2
2026-07-23 16:00:00,1.4,1.8,3.9,3.0,1.6,4.7,2.7,2.5,1.7,1.6,1.7,6.5,4.0,2.5,1.5,2.3,2.1,1.6,2.2,1.7,3.5,3.8,2.6,1.9,2.8,1.5,1.3,2.7,5.7,2.5,3.3,3.1,5.0,4.7,2.3,3.8,5.3,2.6,4.5,2.1,,2.9,4.7,4.1,2.3,2.6,4.3,5.4,3.1,,3.2,2.7,1.6,2.5,2.2,1.7,2.0,2.2,3.1,2.9,2.7,3.2,2.2,1.7,1.5,1.6,,2.2,4.5,3.7,3.7,2.4,2.4,2.4,1.2,3.3,2.1,3.0,2.0,4.1,4.3,4.1,2.1,4.3,2.6,2.7,4.0,4.3,2.1,2.4,2.5,5.5,3.4,2.9,2.7,3.7,4.5,2.7,1.4
2026-07-23 17:00:00,1.4,5.5,3.5,1.9,1.6,17.6,1.8,2.1,1.7,1.6,1.7,4.1,2.6,2.5,1.3,3.0,1.4,2.0,3.3,1.6,3.1,3.4,1.9,2.6,2.7,1.2,1.9,3.9,5.9,3.0,3.4,3.3,4.4,4.6,4.2,3.4,4.8,4.4,6.3,1.8,,4.2,4.8,4.5,3.7,2.5,5.1,5.5,4.5,,4.4,3.3,1.5,3.6,2.1,3.3,2.6,3.5,2.4,1.8,3.2,2.7,2.1,2.2,2.1,1.3,,2.4,4.0,3.1,3.6,2.0,3.4,2.7,1.9,4.0,2.9,3.0,2.9,3.2,3.1,2.9,1.9,3.8,2.5,3.7,3.5,3.6,2.2,1.4,2.7,4.3,2.3,2.6,2.1,3.9,3.5,2.5,2.5
2026-07-23 18:00:00,1.5,1.9,3.8,2.9,1.7,3.1,2.7,2.9,2.0,1.7,1.8,4.7,4.5,3.2,1.9,2.6,2.4,2.0,2.9,1.9,4.5,4.7,3.0,2.0,2.7,1.7,1.6,3.7,6.0,2.8,3.8,3.6,6.5,5.7,3.6,4.9,5.7,3.8,6.6,2.8,,4.5,5.9,5.4,3.8,3.6,5.3,6.4,,,4.1,3.4,1.2,3.2,2.6,1.9,2.5,2.5,2.8,2.9,2.8,,2.7,2.3,1.8,1.5,,2.0,5.4,3.9,3.8,2.8,2.9,2.3,1.5,4.8,2.6,2.7,2.4,4.2,5.9,3.8,2.4,4.7,2.4,3.5,4.6,4.7,2.3,1.6,2.2,5.6,3.7,2.5,3.3,3.0,5.8,2.3,1.8
2026-07-23 19:00:00,2.2,2.7,4.7,3.2,2.1,3.4,3.4,3.4,3.0,2.1,2.3,4.7,5.2,4.1,2.1,3.5,3.0,,4.0,2.7,5.0,5.1,4.3,3.0,3.1,2.4,2.4,5.0,7.4,4.2,5.0,4.5,6.6,6.6,5.1,5.0,6.9,5.5,7.6,3.7,,6.1,6.7,6.9,5.1,4.2,6.6,7.4,,,5.7,4.3,1.8,4.3,3.0,2.1,4.0,3.2,4.0,3.4,3.8,,3.1,2.5,2.7,2.0,,2.4,4.7,4.6,5.2,3.5,4.0,2.6,2.4,5.3,3.2,3.1,3.5,3.5,4.8,4.9,2.8,4.5,2.9,3.2,6.1,5.2,3.0,2.0,3.4,5.3,4.3,3.0,3.5,3.8,5.7,2.7,3.1
2026-07-23 20:00:00,3.0,3.5,4.2,2.5,2.8,2.9,2.9,2.7,2.9,2.8,2.9,3.6,,4.3,2.1,3.2,2.9,3.3,5.0,3.5,4.2,3.4,4.0,5.1,2.7,2.8,3.9,4.0,6.5,3.9,4.4,4.0,4.8,4.6,4.3,3.8,5.2,5.4,7.0,3.1,,5.6,5.3,6.3,5.8,4.6,5.5,5.9,,,4.8,4.5,1.9,4.3,2.7,1.6,3.1,3.7,3.8,3.3,3.4,,3.3,2.9,3.5,2.6,,3.2,3.9,4.0,4.6,3.1,4.5,2.8,2.7,5.2,3.1,3.3,2.9,3.9,3.3,3.9,2.3,3.8,2.9,3.0,4.7,4.7,3.1,1.9,3.5,5.2,3.7,2.9,2.5,5.2,4.6,2.3,3.7
2026-07-23 21:00:00,3.1,4.0,4.3,3.3,3.7,3.4,2.7,3.1,2.0,5.1,3.8,4.1,6.1,3.9,1.9,2.7,2.5,2.2,4.0,3.9,4.2,4.7,2.9,4.6,3.5,2.1,3.5,3.2,5.8,3.2,3.8,3.5,6.2,5.5,3.4,5.2,5.3,4.2,5.7,2.6,9.9,4.5,5.8,5.3,4.5,3.8,4.6,6.2,5.3,6.1,3.8,3.4,2.0,3.4,2.6,1.5,2.3,2.4,3.8,3.5,2.6,9.1,2.3,3.8,4.3,3.7,,4.9,4.7,3.8,3.9,2.6,3.7,2.7,2.4,4.4,2.7,3.1,2.4,4.1,4.4,3.6,2.1,4.4,2.7,2.6,4.0,4.8,2.3,1.7,2.9,5.5,4.2,2.8,2.8,3.9,5.7,3.9,3.8
2026-07-23 22:00:00,2.6,2.1,4.0,2.2,3.1,3.2,2.7,2.5,1.8,2.6,3.4,4.2,4.3,3.7,1.5,2.2,2.3,1.9,2.4,1.8,3.8,4.0,2.6,2.0,4.0,2.1,1.7,2.7,4.8,2.4,3.1,3.2,5.9,5.4,2.7,4.3,4.4,3.3,3.9,2.3,5.6,3.0,5.0,4.7,2.5,3.3,4.2,6.5,4.0,3.7,3.3,2.9,1.7,2.9,3.8,1.7,2.1,2.2,3.8,2.8,2.3,6.5,2.7,3.3,2.5,2.9,,4.2,4.9,4.1,3.7,2.6,2.3,2.9,1.5,4.4,2.0,3.2,2.1,4.4,4.5,3.1,2.1,4.2,2.5,3.1,3.5,4.4,1.9,1.5,2.6,5.1,3.7,3.2,2.6,4.1,5.1,3.6,2.2
2026-07-23 23:00:00,2.2,2.6,3.9,2.6,2.3,3.1,3.1,3.6,2.2,2.3,2.9,4.7,4.1,8.2,1.8,2.6,3.0,2.4,3.3,2.5,4.4,3.7,3.3,2.2,3.3,2.0,2.1,3.4,6.3,3.0,5.0,5.0,5.9,5.3,3.3,3.7,5.6,3.9,5.1,3.0,6.4,5.7,5.5,5.1,3.4,3.6,4.9,5.6,4.1,3.6,4.3,3.6,1.4,2.9,3.4,2.2,2.5,2.9,3.1,3.3,2.7,4.2,3.5,2.9,2.5,1.9,,2.4,5.4,4.8,4.3,3.6,2.8,7.6,1.7,5.6,2.5,2.8,2.4,5.2,4.6,4.8,3.4,5.1,4.4,2.6,5.1,5.2,2.5,1.8,3.0,6.4,3.5,3.0,3.0,3.9,5.5,4.2,2.2
2026-07-24 00:00:00,2.5,3.0,5.0,3.6,2.9,3.9,3.6,7.4,3.2,3.0,3.2,6.6,5.0,5.9,2.7,3.8,4.0,2.9,4.4,3.0,4.7,5.4,5.1,3.6,4.8,3.0,2.6,5.3,7.8,4.0,6.1,6.1,7.6,6.4,5.0,5.3,7.1,5.3,6.8,3.6,6.8,6.3,5.6,6.7,5.0,4.7,6.3,7.2,6.0,5.4,6.0,5.7,2.2,4.6,4.1,2.5,3.8,4.6,3.8,3.6,3.7,5.9,4.0,3.8,3.2,2.6,,3.1,7.4,4.9,5.8,4.4,4.0,4.1,2.2,6.3,3.4,3.5,3.6,6.3,6.0,5.9,5.3,6.5,3.8,4.1,6.4,5.2,3.3,2.5,4.0,7.3,4.1,3.7,4.1,4.4,6.5,6.3,2.8
2026-07-24 01:00:00,3.1,3.8,5.5,3.6,3.6,4.5,4.9,,3.5,4.0,3.8,6.5,6.4,5.4,2.8,4.3,4.3,3.4,5.3,3.8,6.3,5.7,5.2,4.1,5.6,3.5,3.4,5.1,7.7,5.0,6.5,6.4,7.5,7.2,5.9,6.1,7.3,6.1,7.0,5.0,6.9,6.3,6.8,6.6,6.2,6.0,6.7,8.0,5.8,5.1,6.4,6.3,2.8,5.0,4.3,3.2,4.2,4.7,5.5,5.1,4.4,5.8,4.9,4.1,4.1,3.3,,4.6,6.9,6.3,6.0,4.5,5.0,4.8,3.1,6.3,4.1,5.4,4.4,5.6,6.3,5.8,5.4,6.5,4.0,3.9,7.2,6.5,3.8,2.8,4.7,6.7,5.8,5.0,4.2,4.9,6.7,5.1,3.7
2026-07-24 02:00:00,3.4,3.8,5.9,4.2,3.5,4.8,4.8,6.7,3.7,4.0,4.2,6.7,6.5,5.5,3.1,4.3,4.4,3.5,5.2,3.9,6.0,6.3,5.1,4.0,5.3,3.6,3.6,5.1,7.7,5.3,6.4,6.3,7.8,7.3,6.0,6.3,7.2,6.0,7.2,4.5,7.0,6.1,6.8,6.6,6.2,5.9,6.6,8.0,5.7,5.2,6.4,6.2,3.0,5.2,4.3,2.7,4.3,4.7,5.5,4.8,4.3,5.7,4.4,4.4,4.3,3.2,,4.9,7.2,6.0,6.0,4.5,5.1,4.7,3.1,6.2,4.2,5.5,4.3,5.9,6.6,5.9,4.5,6.6,4.2,3.8,6.7,5.9,3.8,2.8,4.8,6.9,5.8,5.0,4.8,4.4,7.2,4.8,3.9
2026-07-24 03:00:00,3.7,4.1,6.2,4.8,4.0,5.3,5.5,6.2,4.0,4.3,4.6,7.1,6.8,6.1,3.4,4.6,4.8,3.6,5.2,4.2,6.4,6.6,5.6,4.4,5.6,3.6,3.7,5.7,8.1,5.4,6.8,6.7,8.3,7.8,6.2,6.6,7.8,6.2,7.5,5.0,7.2,6.4,7.3,6.9,6.5,6.2,6.8,8.5,6.2,5.7,6.7,6.6,3.1,5.5,5.0,2.9,4.8,5.3,6.1,5.5,4.7,6.0,5.2,4.7,4.4,3.8,,5.0,7.6,6.4,6.4,5.0,5.4,5.1,3.5,6.5,4.5,6.0,4.4,6.2,7.0,6.2,4.4,6.8,4.8,4.3,7.0,6.5,4.1,3.0,4.8,7.2,6.2,5.6,5.4,5.2,7.5,5.2,4.1
2026-07-24 04:00:00,3.8,4.1,6.8,5.4,4.2,6.2,5.6,6.0,4.9,4.4,4.6,7.6,7.5,7.4,4.1,5.4,5.2,4.2,5.9,4.2,7.1,7.2,,5.3,6.3,4.1,3.9,6.4,9.1,6.1,8.0,7.6,9.1,8.6,7.1,7.3,8.5,7.0,8.2,5.7,7.4,7.2,8.4,7.6,7.1,6.4,7.8,9.6,6.7,6.3,7.6,7.5,3.3,6.1,5.7,3.5,5.9,6.7,6.5,5.8,5.5,6.5,6.1,4.6,4.7,4.1,,5.1,8.1,6.9,6.8,5.5,6.1,5.5,3.7,7.6,5.2,6.4,5.2,6.8,7.5,6.9,5.2,7.5,5.9,5.1,7.8,7.2,4.7,3.1,5.5,7.8,6.8,6.1,6.2,6.6,8.1,5.8,4.1
2026-07-24 05:00:00,4.7,5.4,6.8,5.1,5.2,5.8,6.1,5.8,5.3,5.5,5.6,7.2,7.6,6.7,3.6,6.0,5.7,5.2,6.7,5.5,7.2,7.0,,6.0,6.1,4.7,5.0,6.6,9.3,6.8,7.6,7.4,8.7,8.5,7.5,7.1,8.4,7.7,8.4,6.0,8.9,7.6,8.5,8.0,7.9,7.2,8.0,9.4,6.7,6.3,7.8,7.2,4.0,6.6,5.5,3.4,5.8,6.3,6.7,6.2,6.2,6.3,5.5,6.0,5.9,4.9,,6.4,7.6,6.9,7.0,5.9,6.7,6.3,4.9,8.1,6.0,6.8,6.0,6.2,7.2,6.8,5.1,7.0,5.8,5.3,7.8,7.2,5.4,3.7,6.2,7.1,7.0,6.3,5.9,5.6,7.9,5.6,5.3
2026-07-24 06:00:00,4.8,5.1,6.3,4.6,5.3,5.0,5.3,4.9,4.6,5.5,5.7,6.7,6.8,6.0,3.1,5.0,5.0,4.3,6.1,5.2,6.4,6.4,5.9,5.1,5.3,4.1,4.2,6.1,8.6,6.0,7.0,6.9,8.1,7.8,6.5,6.5,7.8,6.8,7.7,5.0,8.1,6.7,7.5,7.6,6.9,6.6,7.3,8.6,6.1,5.7,6.8,6.5,3.3,5.7,4.6,3.0,4.7,5.4,6.0,5.5,5.1,5.7,4.6,5.6,5.5,5.1,,6.1,7.0,6.4,6.4,5.0,5.9,5.4,4.0,7.0,5.0,6.1,4.7,5.9,6.6,6.3,4.1,6.5,5.2,4.9,7.1,6.5,4.7,3.1,5.2,6.9,6.2,5.3,5.2,5.2,7.5,4.8,4.9
2026-07-24 07:00:00,3.9,4.5,6.4,4.6,4.7,5.4,4.8,5.1,4.1,4.6,5.1,6.6,6.9,6.2,3.1,4.7,4.6,4.0,5.4,4.4,8.1,6.6,5.8,4.8,5.2,4.2,3.7,6.0,9.4,5.8,7.6,7.2,8.2,8.2,7.2,6.8,8.1,6.8,8.7,5.3,7.8,7.0,7.8,8.0,7.4,6.5,7.7,9.2,6.6,6.2,7.2,6.9,3.0,6.0,4.8,3.0,5.0,5.6,5.9,5.2,4.8,5.5,5.1,4.8,4.7,4.8,,5.3,7.0,6.3,6.7,5.3,6.1,5.0,3.8,7.1,4.7,5.8,4.7,5.6,6.6,6.6,4.5,6.5,6.0,5.1,7.6,6.5,4.4,2.9,5.2,6.9,6.2,5.2,5.3,5.4,7.8,4.4,4.5
2026-07-24 08:00:00,3.6,4.8,7.6,4.6,4.5,11.2,5.1,5.7,4.6,4.6,4.7,6.5,7.0,6.6,3.7,5.1,5.1,4.4,6.0,4.5,6.4,7.3,6.6,5.3,5.1,4.5,4.3,6.6,10.5,6.4,8.4,7.8,8.5,9.1,8.2,6.8,8.5,9.6,9.7,5.7,8.4,7.5,7.9,9.1,8.6,7.4,8.3,9.3,7.0,6.9,7.4,7.2,3.4,6.2,5.4,3.0,5.4,6.1,6.0,5.5,6.7,5.3,5.4,5.3,4.6,4.4,,6.3,6.9,6.3,7.0,5.6,6.8,5.4,5.5,7.4,5.4,5.9,5.1,5.8,6.6,7.0,5.3,6.4,5.4,5.6,8.2,6.7,4.7,3.3,5.6,6.9,6.3,5.3,5.1,5.5,7.7,4.2,4.8
2026-07-24 09:00:00,3.7,5.0,6.9,4.3,4.3,23.4,4.6,5.3,4.0,4.5,4.8,6.3,6.6,6.5,2.9,5.4,4.6,4.0,6.6,4.6,6.2,8.1,6.1,4.6,32.0,3.9,5.6,7.1,10.4,5.8,8.7,8.1,8.3,8.0,7.4,6.4,8.6,9.1,11.3,5.1,8.7,7.9,7.2,8.3,7.9,6.7,8.4,8.9,7.1,6.8,7.6,7.2,2.9,6.3,4.9,2.9,5.4,6.1,5.3,5.0,6.1,5.1,5.1,6.5,4.9,4.1,,7.0,6.7,6.1,6.6,5.1,6.5,4.6,5.0,6.6,4.8,5.0,4.9,5.3,6.4,7.2,6.9,6.1,5.5,5.6,7.6,6.5,4.2,2.8,4.8,6.9,5.9,4.7,4.7,5.0,7.4,4.1,5.6
2026-07-24 10:00:00,3.2,4.5,5.6,3.2,4.0,60.6,3.9,3.9,3.2,4.0,4.4,5.3,5.7,5.1,2.2,4.6,4.1,3.2,5.8,3.8,5.5,6.8,5.8,3.6,5.8,3.5,4.4,6.4,8.3,4.3,7.0,6.5,7.1,6.8,7.0,5.6,7.0,7.5,9.8,4.1,8.3,7.3,6.3,7.5,7.6,6.6,7.5,7.4,6.3,6.0,6.2,5.5,3.0,6.5,3.9,2.5,4.0,4.6,4.7,4.4,5.2,4.6,3.5,5.9,4.4,3.7,,5.9,5.6,5.3,6.0,4.4,6.4,4.2,4.2,5.2,3.8,4.7,4.1,4.0,5.8,6.4,4.0,5.2,4.3,4.8,6.5,5.7,3.2,2.7,4.2,5.5,5.3,4.2,3.4,3.4,5.8,3.4,5.0
2026-07-24 11:00:00,2.6,3.3,4.2,2.7,3.2,112.6,3.5,3.3,2.7,3.0,3.4,4.2,4.4,3.7,1.9,3.4,3.2,2.7,3.9,2.9,4.5,5.7,4.5,3.0,13.6,2.9,3.2,4.2,6.6,3.5,4.6,4.1,5.4,6.1,4.8,4.0,6.0,5.0,9.0,3.0,7.0,4.9,5.2,6.1,5.0,5.6,5.8,6.2,5.0,4.7,4.6,3.8,2.5,4.2,3.1,2.1,3.0,3.3,3.7,3.8,3.4,3.2,2.9,4.8,3.3,3.0,,5.3,4.6,4.4,5.2,3.6,4.2,3.5,3.1,4.9,3.5,4.0,3.0,3.4,4.3,4.4,2.7,4.0,2.9,3.4,5.2,5.1,2.9,2.3,3.4,4.6,4.0,3.3,3.0,2.7,4.2,2.5,3.4
2026-07-24 12:00:00,2.6,3.5,4.8,2.9,3.0,99.7,3.6,3.5,3.0,3.2,3.6,4.5,4.2,4.5,2.2,3.5,3.1,2.9,3.9,3.1,4.7,4.9,3.9,3.2,15.0,2.7,2.7,4.3,6.8,3.5,4.7,4.3,5.3,6.5,4.1,4.2,5.6,4.4,6.2,2.9,6.7,4.4,5.3,5.4,4.2,4.1,5.7,6.4,5.0,4.5,4.7,4.1,2.3,4.0,3.3,2.4,3.4,3.8,3.9,3.6,3.5,3.3,3.4,3.6,3.4,3.1,,3.9,4.6,4.5,4.8,3.5,4.0,3.3,2.4,5.4,3.6,3.9,3.2,3.5,5.2,4.6,2.8,4.1,3.4,3.1,5.2,5.3,3.3,2.2,3.5,4.9,4.3,3.5,3.2,3.2,4.3,2.7,3.0
2026-07-24 13:00:00,2.7,3.3,5.0,3.4,3.1,224.9,4.0,4.1,3.1,3.3,3.6,5.5,4.9,4.9,2.5,3.9,3.6,3.0,4.3,3.3,5.4,6.2,4.2,3.4,3.9,3.1,3.0,4.5,6.8,3.7,5.0,4.7,6.1,6.6,4.7,4.6,6.4,4.9,6.8,3.3,,5.0,5.7,5.8,4.7,4.5,6.2,7.0,5.0,5.2,5.2,4.7,2.3,4.6,3.6,2.8,3.5,4.1,4.4,4.1,3.9,4.1,3.5,3.7,3.5,3.1,,4.0,5.6,5.7,5.2,3.8,4.4,3.6,2.8,5.4,3.7,4.3,3.4,4.4,5.4,4.8,3.2,5.1,3.6,3.4,5.4,5.6,3.4,2.4,4.0,5.8,4.9,3.9,3.9,3.4,5.2,3.1,3.2
2026-07-24 14:00:00,2.7,3.2,5.7,3.7,3.0,450.0,4.3,4.6,3.3,3.4,3.5,5.6,5.3,4.4,2.7,3.7,3.5,2.9,4.3,3.2,5.4,6.1,4.5,3.1,4.1,2.6,38.8,4.2,6.9,3.6,4.9,4.4,6.6,6.6,4.2,5.0,6.1,4.5,6.3,3.3,,4.4,5.9,5.8,4.5,4.4,5.4,7.2,5.2,,4.4,4.2,2.4,4.4,4.1,2.5,3.6,4.1,4.9,4.2,3.8,4.7,3.7,3.8,3.5,3.1,,3.9,5.9,5.7,5.6,3.9,4.1,4.0,2.7,5.4,3.5,4.7,3.4,5.0,5.5,5.3,3.6,5.5,3.6,3.7,5.5,5.6,3.2,2.8,3.6,6.2,5.2,4.3,3.9,3.5,5.9,3.6,3.1
2026-07-24 15:00:00,2.7,3.7,5.5,3.1,2.9,295.4,3.7,4.2,3.2,3.3,3.4,5.6,4.6,5.1,2.3,3.7,3.3,2.7,3.9,2.9,4.9,5.6,4.1,3.0,3.8,2.4,11.5,4.2,6.8,3.2,5.2,4.9,6.4,6.3,3.9,4.5,5.8,4.3,6.0,2.8,,4.3,5.3,5.7,4.1,4.0,5.3,6.7,5.3,,4.5,4.6,2.4,4.3,3.7,2.3,3.4,4.2,4.4,3.7,3.7,4.7,3.7,3.6,3.3,2.8,,3.8,5.5,5.2,5.2,3.6,3.9,3.7,2.1,5.0,3.4,4.2,3.2,4.2,5.5,5.0,3.4,5.3,3.9,3.8,5.2,5.3,3.1,2.3,3.6,5.7,4.4,3.9,3.8,3.7,5.2,3.2,3.0
2026-07-24 16:00:00,2.4,3.4,5.8,3.0,2.7,5.9,3.8,3.9,3.0,3.0,3.1,5.1,5.0,4.6,2.1,3.4,3.3,2.5,4.0,3.0,5.2,5.4,4.1,2.9,3.9,2.4,2.5,4.3,6.6,2.9,5.0,4.7,5.9,6.3,4.1,4.7,6.3,4.3,6.2,3.0,,4.5,5.6,5.3,4.3,3.9,5.3,7.0,5.1,,4.6,4.4,2.1,4.5,3.6,2.2,3.2,3.8,4.3,3.9,3.6,4.1,3.2,3.6,3.4,2.7,,3.9,5.6,5.2,5.0,3.5,4.3,3.6,2.5,5.0,3.0,4.0,3.0,4.3,5.2,5.2,3.7,5.0,3.8,3.4,5.4,5.4,2.8,2.3,3.3,5.6,4.5,4.0,3.7,3.4,5.2,3.3,3.0
2026-07-24 17:00:00,2.4,2.9,4.6,2.7,2.9,3.8,3.5,3.3,2.5,2.9,3.1,4.6,4.9,4.6,2.5,3.2,2.8,2.4,3.6,2.6,4.7,4.2,3.5,2.6,3.7,2.0,2.4,3.6,5.9,2.6,4.3,4.0,5.6,5.7,3.6,4.2,5.2,4.0,5.4,2.7,,4.1,5.5,4.9,3.9,3.5,4.7,6.3,4.2,,4.1,3.5,2.2,3.8,2.9,1.9,2.7,2.9,4.4,4.0,3.4,3.8,2.7,3.3,3.1,2.6,,3.6,4.9,4.7,4.5,3.1,3.6,3.5,2.1,4.6,2.8,4.0,2.6,3.7,4.3,4.7,2.7,4.5,3.3,3.0,4.4,4.9,2.8,2.9,3.0,4.8,4.4,3.8,3.2,3.1,4.5,2.9,2.7
2026-07-24 18:00:00,2.5,2.4,3.8,2.6,2.7,2.4,2.8,2.7,2.6,2.7,3.0,3.5,3.6,3.5,1.6,2.4,2.4,1.9,2.8,2.3,3.4,3.2,3.1,2.2,2.8,1.9,2.1,3.3,5.1,2.1,3.5,3.1,4.8,4.3,2.7,3.1,4.1,3.1,5.0,2.0,,3.4,4.5,4.3,3.0,3.2,3.8,5.2,4.2,,3.4,3.2,1.9,3.2,2.4,1.5,2.6,2.8,3.3,2.9,2.6,3.1,2.5,2.8,2.8,2.3,,3.2,3.8,3.7,3.7,2.6,3.1,2.8,1.9,4.3,2.3,3.3,2.2,3.7,3.5,3.9,2.2,3.4,2.9,2.8,3.6,4.2,2.5,1.7,2.6,4.3,3.5,2.9,2.6,2.9,4.3,2.4,3.5
2026-07-24 19:00:00,1.8,2.5,3.7,2.1,4.0,2.8,2.5,3.0,2.4,2.3,2.7,3.7,3.2,3.4,1.6,2.6,2.2,2.1,3.0,2.6,3.2,3.4,2.7,2.1,2.4,1.9,2.0,3.2,5.3,2.5,3.3,2.9,,4.2,2.7,3.5,4.4,3.6,4.5,2.0,,3.5,4.4,4.1,3.0,2.6,5.1,4.9,,,3.8,3.2,1.4,3.0,2.3,1.5,2.8,2.9,2.7,2.5,2.7,,2.5,2.5,2.7,1.8,,2.7,3.9,,3.3,2.3,2.8,2.0,1.5,4.3,2.3,2.5,2.3,3.9,3.8,3.4,1.9,4.0,2.4,2.3,3.7,3.9,2.1,1.3,2.8,4.9,3.0,2.5,2.9,2.5,4.1,2.2,2.2
2026-07-24 20:00:00,2.0,2.5,4.0,2.5,2.4,3.3,2.5,3.6,2.1,2.2,2.6,4.7,4.1,3.4,1.6,2.4,2.5,2.2,3.0,2.3,4.1,4.7,3.1,2.5,2.7,1.8,2.0,3.6,5.9,2.5,3.8,3.6,6.1,5.2,3.4,3.6,4.8,3.2,5.0,2.9,,4.0,5.2,5.4,3.3,3.1,5.6,5.8,,,4.9,3.9,1.5,3.9,2.6,1.7,2.8,3.1,3.1,2.9,2.7,,2.4,4.0,2.7,2.3,,4.0,5.9,4.4,5.1,3.0,3.0,2.6,1.8,4.2,2.3,2.8,2.2,4.6,5.4,4.1,2.3,4.0,3.0,2.9,4.6,4.8,2.3,1.6,2.6,6.0,3.5,2.7,4.2,2.7,5.1,2.7,3.0
2026-07-24 21:00:00,2.3,3.3,5.2,2.1,2.7,4.2,2.9,3.2,2.3,2.5,3.3,6.1,5.7,4.5,,2.8,2.9,2.4,3.1,2.5,5.0,5.8,3.4,2.6,2.9,2.4,2.2,4.1,6.1,3.0,4.3,4.4,6.8,5.9,3.2,4.9,5.5,3.5,4.9,3.2,9.9,5.1,5.4,5.5,3.3,4.0,6.6,5.8,6.7,6.9,5.1,4.1,2.0,4.1,2.7,1.8,3.4,2.7,4.0,3.7,3.2,9.0,2.4,3.6,2.9,2.4,,3.3,5.6,4.8,4.5,2.9,3.0,2.9,1.8,4.4,2.6,3.0,2.5,5.5,4.9,5.1,3.7,6.2,5.9,3.3,5.0,5.1,2.8,2.1,2.9,6.8,4.4,3.0,3.3,2.8,6.2,3.1,3.0
2026-07-24 22:00:00,2.6,3.6,5.5,3.9,2.9,4.7,3.8,5.6,5.2,2.7,3.6,6.8,6.4,9.3,2.9,3.6,3.3,3.2,4.5,3.0,4.9,6.2,3.9,3.3,3.6,2.9,4.0,5.0,6.6,3.8,4.8,5.0,7.1,6.2,4.2,5.1,5.8,4.4,4.6,3.3,8.1,5.3,5.6,6.2,4.7,4.5,7.3,6.3,6.2,5.4,6.0,4.3,2.4,4.7,3.2,2.0,4.3,2.7,4.7,4.1,4.0,15.6,3.2,5.5,5.3,2.5,,4.3,6.6,5.0,5.0,3.7,3.9,3.3,2.4,5.2,3.2,3.4,2.9,6.3,5.8,5.4,3.4,6.4,5.6,3.2,5.6,5.1,3.0,2.3,3.4,7.4,4.8,3.3,3.7,3.2,7.5,4.0,3.1
2026-07-24 23:00:00,3.1,5.6,6.2,4.2,3.2,6.0,4.0,6.6,5.8,3.2,3.7,6.6,6.4,10.9,4.9,4.0,4.3,3.5,5.7,3.6,6.7,6.7,4.5,4.2,4.2,9.6,3.4,5.5,7.1,4.1,5.5,5.1,8.1,6.9,5.2,8.1,6.3,5.3,5.2,3.4,7.6,5.7,6.7,6.4,5.4,5.7,7.0,6.8,5.5,4.6,6.3,4.6,2.5,5.4,3.8,2.3,4.4,3.2,6.2,4.6,4.3,9.9,3.6,4.9,4.7,3.0,,4.7,7.5,5.7,5.1,4.6,4.5,3.3,3.5,6.3,3.4,3.9,3.4,6.9,6.1,5.8,4.0,6.4,4.3,3.4,6.2,5.7,3.6,3.3,4.3,7.8,5.8,3.7,4.0,3.5,7.5,4.5,4.0
2026-07-25 00:00:00,4.4,11.6,6.7,4.0,3.7,6.0,4.1,6.4,4.4,3.6,4.1,7.0,7.7,6.5,3.9,4.9,5.0,4.1,6.3,4.7,7.3,6.2,5.5,4.2,4.7,7.8,3.4,5.3,8.2,4.9,6.7,6.0,7.9,7.7,5.7,7.7,8.3,6.1,6.2,4.2,7.6,6.2,10.1,7.3,6.2,5.9,7.2,8.5,5.9,5.2,6.3,4.9,2.3,4.8,4.4,2.6,5.5,3.8,6.5,6.3,5.9,11.8,4.1,5.6,4.4,3.4,,4.8,7.3,6.4,6.8,4.6,5.5,3.8,3.6,6.2,4.4,4.4,3.7,7.2,6.7,6.1,4.6,7.1,5.3,3.5,6.4,6.3,4.2,3.0,4.4,8.2,6.8,4.4,4.2,5.6,7.2,4.8,3.9
2026-07-25 01:00:00,4.7,5.4,7.1,4.3,4.8,6.5,5.7,4.7,3.8,3.6,4.5,7.5,7.8,5.9,3.8,5.6,6.2,4.6,5.8,4.5,7.9,7.0,5.8,5.0,5.5,4.8,3.5,5.9,8.5,5.4,6.6,6.4,8.8,7.7,6.3,7.1,7.1,6.4,7.2,5.0,8.3,6.3,9.3,7.3,6.6,5.7,7.1,8.9,6.5,6.2,6.4,6.7,2.4,5.7,4.7,3.0,5.4,3.7,6.6,6.3,6.0,8.5,4.9,5.1,4.3,3.8,,5.4,8.2,6.9,6.6,5.5,7.8,5.3,3.0,5.7,5.9,6.0,4.6,7.2,7.0,6.5,4.2,7.5,5.1,4.2,7.1,7.0,5.0,3.5,5.8,8.4,7.0,5.5,5.0,6.8,7.4,5.0,3.8
2026-07-25 02:00:00,5.8,5.1,7.7,5.6,4.8,7.5,6.6,5.4,4.3,3.8,4.2,8.6,8.7,6.6,3.8,5.4,5.9,4.4,6.0,4.4,7.7,8.7,7.0,5.4,6.0,4.3,3.6,6.2,9.1,5.9,7.1,6.7,11.4,9.3,6.4,8.2,8.2,6.5,7.4,6.8,9.2,6.7,9.9,7.6,7.6,6.8,7.3,11.0,6.6,6.4,7.0,6.9,3.3,5.7,5.2,3.3,5.3,4.7,7.9,7.2,5.5,7.9,5.3,4.6,4.3,4.2,,7.8,9.8,7.7,6.9,6.3,6.1,6.9,3.3,5.9,5.8,7.5,5.2,8.1,7.9,6.7,4.7,8.8,5.4,4.7,7.5,8.3,5.9,4.1,6.6,9.9,7.9,6.4,6.0,7.4,9.3,6.8,4.2
2026-07-25 03:00:00,5.5,5.4,8.5,5.4,5.1,7.8,7.1,6.0,4.4,3.8,4.2,9.1,9.7,6.8,3.8,5.8,6.3,5.1,6.9,4.6,8.4,8.7,7.6,6.1,6.1,4.6,3.7,6.1,9.9,6.1,7.6,7.3,13.0,10.6,6.7,9.3,8.8,6.9,8.0,8.6,8.2,6.8,11.1,8.5,7.5,7.0,7.9,13.1,7.2,6.7,7.3,7.1,3.8,6.0,5.7,4.2,5.8,5.2,8.7,7.7,5.8,10.9,5.6,4.6,4.5,4.5,,11.1,9.9,8.6,7.5,7.1,7.0,7.4,3.3,7.4,5.7,8.1,5.7,8.7,9.6,7.3,5.2,9.3,6.1,5.2,8.3,9.6,5.6,4.5,7.4,10.4,8.5,6.8,7.3,6.7,11.3,7.8,3.9
2026-07-25 04:00:00,5.6,4.2,9.0,5.9,5.1,9.5,7.6,7.2,4.8,3.8,4.2,9.9,11.0,8.0,4.6,6.0,6.9,5.9,6.2,5.0,9.3,10.0,7.8,6.1,6.5,3.8,3.4,6.5,11.6,6.3,8.8,7.9,14.2,12.2,7.2,10.1,10.0,7.1,8.7,9.0,7.9,7.3,12.8,9.9,7.9,8.2,8.7,14.7,7.5,7.2,8.2,7.6,4.0,7.4,6.7,5.1,6.3,6.1,8.9,8.4,6.1,13.0,6.5,4.5,4.6,4.5,,8.3,10.7,8.8,8.6,7.4,8.9,7.7,3.5,7.3,6.5,8.3,6.5,9.1,10.7,7.9,6.6,9.8,6.6,5.7,9.8,9.8,5.7,5.3,8.0,11.1,9.6,7.3,7.7,7.5,12.3,7.2,4.0
2026-07-25 05:00:00,4.6,4.4,9.4,6.5,4.9,10.1,7.7,8.3,4.8,4.1,4.6,9.9,10.4,9.9,5.4,6.7,7.4,6.0,6.2,5.2,9.6,9.9,7.5,6.0,7.3,4.0,3.4,6.5,13.1,6.0,10.0,9.5,13.5,13.2,7.8,9.9,11.3,8.0,10.6,9.8,9.1,8.1,13.1,11.5,8.8,8.2,10.7,15.6,8.5,8.0,9.3,8.1,4.9,8.3,7.9,5.7,7.0,6.6,8.3,8.0,6.6,8.0,7.3,5.8,4.6,4.6,,6.1,10.2,9.2,9.3,7.6,8.0,7.4,4.0,7.8,6.3,7.9,6.6,9.4,10.4,8.8,7.6,9.9,7.1,6.9,11.4,10.0,5.5,5.7,7.4,11.5,8.9,7.4,8.8,7.6,12.4,6.9,4.7
2026-07-25 06:00:00,4.6,5.3,9.1,6.8,5.0,10.1,7.2,8.4,5.0,5.3,5.0,9.6,10.0,11.2,5.7,7.1,7.4,5.9,6.5,5.4,9.3,9.6,7.9,6.1,7.1,3.8,4.4,7.1,12.0,6.5,11.3,10.1,13.4,12.8,8.6,10.0,10.8,8.2,11.3,10.0,9.0,9.2,12.5,11.3,8.5,8.8,11.9,15.1,8.6,8.1,10.0,9.4,5.6,7.8,8.4,6.2,7.6,6.6,8.0,7.1,7.1,8.1,7.9,19.4,5.0,4.9,,6.7,10.1,9.2,9.5,7.6,7.6,6.7,4.9,8.0,6.3,7.5,7.3,8.6,10.1,9.3,7.6,9.7,7.3,7.4,11.9,9.8,4.5,5.1,7.1,11.1,8.5,7.3,8.1,8.2,12.4,6.7,6.1
2026-07-25 07:00:00,5.4,6.7,8.4,7.3,4.6,8.8,7.1,8.0,5.9,5.6,6.1,9.8,9.5,9.8,7.0,7.5,7.2,6.6,7.9,6.5,8.7,10.0,8.1,7.0,6.6,5.8,6.7,8.8,12.5,7.8,10.9,9.9,11.7,12.7,9.8,9.2,10.7,10.0,10.4,9.4,11.9,10.2,12.0,11.0,10.0,9.7,11.6,13.4,8.8,8.4,11.0,10.6,5.6,8.7,7.8,5.7,8.1,7.5,7.6,6.9,7.7,8.1,8.0,8.2,6.9,5.5,,8.4,9.9,8.8,9.5,7.5,8.1,10.6,5.6,8.5,7.5,7.1,7.5,8.5,9.6,8.9,7.3,8.8,7.5,7.6,10.9,10.1,6.3,6.8,7.5,10.2,8.2,6.8,8.1,7.9,10.7,6.8,7.6
2026-07-25 08:00:00,5.5,6.5,7.5,6.0,5.1,6.3,6.8,6.3,6.6,5.4,6.2,6.8,7.2,8.6,4.1,6.9,6.4,6.2,8.0,6.5,7.5,8.8,6.9,6.8,5.5,6.7,6.5,7.8,10.6,7.6,9.3,8.8,8.2,11.1,8.4,7.2,9.4,8.9,8.7,6.7,10.9,8.4,9.5,8.5,8.4,7.6,9.3,10.2,8.1,7.5,9.2,8.9,4.3,7.7,5.3,4.3,7.6,8.0,6.1,6.6,7.3,6.8,6.5,7.2,6.4,5.6,,8.2,7.4,7.7,8.0,6.5,6.9,5.7,5.5,10.6,7.4,6.6,7.2,6.5,8.0,7.6,4.8,6.9,5.4,6.7,8.2,8.2,6.3,3.8,7.0,7.6,6.8,5.0,6.1,5.4,8.0,5.5,6.6
2026-07-25 09:00:00,3.2,4.3,4.7,4.6,3.6,3.9,4.3,4.1,5.4,3.8,4.2,4.8,4.9,5.0,3.3,4.3,4.0,4.3,5.3,4.1,4.8,4.7,4.7,4.5,4.0,4.3,4.0,5.3,6.8,5.1,5.7,5.1,5.5,5.9,5.6,5.3,6.6,5.3,6.1,4.0,7.7,5.6,5.5,6.4,6.0,5.3,6.6,7.4,5.7,5.2,6.2,5.5,2.9,5.8,2.8,2.7,5.5,5.5,4.1,4.2,4.7,4.8,3.4,5.5,5.0,3.3,,5.6,5.5,5.7,6.2,4.5,4.9,3.9,3.3,9.3,5.3,5.1,4.1,4.4,5.3,6.0,2.6,5.2,3.1,4.6,6.1,5.7,4.4,2.4,4.5,5.6,4.7,3.6,3.7,3.1,5.2,3.9,4.4
2026-07-25 10:00:00,2.5,3.2,3.6,3.2,2.7,3.0,2.9,3.3,3.0,3.0,3.1,4.5,4.6,3.9,2.3,3.7,2.8,2.8,3.4,3.1,4.5,4.0,3.6,3.3,3.3,2.9,2.3,3.9,4.9,3.2,3.6,3.5,4.9,4.8,3.6,4.0,5.0,3.8,4.4,2.7,5.5,3.9,5.3,4.8,4.0,3.9,5.9,5.9,4.1,3.8,4.5,3.2,2.4,3.9,2.4,1.8,3.0,3.0,3.6,2.9,3.5,3.7,3.7,3.5,3.3,2.2,,4.1,4.9,4.6,4.4,3.0,3.5,2.8,2.5,5.3,3.5,3.6,3.3,4.0,4.6,4.0,2.2,4.4,2.6,3.7,4.3,5.0,3.1,1.8,3.3,5.1,4.3,3.3,2.9,2.7,4.2,3.0,2.8
2026-07-25 11:00:00,2.3,3.8,4.6,4.7,2.7,3.4,3.3,4.6,3.4,2.5,3.1,5.8,4.1,5.3,3.2,3.5,2.9,2.6,3.1,2.6,4.6,5.3,3.6,3.0,3.4,2.4,2.2,4.0,5.5,2.8,4.4,4.1,6.7,5.8,3.4,4.3,5.6,3.4,5.3,2.6,5.2,3.7,5.0,4.5,3.1,3.1,4.7,6.5,4.6,4.2,4.1,3.8,1.9,3.8,3.5,2.6,4.5,3.8,3.7,3.1,3.2,4.5,4.5,3.0,2.9,2.3,,3.5,6.4,4.8,4.4,3.1,3.2,2.9,2.1,5.4,2.9,3.8,2.9,5.4,6.3,4.4,3.0,5.5,3.6,3.0,5.1,5.1,2.7,1.8,3.0,6.6,4.1,3.3,4.2,4.3,5.9,3.2,2.6
2026-07-25 12:00:00,2.4,5.6,5.7,5.1,2.7,4.0,3.7,5.7,4.4,2.8,3.2,6.7,6.6,6.1,3.4,4.4,3.3,3.4,3.9,3.1,5.5,6.3,4.4,3.8,4.0,3.3,2.5,5.3,6.8,3.6,5.6,5.3,7.0,6.8,4.5,4.8,6.4,4.6,6.6,3.1,6.0,4.8,5.5,5.4,4.1,3.6,5.8,7.4,5.6,5.4,5.3,5.3,2.2,4.7,4.5,2.5,5.1,5.2,4.6,3.8,4.4,6.6,5.3,2.9,3.0,2.6,,3.2,7.1,5.8,5.5,3.7,4.1,3.5,2.4,6.4,3.6,5.2,3.7,6.0,6.8,5.9,3.7,6.3,4.7,4.1,6.1,5.6,3.9,2.3,4.1,7.1,5.0,4.0,4.9,5.2,6.3,3.6,2.7
2026-07-25 13:00:00,2.9,4.0,5.7,4.4,3.1,4.1,4.6,5.1,4.0,3.7,3.5,6.6,5.6,5.6,3.1,4.6,3.9,3.6,4.7,3.8,6.0,5.9,5.3,3.9,4.3,3.1,3.1,5.2,6.6,3.6,5.4,5.3,6.4,6.6,4.7,5.1,6.3,4.7,6.5,3.3,6.7,4.9,6.0,5.8,4.8,4.0,5.9,7.3,5.6,5.6,5.3,5.2,2.5,5.3,4.2,2.7,4.3,4.9,5.1,4.4,4.8,6.0,4.5,3.5,3.6,2.9,,3.8,6.7,6.0,5.7,4.3,5.0,3.9,2.7,6.4,3.9,5.1,3.9,5.8,6.3,5.6,3.5,6.2,4.5,4.3,5.8,6.0,4.1,2.6,4.4,7.0,5.5,4.4,4.3,4.9,5.5,4.0,2.9
2026-07-25 14:00:00,4.2,8.1,5.8,4.4,3.4,5.3,4.8,5.1,3.7,3.9,3.9,6.7,5.6,5.4,3.2,4.3,3.8,3.5,5.2,3.9,6.3,5.8,5.0,3.9,5.0,3.1,3.1,5.2,6.6,3.6,4.9,4.8,6.6,6.3,4.9,5.3,6.4,4.5,6.2,3.4,7.7,4.8,6.1,5.7,4.7,4.6,5.7,7.1,5.7,5.6,5.0,5.0,2.9,5.2,4.2,2.6,4.0,4.9,5.6,4.7,4.8,6.0,4.5,3.9,3.8,3.4,,4.1,6.8,6.2,5.8,4.3,5.1,4.5,2.8,6.4,4.0,5.5,3.7,5.9,6.5,5.3,3.6,6.6,4.5,5.0,5.6,6.1,4.0,2.8,4.0,7.1,5.8,5.0,4.6,5.1,5.8,4.5,3.3
2026-07-25 15:00:00,3.3,190.7,6.2,4.4,3.5,5.0,4.8,5.1,4.2,4.1,4.1,6.8,5.3,5.5,4.0,4.8,3.8,3.8,5.2,3.9,6.9,6.3,4.7,4.1,4.9,4.3,3.3,5.5,7.0,4.0,5.7,5.5,6.7,6.6,4.9,5.1,6.4,4.8,6.6,3.3,6.9,5.1,5.8,5.9,5.2,4.6,6.1,7.4,6.0,6.1,5.6,5.3,2.9,5.6,4.5,2.9,4.2,5.2,5.6,4.8,5.1,6.4,4.7,4.2,4.2,3.6,,4.3,7.1,6.3,6.0,4.3,5.5,4.5,2.8,7.0,4.5,6.1,4.1,5.9,6.7,6.1,4.0,7.2,4.8,4.9,6.2,6.2,4.4,2.8,4.5,7.1,5.5,4.8,5.1,5.2,6.1,5.3,3.7
2026-07-25 16:00:00,3.5,11.4,6.7,4.3,3.6,4.7,5.0,4.9,4.4,4.0,4.2,6.5,5.5,5.7,3.2,4.8,3.8,3.9,5.5,4.0,6.3,6.1,4.7,4.2,4.9,3.8,3.1,5.3,6.9,4.1,5.5,5.5,6.5,6.4,4.9,5.0,6.4,4.6,6.3,3.3,6.8,5.1,5.9,5.9,4.8,4.6,6.2,7.5,6.0,6.1,5.6,5.2,2.9,5.5,4.5,2.9,4.2,5.2,5.7,4.9,5.1,6.0,4.7,4.3,4.0,3.6,,4.6,6.7,6.2,6.0,4.3,5.4,4.5,2.7,6.7,4.8,5.7,4.2,5.5,6.5,6.0,4.0,7.5,4.7,4.9,6.2,6.1,4.7,2.9,4.6,6.8,5.5,4.9,5.2,5.2,5.8,5.8,3.6
2026-07-25 17:00:00,3.6,3.8,6.0,4.0,3.4,4.4,4.7,4.5,4.2,3.9,4.0,6.4,5.2,5.1,2.9,4.3,3.5,3.5,5.3,3.8,6.0,6.0,4.3,3.6,4.7,3.6,3.1,4.7,6.7,3.8,5.0,5.0,6.2,6.1,4.8,4.7,6.1,4.4,6.0,3.1,6.6,4.8,5.7,5.6,4.5,4.3,5.7,7.1,5.8,5.9,5.1,4.6,2.8,4.9,4.2,2.6,3.9,4.6,5.4,4.6,4.7,6.1,4.2,4.2,4.1,3.5,,4.6,6.5,5.9,5.7,4.2,5.4,4.3,2.6,6.3,4.5,5.2,3.9,5.2,6.3,5.8,3.8,6.1,4.5,4.4,5.6,5.7,4.2,2.7,4.3,6.6,5.0,4.6,4.9,4.5,5.4,4.9,3.4
2026-07-25 18:00:00,3.5,3.8,7.6,4.4,3.3,5.0,5.1,4.9,4.1,3.9,3.8,7.1,5.6,5.8,3.3,4.3,3.9,3.3,5.4,3.7,6.2,6.4,4.6,3.8,5.2,3.4,3.0,5.0,6.8,3.8,5.3,5.0,6.7,6.3,5.3,5.2,6.4,4.4,6.1,3.3,6.4,5.0,6.0,5.9,4.7,4.5,5.9,7.2,6.2,6.5,5.3,4.9,3.2,5.1,4.4,2.7,4.3,4.9,5.9,5.1,4.8,6.8,4.6,4.0,4.1,3.3,,4.6,6.8,6.1,5.9,4.4,5.5,4.8,2.5,6.4,4.6,6.0,3.7,5.7,6.5,6.0,4.1,7.1,4.7,4.5,6.0,6.0,4.3,3.0,4.4,7.1,5.4,5.2,5.4,5.2,5.9,4.8,3.4
2026-07-25 19:00:00,4.0,5.1,7.3,4.4,3.9,4.8,5.3,5.4,4.5,4.2,4.2,6.7,5.7,6.2,3.7,5.4,4.3,3.8,6.1,4.2,6.3,6.1,5.1,4.3,5.0,4.0,3.6,5.5,7.2,4.4,5.6,5.2,6.4,6.3,5.5,5.2,6.3,5.1,6.7,3.5,,6.0,6.2,6.2,5.7,5.2,6.3,7.1,6.3,7.3,6.0,5.4,3.2,,4.8,3.0,5.1,5.3,5.9,5.1,5.3,6.5,5.3,4.7,4.5,3.8,,5.2,6.5,6.5,6.7,4.8,6.5,4.9,,9.9,5.3,6.5,4.4,5.5,6.4,6.1,4.2,6.4,5.0,6.4,5.8,6.3,4.7,3.1,4.9,6.7,5.9,5.4,5.5,5.6,6.0,4.8,
2026-07-25 20:00:00,4.6,4.4,7.8,4.2,4.4,4.9,5.3,5.0,4.3,4.6,4.8,6.9,5.9,5.6,3.1,5.0,4.4,3.7,5.9,4.5,6.2,6.3,5.5,3.8,5.4,4.0,3.8,5.4,7.7,4.2,5.4,5.1,6.5,6.6,5.2,5.2,6.3,5.1,7.2,3.4,,6.1,6.5,6.4,5.6,5.7,6.3,7.5,6.5,6.8,5.8,5.3,3.3,6.0,4.4,3.2,4.5,4.8,6.0,5.0,5.0,7.0,4.8,4.9,4.9,4.0,,5.5,6.6,6.5,6.5,4.7,6.3,5.1,3.7,7.0,5.3,6.3,4.2,5.9,6.3,6.3,4.1,6.8,4.6,5.1,6.3,6.3,4.5,3.1,4.7,6.7,6.2,5.3,5.3,4.9,5.9,5.2,4.8
2026-07-25 21:00:00,4.6,5.3,7.7,4.5,4.9,5.7,5.4,6.0,4.5,4.7,5.4,7.6,6.4,6.1,4.1,5.7,5.0,5.1,6.0,6.1,6.5,7.3,7.3,4.9,5.6,,5.8,6.2,8.6,5.2,6.1,5.9,8.1,7.2,7.0,6.7,10.5,5.5,9.6,3.9,9.8,7.3,6.8,6.6,5.9,6.1,7.6,7.8,6.7,6.6,6.6,5.9,4.1,7.0,5.1,3.9,5.2,5.2,6.3,5.3,6.0,7.8,5.2,5.7,5.0,4.9,,6.3,8.3,6.9,6.8,5.3,6.0,6.3,4.1,6.6,5.8,6.2,5.1,6.8,7.0,7.5,4.8,9.1,5.4,6.6,,6.6,5.2,3.8,5.3,7.8,6.5,5.7,6.4,5.7,6.5,6.1,5.7
2026-07-25 22:00:00,5.3,6.1,7.2,5.2,6.0,6.7,5.7,6.5,6.0,5.6,6.3,8.2,7.0,6.4,4.5,6.6,5.8,6.0,7.4,6.2,7.0,8.1,8.7,6.6,6.5,6.1,7.7,6.7,8.8,6.3,15.6,12.9,8.3,7.6,8.5,7.9,32.7,6.4,7.7,4.3,11.6,7.9,7.7,7.5,6.8,7.4,8.1,8.5,7.1,6.8,7.4,7.4,4.2,7.7,5.6,4.5,8.3,5.7,6.8,6.2,6.6,14.2,6.4,7.3,6.2,6.4,,8.1,8.5,7.2,8.5,5.6,6.7,6.7,5.5,7.9,6.8,6.7,6.4,8.0,7.5,16.6,5.1,13.0,5.8,5.9,8.5,6.8,6.4,4.6,6.4,8.3,6.9,6.2,6.8,6.0,7.1,7.2,6.8
2026-07-25 23:00:00,5.7,6.5,8.7,5.8,8.0,8.6,6.8,6.9,6.8,6.0,6.9,9.8,8.1,7.5,4.9,7.3,6.4,7.1,9.4,7.0,7.8,9.2,9.3,6.6,7.5,7.3,7.2,7.2,9.3,7.2,6.6,10.6,8.9,8.7,8.2,8.2,8.1,8.0,8.0,4.9,12.2,8.5,9.1,9.0,8.3,7.8,8.7,9.6,7.6,7.3,8.2,11.4,5.5,8.5,6.1,4.1,8.5,8.9,7.8,6.8,7.1,11.6,6.1,8.2,6.6,7.2,,8.8,9.6,8.2,9.4,6.3,7.9,6.9,6.5,8.5,7.5,7.4,6.8,7.8,8.2,7.5,5.6,14.5,6.1,6.3,7.8,7.5,7.0,4.8,7.6,9.5,7.7,7.5,7.4,6.2,7.7,8.2,7.2
2026-07-26 00:00:00,5.9,6.2,9.3,6.5,8.0,10.0,7.3,7.6,6.9,6.3,6.9,10.5,8.6,8.6,5.3,7.7,7.2,7.6,10.1,7.5,8.4,10.4,10.0,6.8,7.7,7.7,6.9,7.6,10.4,8.4,7.3,7.4,10.2,9.9,11.1,8.9,8.1,10.0,9.0,6.1,12.5,9.8,10.0,9.8,10.5,9.6,10.0,11.0,8.2,7.7,9.0,9.6,8.6,9.0,6.8,4.6,7.9,8.2,8.4,7.5,8.3,12.0,6.8,7.9,7.0,8.2,,8.3,10.4,8.4,8.9,7.0,9.8,8.1,8.9,12.0,8.4,8.9,7.4,9.1,9.3,8.1,6.4,15.0,6.7,6.6,8.1,8.3,7.5,6.4,7.2,10.8,8.5,8.0,8.2,6.8,8.9,8.9,7.3
2026-07-26 01:00:00,6.5,6.7,9.5,6.9,8.8,10.4,7.9,8.1,7.6,6.8,7.3,11.2,9.1,9.2,6.0,9.1,8.9,8.7,9.4,8.5,8.8,10.6,10.4,8.1,8.1,7.9,7.1,8.0,11.0,9.7,8.1,8.0,10.6,10.4,13.0,9.3,8.4,10.7,9.4,7.7,12.2,11.7,10.5,11.3,11.7,11.5,11.8,11.5,8.9,8.3,10.7,10.2,8.6,10.3,7.3,4.9,7.9,8.0,8.9,8.1,9.8,13.3,7.2,7.6,7.1,7.5,,8.6,10.7,8.7,9.1,7.7,10.1,8.7,7.4,11.0,9.4,9.3,8.6,9.2,9.9,8.3,6.8,20.1,7.2,7.1,8.3,9.5,9.6,8.1,8.5,10.7,8.8,8.4,8.4,7.3,9.0,9.1,7.2
2026-07-26 02:00:00,6.7,7.2,9.2,6.8,8.1,10.4,8.0,8.1,7.5,7.2,7.6,12.2,9.4,9.3,5.8,9.1,9.0,8.1,9.4,7.4,9.2,10.3,10.6,8.6,8.2,7.9,7.3,8.8,10.1,9.9,7.5,8.1,11.2,10.4,13.0,9.1,8.4,10.5,8.8,8.3,12.3,12.2,10.9,12.5,11.3,11.8,13.1,11.6,8.7,8.5,12.3,10.7,8.7,10.2,8.1,4.8,8.2,8.9,8.6,8.0,9.7,13.9,7.5,8.1,7.6,7.2,,9.0,11.3,8.9,9.8,8.7,10.0,8.9,7.3,11.3,9.1,9.1,8.8,9.0,10.4,7.9,6.5,13.0,7.0,7.8,8.0,9.6,9.0,8.1,8.7,11.0,8.7,8.3,8.6,7.4,9.3,8.7,7.7
2026-07-26 03:00:00,6.6,7.2,8.7,6.7,7.3,8.7,8.4,7.5,7.7,7.5,7.5,10.1,8.6,7.8,5.5,8.6,8.3,7.6,9.2,7.2,8.5,9.6,10.1,8.0,7.5,7.6,7.2,9.5,9.0,8.9,7.1,7.2,10.7,10.3,10.7,8.1,8.4,9.8,8.3,6.5,12.7,11.0,9.7,12.2,10.5,11.8,12.0,11.2,7.6,7.6,11.1,7.8,8.5,9.6,8.1,4.6,7.1,7.6,8.1,7.5,8.9,8.5,7.4,8.4,7.8,6.8,,8.7,10.7,8.4,10.3,8.4,9.6,8.2,7.0,12.3,8.5,8.8,8.1,8.6,9.8,7.6,6.5,9.3,6.9,8.5,7.8,8.7,8.5,7.7,8.1,10.6,8.2,7.8,7.9,7.6,9.0,7.7,7.6
2026-07-26 04:00:00,6.5,7.0,7.7,6.3,6.8,7.5,8.2,7.0,7.4,7.3,7.3,9.3,8.3,7.4,4.9,7.8,7.7,7.2,8.7,7.0,8.0,8.5,9.1,7.6,7.1,7.2,6.9,9.2,8.5,8.1,6.7,6.8,10.1,9.3,9.6,7.7,7.8,9.1,7.7,6.6,11.9,9.7,9.1,10.7,9.8,11.0,10.3,10.1,7.3,7.3,9.7,7.0,8.2,8.8,6.7,3.9,6.4,6.8,7.7,7.5,8.0,7.7,6.7,8.0,7.7,6.5,,8.6,9.7,7.8,10.0,7.8,8.9,8.1,6.8,12.3,7.7,8.2,7.5,8.1,9.0,7.1,6.0,8.7,6.5,8.1,7.4,8.2,7.9,7.0,7.6,9.9,7.7,7.4,7.3,6.6,8.3,7.2,7.6
2026-07-26 05:00:00,6.2,6.8,7.5,6.0,6.5,7.3,8.2,6.8,7.0,7.1,7.0,8.8,7.8,6.9,4.5,7.4,7.9,6.8,8.5,6.9,7.5,8.0,9.1,6.9,6.7,6.8,6.7,8.7,8.9,7.9,6.7,6.4,9.5,8.8,9.2,7.7,7.6,8.9,7.8,7.3,11.6,9.5,8.5,10.3,9.7,11.0,10.1,9.8,8.1,8.0,9.4,7.7,7.9,8.7,6.2,3.9,6.7,7.2,7.4,7.4,8.0,7.3,6.2,7.5,7.5,6.2,,8.2,9.2,7.6,9.5,7.5,8.8,8.3,6.7,11.3,7.4,7.7,7.1,7.9,8.5,7.1,5.5,8.2,6.1,8.3,7.2,8.3,7.4,6.9,7.0,9.3,7.5,7.1,7.0,6.1,8.0,6.9,7.3
2026-07-26 06:00:00,5.6,6.5,7.3,5.6,6.0,7.0,8.3,6.4,6.4,6.5,6.5,8.4,7.9,7.3,4.2,7.6,7.9,6.7,8.4,6.6,7.5,7.5,9.2,6.8,6.7,6.8,6.3,8.5,9.0,8.0,6.8,6.4,8.9,8.4,9.3,7.6,7.4,8.7,8.6,7.9,10.9,10.1,8.4,10.7,9.5,10.5,10.3,9.4,8.3,8.2,9.6,8.7,7.1,8.9,5.7,3.7,,7.6,7.7,7.5,8.8,7.3,5.8,6.8,6.9,5.5,,7.4,8.6,7.4,9.1,7.7,8.6,8.3,6.5,10.2,7.5,7.9,7.2,7.4,7.9,6.9,4.9,8.1,5.7,7.7,7.2,9.1,7.4,6.7,7.1,8.7,7.7,7.3,6.6,5.7,7.5,6.9,6.9
2026-07-26 07:00:00,4.9,5.6,7.1,5.5,5.3,6.9,7.5,6.4,6.3,5.5,6.0,8.2,8.0,7.6,3.8,7.3,7.0,6.2,7.3,5.7,7.5,7.7,7.9,6.6,6.8,6.4,5.4,8.1,9.8,6.9,7.2,6.6,8.3,8.6,8.1,7.5,7.7,7.7,8.9,7.4,9.4,9.0,8.4,9.5,8.1,9.0,9.5,9.2,8.1,7.9,9.2,8.6,5.5,8.0,5.5,3.9,6.8,7.3,7.5,7.1,7.5,7.2,5.7,6.3,6.3,4.7,,7.3,8.4,7.5,8.6,7.1,7.6,7.0,5.6,9.4,6.9,7.9,6.8,7.0,8.0,7.2,5.0,7.9,5.6,7.1,7.5,8.8,6.6,5.1,6.8,8.4,7.6,6.7,6.5,5.6,7.4,6.5,6.2
2026-07-26 08:00:00,4.7,5.4,6.7,5.5,4.8,5.9,6.1,6.4,5.7,5.0,5.7,7.6,7.0,6.8,3.8,6.5,6.2,5.4,6.9,5.5,6.9,7.3,7.1,6.1,6.1,5.2,5.3,7.0,8.7,6.1,6.7,6.6,8.0,8.3,7.1,7.0,7.6,7.3,7.5,5.7,9.3,7.3,7.6,7.7,7.6,7.9,8.0,8.9,7.1,6.9,7.8,7.2,5.1,7.2,5.3,3.4,6.3,6.7,6.8,6.5,6.7,6.7,5.7,6.1,6.2,4.2,,7.1,8.0,7.2,7.3,6.2,6.9,6.0,5.5,8.7,6.4,7.1,6.2,6.8,7.7,6.9,4.7,7.1,5.6,7.3,7.2,7.5,5.6,4.3,6.4,8.2,7.1,6.0,6.3,5.5,7.1,6.0,6.0
2026-07-26 09:00:00,4.8,5.3,6.0,5.1,5.0,4.9,5.5,6.0,5.1,5.1,6.0,7.0,6.3,6.3,4.1,6.2,5.3,5.1,6.4,5.7,6.3,6.7,6.4,5.6,5.4,4.6,5.2,6.2,7.3,5.7,6.1,6.0,7.2,7.3,6.5,6.2,7.0,6.7,6.6,4.5,9.0,6.5,6.8,6.8,7.1,6.8,7.2,8.1,6.5,6.3,6.8,5.9,4.3,6.7,4.6,3.2,5.3,5.6,6.1,5.7,6.2,6.2,5.5,6.3,6.1,4.3,,6.8,7.5,6.8,6.7,5.5,6.5,5.5,5.0,7.6,6.1,6.8,5.7,6.3,7.2,6.6,4.2,6.6,4.9,5.7,6.6,6.8,5.3,3.4,5.9,7.5,6.5,5.5,5.6,5.0,6.4,5.1,6.1
2026-07-26 10:00:00,4.3,4.6,5.7,4.7,4.9,4.5,4.8,5.8,4.5,4.9,5.7,6.7,5.8,6.1,3.7,5.3,4.6,4.3,5.2,4.9,6.1,6.3,5.7,4.4,4.8,3.9,4.0,5.7,6.8,4.5,5.8,5.6,6.8,6.9,5.3,5.7,6.6,5.3,6.2,3.8,7.8,5.4,6.1,6.0,5.7,5.4,6.4,7.5,6.1,5.8,5.8,5.4,3.2,5.8,4.2,3.1,5.0,5.4,5.5,4.9,5.3,6.0,5.6,5.8,5.4,4.2,,6.4,7.1,6.4,6.3,4.7,5.3,4.5,3.8,6.6,4.9,5.9,4.5,6.0,6.7,6.3,4.0,6.5,4.4,5.4,6.3,6.4,4.3,2.8,4.7,7.1,6.2,4.8,5.1,4.7,6.0,4.4,5.2
2026-07-26 11:00:00,3.7,3.7,5.6,4.5,4.6,4.4,4.8,5.6,4.5,3.9,5.3,6.8,5.6,6.0,3.3,4.9,4.4,3.9,4.6,4.0,6.1,6.2,5.4,4.2,4.9,3.6,3.3,5.6,6.7,4.1,5.9,5.5,6.5,6.8,4.8,5.6,6.6,5.0,6.1,3.7,6.9,5.0,6.1,5.9,4.9,4.7,6.2,7.6,6.0,5.7,5.7,5.2,2.8,5.5,4.2,2.8,4.9,5.3,5.5,4.7,4.9,5.7,5.1,4.6,4.3,4.0,,5.0,7.0,6.4,6.2,4.6,4.9,4.3,3.2,,4.4,5.7,4.4,6.0,6.5,6.0,3.8,6.4,4.5,5.1,6.3,6.5,4.1,2.7,4.6,7.0,6.0,4.9,4.8,4.7,6.0,4.4,4.1
2026-07-26 12:00:00,3.2,3.6,5.5,4.4,3.7,4.1,4.5,5.5,4.3,3.7,4.4,6.6,5.2,5.8,3.4,4.8,4.0,3.8,4.5,3.8,,6.0,,4.0,4.5,3.5,3.2,5.1,6.7,3.9,5.4,5.2,6.5,6.6,4.7,5.0,6.3,4.7,5.9,3.4,6.7,4.9,5.8,5.6,4.7,4.5,5.9,7.4,5.4,5.6,5.4,5.3,2.7,5.3,4.2,2.7,4.8,5.1,5.2,4.3,4.7,5.4,4.8,4.1,4.0,3.5,,4.4,6.8,,5.9,4.2,4.9,4.0,2.9,,4.2,5.8,4.2,5.9,6.6,5.7,3.7,,4.5,4.8,6.0,6.1,4.2,2.7,4.5,7.0,5.5,4.6,4.8,4.7,5.7,4.0,3.8
2026-07-26 13:00:00,2.9,3.1,5.5,4.0,3.1,3.8,5.6,5.0,4.0,3.4,3.9,6.3,4.8,5.2,3.0,4.2,4.0,3.4,4.1,3.5,5.3,5.5,4.7,3.6,4.0,3.1,2.7,4.5,6.2,3.5,4.7,4.7,6.1,6.1,4.2,4.4,5.8,3.9,5.7,2.9,6.3,4.3,5.4,5.0,4.2,3.9,5.3,6.8,5.1,5.0,4.7,4.7,2.4,4.6,3.9,2.5,4.1,4.5,4.9,4.0,4.1,5.3,4.3,3.7,3.5,3.0,,3.8,6.4,5.8,5.4,3.9,4.5,3.6,2.6,,3.7,5.5,3.6,5.2,6.3,5.2,3.5,5.7,4.2,4.2,5.2,5.7,3.9,2.5,4.1,6.6,5.0,4.3,4.6,4.3,5.2,3.7,3.3
2026-07-26 14:00:00,2.8,3.2,5.5,3.8,2.8,3.9,4.6,4.5,3.6,3.2,3.6,6.0,4.7,4.7,2.8,3.9,3.5,3.4,3.9,3.1,5.1,5.2,4.4,3.2,4.1,2.9,2.5,4.3,6.3,3.3,4.4,4.3,5.8,5.8,4.5,4.3,5.4,3.9,5.5,2.8,6.0,4.4,5.3,5.3,4.1,3.7,5.2,6.6,4.8,4.8,4.5,4.5,2.4,5.0,3.7,2.4,3.8,4.3,5.0,4.1,4.5,5.1,4.2,3.5,3.2,2.9,,3.7,6.1,5.4,5.3,4.1,4.6,3.6,2.3,,3.7,4.9,3.6,4.9,6.1,5.0,3.3,5.9,4.0,4.6,4.8,5.5,3.7,2.5,3.8,6.5,4.8,4.2,4.4,4.1,4.9,3.6,3.1
2026-07-26 15:00:00,3.0,3.3,6.3,4.0,3.1,4.2,4.6,4.7,3.9,3.4,3.7,6.4,5.0,4.9,2.9,4.2,3.4,3.3,4.2,3.3,5.4,5.7,4.3,3.5,4.5,3.1,2.6,4.6,6.6,3.5,4.8,4.6,6.2,5.9,4.3,4.6,5.8,3.9,5.8,3.0,6.1,4.4,5.5,5.2,4.4,3.9,5.4,6.8,5.1,5.3,4.6,4.7,2.5,4.7,4.0,2.5,3.9,4.6,5.2,4.6,4.6,5.2,5.3,3.7,3.4,3.0,,3.8,6.4,5.8,5.7,3.9,4.9,3.9,2.3,,3.9,4.9,3.9,5.0,6.3,5.4,3.6,6.2,4.3,4.8,5.2,5.8,4.0,2.6,4.0,6.7,4.9,4.5,4.7,4.4,5.2,4.0,3.2
2026-07-26 16:00:00,2.9,3.3,6.1,4.0,3.0,4.1,4.6,4.8,4.1,3.4,3.6,6.4,5.1,5.1,3.1,4.1,3.3,3.4,4.5,3.4,5.4,5.7,4.2,3.5,4.9,3.4,2.6,4.5,6.8,3.6,5.0,4.9,6.1,5.9,13.2,4.6,5.9,4.2,6.1,3.0,6.0,4.4,5.5,5.2,4.3,3.8,5.6,6.8,5.2,5.6,4.8,4.9,2.5,4.9,4.2,2.6,4.0,4.8,5.2,4.5,4.7,5.1,5.7,3.5,3.4,3.0,,3.9,6.3,6.0,5.7,3.9,4.9,3.8,2.3,,4.1,4.8,3.9,5.0,6.3,5.6,3.7,6.1,4.5,4.7,5.3,5.7,4.3,2.6,4.3,6.5,4.8,4.4,5.1,4.6,5.3,4.0,2.9
2026-07-26 17:00:00,3.3,3.3,6.5,4.1,3.1,4.6,5.0,5.1,4.1,3.5,3.8,6.6,5.5,5.3,3.0,4.3,3.7,3.5,4.6,3.4,5.9,6.1,4.4,3.7,4.9,3.3,2.9,4.9,6.9,3.7,5.2,5.0,6.4,6.4,4.6,5.0,6.2,4.3,6.4,3.3,6.4,4.9,5.8,5.7,4.6,4.3,5.9,7.0,5.8,5.9,5.2,5.1,2.8,5.1,4.3,2.9,4.2,4.9,5.6,4.7,4.9,6.1,4.9,3.9,4.0,3.0,,4.6,6.6,6.1,5.9,4.3,5.2,4.3,2.4,,4.2,5.4,3.8,5.6,6.5,5.9,3.9,6.2,4.5,4.7,5.7,6.0,4.3,2.8,4.2,6.9,5.4,4.8,5.4,4.6,5.6,4.5,3.4
2026-07-26 18:00:00,3.7,3.9,7.3,4.4,3.6,4.7,5.1,5.5,4.4,3.8,4.1,7.0,5.5,5.8,3.3,4.7,3.9,3.8,5.0,3.7,5.9,6.3,4.6,4.1,5.0,3.7,3.1,5.2,7.4,3.8,5.6,5.4,6.7,6.6,4.7,5.2,6.3,4.6,6.6,3.4,6.6,5.4,5.9,5.8,4.8,4.5,6.1,7.4,5.9,5.9,5.6,5.6,3.0,5.5,4.6,3.2,4.7,5.2,5.8,4.9,5.2,6.2,4.9,4.2,4.2,3.4,,4.7,6.9,6.3,6.1,4.3,5.3,4.6,2.7,,4.4,5.9,4.1,5.7,6.7,6.4,4.2,6.4,4.8,4.5,6.1,6.2,4.6,3.0,4.6,7.1,5.5,5.1,5.7,5.0,6.0,4.8,3.8
2026-07-26 19:00:00,4.8,4.0,6.3,4.7,3.8,5.1,5.7,5.9,4.6,4.2,4.3,7.3,6.0,5.9,3.5,4.6,4.6,3.7,5.2,4.0,6.4,6.5,5.5,3.9,5.4,3.9,3.4,5.6,7.7,4.1,5.8,5.7,6.9,6.8,4.6,5.6,6.6,4.7,7.1,3.9,6.9,5.8,6.3,6.3,5.0,5.1,6.4,7.6,6.2,6.3,5.9,6.1,3.3,6.1,4.9,3.1,4.9,5.5,6.2,5.4,5.4,6.1,5.2,4.7,4.5,3.7,,5.3,7.0,6.6,6.4,4.8,5.6,5.0,3.0,,4.7,6.3,4.2,,7.0,6.5,4.4,6.9,5.3,5.0,6.2,6.5,4.8,3.1,4.7,7.4,6.1,5.3,6.0,5.2,6.3,5.1,4.2
2026-07-26 20:00:00,4.2,4.3,6.1,5.1,4.3,5.3,5.8,6.1,4.8,4.5,4.8,7.5,6.1,6.3,3.6,5.4,5.1,4.2,5.8,4.3,6.5,6.6,5.9,4.5,5.4,4.2,3.7,6.1,7.9,4.5,6.1,6.2,7.1,7.0,14.2,5.8,6.6,5.1,7.1,3.9,7.4,5.9,6.5,6.7,5.4,5.5,6.9,7.7,6.4,,6.2,6.3,3.4,6.1,4.9,3.3,5.3,5.9,6.3,5.5,5.4,6.2,5.3,5.2,5.1,4.0,,5.8,7.4,6.8,6.6,5.1,5.6,5.2,3.6,,5.1,6.5,4.5,6.4,7.2,6.7,4.4,7.0,5.4,5.4,6.3,6.7,5.1,3.7,5.0,7.5,6.2,5.6,6.0,5.4,6.6,5.1,5.3
2026-07-26 21:00:00,4.4,4.4,6.6,5.2,5.0,5.8,5.9,6.2,5.0,4.6,5.2,7.8,6.5,6.5,3.8,5.5,5.4,5.1,5.8,4.5,6.6,6.9,5.8,4.8,5.9,4.5,3.8,6.1,7.8,4.6,6.3,6.2,7.6,7.3,10.9,6.4,6.7,5.3,7.6,4.0,7.6,6.1,6.8,6.7,5.7,5.7,6.9,8.0,6.4,6.3,6.2,6.5,3.3,5.9,5.2,3.5,5.4,6.0,6.4,5.6,5.4,6.6,5.9,5.4,5.1,4.9,,5.8,8.1,7.0,6.7,5.1,5.8,5.4,3.8,,5.3,6.4,4.6,6.8,7.4,6.9,4.7,7.4,5.5,5.4,,6.8,5.3,3.3,5.1,7.7,6.5,5.9,6.2,5.5,6.7,5.6,5.4
2026-07-26 22:00:00,4.7,4.8,8.1,5.7,5.3,6.2,6.3,6.5,5.2,5.1,5.6,7.6,6.8,7.2,4.1,6.0,5.6,4.8,6.3,5.1,7.0,7.3,6.3,5.3,6.1,4.5,4.3,6.5,8.1,5.2,6.7,6.5,7.9,7.8,6.0,6.6,7.3,6.0,7.2,4.5,7.9,6.5,7.4,7.2,6.3,6.0,7.3,8.9,7.0,7.2,6.5,6.6,3.8,6.4,5.6,3.6,6.0,6.2,6.9,6.2,5.8,7.1,6.5,5.8,5.5,5.1,,6.5,8.2,7.4,7.2,5.7,6.3,6.0,4.3,,5.9,6.9,5.7,7.1,7.7,7.3,5.1,8.6,6.1,6.8,7.4,7.4,5.5,3.7,5.7,8.4,6.9,6.4,6.5,6.0,7.1,5.9,5.1
2026-07-26 23:00:00,5.2,5.8,7.9,6.1,5.5,7.3,6.7,6.8,5.8,5.8,6.0,8.7,7.5,7.2,5.4,6.6,6.1,6.0,6.4,5.5,7.6,7.8,7.0,6.2,6.5,5.0,4.8,7.1,8.7,5.9,7.3,7.1,8.9,8.8,6.7,7.1,7.9,6.4,7.7,5.1,8.7,7.3,8.4,7.8,6.8,6.6,7.9,9.9,7.5,7.5,7.3,7.0,4.1,7.0,6.1,3.9,6.3,6.6,7.3,6.7,6.4,6.6,6.5,6.2,6.4,4.9,,6.6,9.0,7.9,7.5,6.2,6.7,6.4,4.5,,6.2,7.2,6.0,7.6,8.4,7.8,5.7,7.9,6.5,7.2,7.7,8.0,6.1,4.2,6.3,9.0,7.4,6.9,7.0,6.3,8.0,6.5,5.7
2026-07-27 00:00:00,5.6,6.2,7.8,6.4,5.9,7.6,7.1,7.3,6.1,6.3,6.4,9.1,8.0,7.7,5.2,7.0,6.5,6.0,6.9,6.1,8.0,8.4,7.4,6.4,6.9,5.7,5.3,7.5,8.9,6.5,7.6,7.5,11.6,9.5,7.2,7.7,8.1,7.0,8.1,5.8,9.6,7.8,9.1,8.1,,7.1,8.2,10.3,7.6,7.8,,7.7,5.0,7.4,6.8,4.0,6.9,6.8,7.7,7.1,6.9,6.9,7.2,6.4,6.4,5.4,,6.8,11.6,8.3,8.1,6.4,7.2,7.0,5.1,8.9,6.6,7.7,6.6,10.2,10.4,7.9,6.4,8.3,7.1,6.8,7.9,8.5,6.5,4.7,6.7,11.7,7.7,7.2,8.1,6.9,9.7,6.7,6.2
2026-07-27 01:00:00,5.9,6.2,7.9,6.7,6.2,8.1,7.3,8.5,6.4,6.5,6.7,9.4,8.3,8.9,5.3,7.1,6.7,6.3,7.3,6.4,8.3,8.7,7.4,6.7,7.1,6.0,5.6,7.5,9.4,6.8,7.8,7.6,11.0,9.7,7.5,8.0,8.5,7.5,8.9,6.2,9.8,8.0,9.4,8.4,8.1,7.9,8.4,10.6,7.8,8.1,8.1,8.0,5.4,7.7,7.4,4.4,7.3,7.2,8.1,7.3,7.1,7.2,8.4,6.8,6.7,5.8,,7.3,11.2,8.5,8.0,6.7,7.4,7.3,5.6,9.2,6.9,8.0,6.8,9.3,10.8,8.0,6.6,8.5,7.6,6.7,8.0,8.8,6.8,5.2,7.1,10.8,8.1,,8.6,7.9,9.8,6.8,6.4
2026-07-27 02:00:00,6.2,6.4,8.3,7.0,6.4,8.4,7.4,8.1,6.7,6.7,7.1,9.5,8.9,8.6,5.7,7.2,6.9,6.7,7.6,6.5,8.6,8.8,7.7,6.9,7.3,6.4,5.8,7.6,9.8,7.3,8.1,7.9,10.5,10.1,7.8,8.2,9.0,7.6,8.9,6.7,9.9,7.9,10.0,8.6,8.2,8.2,8.6,11.3,7.8,8.0,8.2,8.2,5.4,7.7,7.1,4.5,7.1,7.3,8.2,7.4,7.2,7.5,7.9,7.1,6.9,6.1,,7.6,10.2,8.7,8.4,6.9,7.8,7.2,5.6,10.0,7.1,8.2,6.8,8.4,9.8,8.3,6.5,8.8,7.3,7.0,8.4,9.3,7.1,5.4,7.1,10.3,8.2,7.6,8.0,7.6,9.0,7.1,6.6
2026-07-27 03:00:00,6.2,6.4,8.4,7.5,6.5,8.5,7.3,8.3,7.5,6.8,7.1,9.6,8.6,9.2,6.3,7.3,6.7,6.6,7.5,6.5,8.6,8.9,7.6,7.2,7.1,6.7,5.8,7.8,9.9,7.3,8.5,8.3,10.2,10.2,7.8,8.3,9.0,7.5,9.2,6.8,9.7,8.0,9.8,8.7,8.1,8.1,8.7,11.5,8.0,8.0,8.2,8.6,5.3,7.8,7.4,4.6,7.6,8.2,8.0,7.3,7.3,7.7,8.4,7.0,6.9,6.2,,7.5,10.2,8.7,8.4,6.8,7.6,7.1,5.5,11.3,7.1,8.0,6.9,8.2,9.7,8.7,6.8,9.8,7.7,7.0,8.7,9.3,7.3,5.2,7.3,10.0,8.1,7.5,8.3,7.9,8.9,6.9,6.5
2026-07-27 04:00:00,6.1,7.0,9.3,8.1,6.5,9.7,7.6,9.3,7.9,6.7,7.0,11.1,9.1,10.1,6.7,8.6,7.1,7.5,8.5,7.3,9.3,10.1,8.2,8.1,7.2,7.4,5.7,9.0,12.5,8.3,10.2,9.7,12.1,11.9,9.0,8.9,10.8,9.0,10.7,7.5,10.8,9.3,10.7,10.0,9.4,7.8,10.5,13.1,9.5,9.2,10.0,10.1,5.3,8.8,8.3,5.7,8.5,9.4,8.3,7.6,8.5,7.9,8.9,6.9,6.9,6.3,,7.3,11.5,9.6,9.4,7.5,8.5,7.1,5.8,12.9,8.3,7.9,8.1,9.3,11.1,10.2,7.7,10.2,8.5,8.9,10.4,10.3,8.2,5.2,8.6,11.6,8.5,7.4,9.2,8.4,10.4,7.0,6.6
2026-07-27 05:00:00,6.4,7.4,9.4,8.1,6.9,10.3,7.8,9.2,8.1,7.2,7.3,11.2,9.8,10.1,6.7,8.9,7.7,7.8,8.8,7.7,10.1,10.2,8.6,8.3,7.4,7.4,6.0,9.2,12.9,8.5,10.5,9.8,12.2,12.1,9.3,9.6,11.2,9.6,11.2,8.7,11.3,9.8,11.9,10.8,10.1,8.4,11.2,13.6,9.7,9.6,10.6,10.3,5.3,9.2,8.4,6.0,8.8,9.4,9.0,7.9,8.6,8.3,8.6,7.1,6.9,6.7,,7.6,11.8,10.2,10.0,8.0,9.0,7.3,6.1,12.7,8.5,8.2,8.3,9.4,11.0,10.2,7.7,10.4,8.6,9.1,10.8,11.1,8.5,5.8,8.5,11.8,9.2,8.0,9.2,8.7,10.5,7.3,6.8
2026-07-27 06:00:00,6.8,7.7,10.0,9.1,7.3,11.1,8.3,9.2,8.0,7.5,7.8,11.4,10.9,10.2,7.0,8.7,8.1,7.7,8.8,7.6,10.5,10.6,9.0,8.6,8.0,7.5,6.6,9.3,12.9,8.7,10.5,10.0,12.7,13.6,9.4,10.3,10.9,9.5,11.2,9.2,12.3,10.1,12.8,11.6,9.9,9.0,11.6,14.2,9.8,9.4,10.5,10.6,5.5,9.2,8.4,5.9,9.1,9.2,9.7,8.6,8.6,8.8,8.7,7.4,7.4,7.0,,8.2,12.0,10.6,10.4,8.1,8.9,7.5,6.4,14.0,8.8,8.8,8.5,9.7,11.1,10.2,7.9,10.8,8.6,8.5,10.8,11.3,8.7,6.4,8.6,12.8,10.0,8.6,9.4,8.8,10.8,7.9,7.5
2026-07-27 07:00:00,7.3,7.7,9.9,8.1,7.5,11.1,8.6,8.9,8.1,7.8,8.2,11.3,10.8,10.0,7.1,8.7,8.1,8.1,9.2,7.9,10.7,10.5,9.1,8.4,8.3,7.9,6.9,9.5,12.6,8.9,10.1,9.7,12.4,12.4,9.5,10.4,10.8,9.7,10.9,9.2,12.7,10.0,13.0,11.8,10.3,9.5,12.0,14.3,9.7,9.4,10.6,10.4,6.0,9.3,8.0,6.0,8.9,9.0,9.8,8.6,8.9,9.3,8.6,7.8,7.9,7.2,,9.1,11.7,10.5,10.6,8.1,9.2,8.1,6.5,13.4,8.7,9.5,8.3,9.9,11.0,9.8,7.5,10.8,8.2,8.2,10.3,11.2,8.5,6.4,8.5,12.1,9.8,8.7,8.9,8.4,10.9,8.3,7.7
2026-07-27 08:00:00,7.6,7.4,10.3,8.3,7.7,11.7,9.5,9.1,7.6,7.7,8.7,11.5,11.6,10.2,6.6,8.6,8.8,7.5,8.7,7.5,10.9,10.9,9.5,8.0,10.1,7.7,7.2,9.6,13.2,8.1,10.3,9.8,12.8,12.4,9.1,11.1,11.8,9.2,11.1,9.4,12.1,9.5,13.6,11.1,9.5,10.7,11.3,14.1,10.0,9.8,10.5,9.9,8.2,9.3,8.1,6.0,8.7,9.2,10.9,10.4,9.2,9.9,8.7,8.8,8.3,7.1,,10.0,12.5,10.7,10.4,8.5,8.6,9.5,6.9,12.4,8.4,11.1,8.0,10.7,11.8,10.5,7.6,11.6,8.5,8.2,10.9,12.2,8.0,7.8,8.4,12.5,11.4,10.3,9.5,8.5,11.3,10.7,8.2
2026-07-27 09:00:00,9.0,8.9,12.7,9.5,9.4,102.2,11.4,10.9,8.7,9.5,10.4,15.0,13.5,11.8,7.4,10.3,10.8,8.3,10.7,9.0,13.9,14.1,12.4,9.4,12.2,8.0,8.5,11.9,15.4,9.1,11.8,11.4,15.7,15.3,10.7,12.7,14.4,10.7,13.6,12.5,15.7,11.5,16.4,13.4,11.8,11.9,12.6,17.5,12.4,12.2,12.2,11.6,10.2,11.6,9.5,7.4,9.7,10.7,12.3,11.6,10.5,12.1,10.4,10.2,10.1,8.8,,11.5,16.3,13.8,13.4,10.7,11.5,10.6,8.4,14.9,9.2,12.6,9.3,12.9,14.8,12.8,9.0,14.6,9.8,10.3,12.7,16.3,9.2,9.6,9.7,15.8,13.2,11.5,11.1,11.3,13.0,10.9,9.8
2026-07-27 10:00:00,8.1,8.3,10.5,8.0,8.6,51.4,9.5,9.1,7.8,8.4,9.6,12.0,10.9,9.9,6.5,8.9,9.1,7.6,9.5,8.3,11.3,11.1,10.1,8.0,12.1,7.2,7.5,9.9,12.7,8.2,9.9,9.5,12.4,12.6,9.2,10.2,11.8,9.3,11.5,9.8,13.3,9.7,12.9,11.0,10.0,10.3,11.0,14.3,10.4,10.0,10.3,10.0,8.4,10.0,8.0,6.3,8.2,8.9,10.6,9.5,9.1,9.8,8.5,9.3,8.9,8.1,,10.4,12.8,11.4,11.0,8.8,9.7,9.4,7.4,12.3,8.5,11.1,8.3,10.6,11.6,10.7,7.4,12.2,8.5,8.8,10.5,12.6,7.9,7.9,8.6,12.6,11.1,9.8,8.9,8.8,10.6,9.1,8.6
2026-07-27 11:00:00,6.5,7.8,11.2,8.3,7.2,24.0,9.1,9.1,7.9,7.3,7.7,12.4,11.7,10.2,6.7,8.4,8.5,7.4,8.6,7.5,11.5,11.6,9.8,8.1,9.6,7.3,8.1,9.7,14.2,8.6,10.9,10.1,14.8,13.9,9.5,11.6,13.0,9.6,12.3,10.4,11.7,10.1,14.8,11.9,10.0,9.8,11.6,15.6,10.0,9.7,10.8,10.6,6.9,9.5,8.5,6.3,8.5,9.1,10.2,9.3,8.5,10.3,8.7,7.6,7.5,6.8,,8.3,13.1,11.0,10.6,8.7,9.1,8.7,6.7,12.5,8.2,9.9,8.0,11.0,12.3,10.7,7.7,12.6,8.9,8.4,11.6,12.8,7.9,7.0,8.5,13.3,10.8,9.4,9.2,9.1,12.6,8.6,7.3
2026-07-27 12:00:00,6.8,7.8,9.4,7.3,7.1,77.6,8.3,7.9,7.4,7.3,8.0,9.7,10.4,9.2,6.0,7.6,7.7,7.5,8.0,7.2,9.5,9.3,8.6,7.8,15.6,7.1,6.6,8.5,12.2,8.4,10.3,9.6,11.6,11.6,8.9,9.8,11.1,9.1,11.1,9.3,11.4,9.5,12.6,11.0,9.7,10.3,10.6,13.0,8.8,8.4,9.9,10.1,6.3,8.6,7.6,5.0,7.9,8.7,9.0,8.3,7.7,8.5,8.1,8.2,7.4,7.0,,8.6,10.1,9.3,9.3,7.6,8.3,7.9,6.5,11.7,7.6,9.0,7.5,8.4,9.2,8.9,6.9,9.6,7.7,7.9,9.8,10.3,7.9,6.4,8.1,10.3,9.3,8.1,7.8,9.0,10.0,7.5,7.5
2026-07-27 13:00:00,6.0,6.3,8.1,6.6,6.3,37.1,7.1,7.2,6.1,6.5,7.0,9.2,9.3,7.7,4.9,7.0,6.8,6.2,7.4,6.4,8.8,9.0,7.8,6.5,7.2,5.5,5.9,8.0,11.9,7.4,9.4,8.7,11.1,11.0,8.2,8.7,10.9,8.5,11.1,8.1,9.7,8.8,11.0,10.1,8.8,8.5,10.1,12.5,8.3,8.1,9.2,8.6,5.2,7.7,6.7,4.6,6.6,7.3,8.1,7.4,7.3,7.6,6.9,6.8,6.6,6.1,7.3,7.4,9.7,8.5,8.6,7.0,7.7,7.0,5.9,8.4,6.7,8.2,6.7,8.0,9.3,8.5,6.2,9.3,6.8,6.8,9.6,9.5,6.5,4.9,,9.9,8.5,7.2,7.4,7.9,9.6,6.9,6.8
2026-07-27 14:00:00,4.7,5.4,5.9,4.5,5.3,104.0,5.8,5.5,5.1,5.4,6.0,6.8,6.9,6.2,3.1,5.8,5.3,4.9,6.2,5.3,6.6,6.1,6.2,5.2,5.5,4.4,4.3,6.1,8.2,5.9,6.8,6.4,7.1,7.6,6.3,6.3,7.4,6.5,7.8,4.9,8.0,6.5,7.6,7.3,6.7,6.5,7.4,8.7,6.4,6.4,6.8,6.6,3.9,6.3,4.9,3.4,5.1,5.6,6.4,5.8,6.0,5.8,5.3,5.7,5.5,5.0,4.9,6.2,6.7,6.7,6.8,5.4,6.4,5.5,4.2,7.3,5.7,6.6,5.4,5.4,6.4,6.7,4.3,6.6,5.2,5.4,6.5,6.9,5.4,3.6,,6.7,6.6,5.8,5.5,6.1,6.3,5.2,5.4
2026-07-27 15:00:00,2.0,2.4,3.7,2.1,2.5,6.7,2.6,2.6,2.4,2.2,2.5,4.0,4.1,3.3,1.6,2.6,2.3,2.2,2.6,2.3,3.6,4.0,2.8,2.5,2.8,3.1,1.7,3.1,5.2,2.7,3.9,3.5,5.6,5.0,2.9,3.6,4.8,3.2,5.2,2.4,,3.8,4.8,4.7,3.2,3.3,4.2,6.1,3.5,3.3,3.6,3.5,1.5,3.2,2.3,1.4,2.6,2.8,3.3,2.8,2.6,3.4,2.7,2.7,2.2,2.1,2.5,2.9,4.3,3.2,3.5,2.3,2.6,2.4,1.6,4.7,2.4,2.9,2.3,3.3,3.9,3.6,2.1,4.3,2.5,2.3,3.8,4.3,2.5,1.7,3.1,4.4,3.4,2.6,2.6,4.1,4.6,2.3,2.2
2026-07-27 16:00:00,1.9,2.1,3.4,2.3,2.5,2.9,2.5,2.6,2.6,2.2,2.4,4.0,3.6,3.2,1.8,2.4,2.3,2.2,2.7,2.0,3.6,3.9,2.9,2.6,2.4,2.2,1.9,3.2,5.4,2.4,3.8,3.4,5.4,5.1,3.0,3.5,5.2,3.1,5.8,2.6,,3.7,4.6,5.2,3.5,3.1,4.3,6.3,3.7,,3.3,3.4,1.5,3.1,2.3,1.8,2.5,3.1,3.1,2.4,2.7,3.4,2.5,2.5,2.4,1.9,2.6,2.4,4.2,3.8,3.7,2.4,3.0,2.2,1.7,4.8,2.2,2.6,2.1,3.0,4.0,3.3,2.0,3.8,2.6,2.7,3.7,4.9,2.4,2.3,2.5,4.2,2.9,2.4,2.7,4.7,4.3,2.0,2.3
2026-07-27 17:00:00,1.7,1.8,2.2,1.3,1.9,2.3,1.5,1.8,1.8,2.0,2.4,2.0,1.9,2.2,1.0,1.8,1.3,1.5,2.2,1.6,2.1,2.0,1.8,1.7,1.5,1.5,1.7,2.3,3.8,1.9,2.7,2.7,2.5,2.5,2.2,1.7,3.1,2.9,3.7,1.2,,2.7,2.7,2.9,2.5,2.0,3.4,3.3,2.6,,2.6,2.5,0.9,2.6,1.6,1.0,1.6,2.0,1.8,1.6,2.1,1.8,1.7,1.9,1.9,1.5,1.5,1.8,2.1,2.1,2.5,1.5,2.4,1.4,1.3,4.8,1.7,1.7,1.6,1.4,2.1,2.8,1.4,1.7,3.8,1.7,2.5,2.7,1.9,1.0,1.9,2.0,1.7,1.5,1.8,2.4,2.2,1.3,1.8
2026-07-27 18:00:00,0.9,1.1,1.9,1.0,1.0,1.3,1.1,1.1,1.5,1.0,1.1,1.7,1.3,2.5,0.7,1.2,0.9,1.0,1.3,0.9,1.6,1.7,1.2,1.5,1.1,0.9,0.9,1.3,2.5,1.1,1.6,1.7,2.1,1.9,1.4,1.4,1.9,1.7,2.1,0.9,,1.5,2.1,2.0,1.3,1.2,2.1,2.1,1.8,,2.3,1.3,0.6,1.4,1.1,0.7,1.1,1.2,1.3,1.2,1.3,1.3,1.0,1.1,1.1,0.8,1.0,1.2,1.9,1.6,1.6,1.1,1.3,1.0,0.7,2.5,1.0,1.2,1.0,1.4,1.8,1.9,1.0,1.5,1.9,1.1,1.5,1.8,1.0,0.6,1.2,1.8,1.3,1.1,1.2,1.0,1.8,1.1,1.1
2026-07-27 19:00:00,1.1,2.0,2.3,1.4,1.1,1.5,1.4,1.5,1.3,1.2,1.2,2.2,1.8,3.0,0.9,,1.3,1.1,1.6,1.1,2.0,2.1,1.5,1.6,1.4,1.0,1.0,1.7,2.8,1.3,2.0,1.8,2.8,2.5,1.6,1.8,2.5,1.9,2.8,1.1,,2.0,2.6,2.3,1.6,1.5,2.5,3.0,2.2,,2.2,1.9,0.8,1.7,1.3,0.8,1.4,1.5,1.6,1.4,1.6,1.7,1.4,1.2,1.5,1.1,1.2,1.3,2.2,1.9,2.0,1.4,1.6,1.3,0.9,3.3,1.3,1.6,1.3,1.9,2.5,1.9,1.3,2.0,2.7,1.5,2.0,2.4,1.3,0.8,1.5,2.6,1.7,1.5,1.5,1.9,2.5,1.3,1.1
2026-07-27 20:00:00,1.2,1.3,2.9,1.3,1.4,1.6,1.7,1.6,1.1,1.3,1.4,2.5,2.3,2.9,0.9,1.4,1.4,1.1,1.7,1.5,2.3,2.2,1.7,1.3,1.7,1.0,1.1,1.9,3.1,1.6,2.7,2.8,3.0,2.9,2.0,2.4,2.8,2.3,3.2,1.4,,2.3,3.4,2.6,2.1,2.0,3.1,3.6,,,2.6,2.0,0.9,2.2,1.5,0.9,1.4,1.5,1.9,1.7,1.7,,1.4,1.4,1.7,1.2,1.2,1.6,2.7,2.4,2.2,1.5,1.8,1.6,1.0,2.8,1.4,2.2,1.3,1.9,2.2,2.1,1.6,2.2,2.9,1.6,2.1,2.7,1.2,1.0,1.6,2.5,2.1,1.8,1.5,1.5,3.2,1.7,1.4
2026-07-27 21:00:00,1.1,1.3,3.3,1.4,1.1,1.6,1.5,1.7,1.2,1.2,1.3,2.3,2.0,2.0,1.0,2.5,1.4,1.0,2.0,1.1,2.3,2.2,1.6,1.5,1.5,1.1,1.2,2.0,3.3,1.8,2.7,2.8,3.1,2.7,2.5,2.0,2.8,2.6,3.7,1.2,6.4,2.4,2.9,2.6,2.3,1.7,2.8,3.2,4.1,4.0,2.6,2.8,0.9,2.2,4.3,0.9,1.5,1.6,1.8,1.6,2.1,2.3,1.6,1.3,1.7,1.0,1.2,1.4,2.4,2.0,2.1,1.5,1.8,1.5,1.1,2.8,1.4,5.4,1.7,2.1,2.1,2.4,2.4,2.2,3.0,1.7,2.3,2.5,1.2,0.9,1.5,2.4,2.0,1.7,1.4,4.5,3.1,1.7,1.4
2026-07-27 22:00:00,1.5,1.9,2.9,1.9,1.7,1.9,1.9,2.0,1.5,1.6,1.9,2.8,2.7,2.3,1.2,2.1,1.8,2.3,2.6,1.9,2.9,2.8,2.1,2.4,1.8,1.4,1.5,2.4,3.9,2.1,2.7,2.5,3.5,3.2,2.4,2.8,3.2,2.7,3.9,1.6,5.9,2.8,4.0,3.1,2.5,2.2,3.1,4.3,3.2,3.5,2.8,2.5,1.0,2.2,1.7,1.2,2.2,4.8,2.2,1.9,2.1,3.1,2.1,1.6,1.8,1.5,1.6,1.7,3.1,2.6,2.4,2.0,2.1,1.7,1.2,3.6,1.9,4.5,1.7,2.8,2.5,2.7,1.6,2.8,1.9,1.9,2.6,3.2,1.7,1.1,2.9,3.3,2.5,1.9,1.8,7.3,3.1,1.8,1.5
2026-07-27 23:00:00,1.7,1.7,3.3,2.1,1.7,2.7,2.2,2.1,1.6,1.7,2.0,3.9,3.0,2.4,1.3,2.2,2.2,1.8,2.2,1.7,3.5,3.5,2.5,1.8,2.2,1.6,1.6,2.7,4.3,2.0,3.0,2.8,4.6,4.1,2.6,3.3,3.6,2.7,6.1,2.0,4.4,2.8,4.4,3.5,2.6,2.7,3.2,5.3,3.3,3.1,2.9,2.5,1.2,2.4,2.0,1.4,1.9,3.0,2.5,2.3,2.2,2.7,2.2,1.9,2.4,1.5,1.6,2.1,3.9,3.2,2.9,2.3,2.3,2.1,1.4,4.1,1.8,2.3,1.8,3.2,3.6,2.9,2.1,3.9,2.1,2.2,3.0,3.8,1.8,1.3,2.6,3.9,2.8,2.2,2.3,7.4,4.1,2.1,1.8
2026-07-28 00:00:00,1.8,1.9,3.3,2.3,1.9,2.6,2.6,2.8,1.7,1.8,2.2,4.2,3.6,2.7,1.5,2.7,2.3,1.7,2.4,2.0,3.6,4.0,2.8,2.0,2.5,2.0,1.7,2.9,5.0,2.6,3.5,3.2,5.4,4.6,2.8,3.8,4.0,3.0,4.0,2.2,4.9,3.1,4.8,3.9,2.9,3.1,3.6,5.7,3.3,3.4,3.5,3.5,1.4,2.9,2.3,1.7,2.2,3.3,2.9,2.6,2.5,3.5,2.4,2.2,2.4,1.7,1.9,2.2,4.6,3.4,3.6,2.5,2.6,2.3,1.6,12.8,2.3,2.7,2.5,3.7,4.3,3.5,2.1,3.9,2.8,2.6,3.5,4.1,1.9,1.4,3.3,4.2,3.2,2.8,2.8,6.3,5.1,2.4,2.0
2026-07-28 01:00:00,2.0,2.6,4.0,2.4,2.2,3.2,3.3,2.9,2.0,2.2,2.3,5.0,5.1,3.1,1.8,3.4,2.7,1.8,2.6,2.7,4.4,4.8,3.4,2.3,3.3,2.0,1.8,3.2,5.7,4.0,3.9,3.5,6.2,5.5,3.2,4.5,4.9,3.1,4.3,2.4,5.8,3.5,5.3,4.3,3.1,3.4,3.9,6.4,3.4,3.8,3.7,5.7,2.1,3.1,2.7,2.0,2.4,2.9,5.1,3.8,2.8,5.2,2.5,2.6,2.5,2.1,2.1,2.5,5.4,4.2,3.9,3.0,2.7,3.0,1.9,4.5,3.9,3.3,3.7,4.1,5.1,4.0,2.3,4.7,6.5,3.0,4.2,4.4,2.1,1.9,3.6,5.0,5.1,3.4,3.3,11.4,5.7,2.9,2.1
2026-07-28 02:00:00,2.2,2.4,4.2,3.1,2.5,3.4,4.0,3.3,2.3,2.2,2.4,5.3,5.7,,2.0,3.1,3.3,2.2,2.9,4.9,5.0,5.1,3.6,3.9,3.5,2.0,2.1,3.4,5.7,3.5,4.3,4.2,6.3,,3.3,5.1,4.9,3.2,4.6,2.8,5.3,3.5,6.0,4.7,3.6,4.3,4.3,6.7,4.1,3.8,4.3,3.9,2.3,3.2,3.0,2.0,2.7,5.1,4.4,4.3,3.0,4.6,2.9,2.9,,2.4,2.4,3.1,5.6,4.3,4.3,3.2,3.2,3.3,2.2,4.6,3.5,3.7,2.8,4.3,5.3,4.4,2.9,5.1,2.9,3.2,4.6,4.6,2.3,2.3,4.3,5.2,5.2,3.6,3.9,6.8,6.0,3.1,2.6
2026-07-28 03:00:00,2.5,2.5,4.0,3.4,2.5,3.3,3.6,3.7,2.5,2.5,2.9,5.1,4.9,4.0,2.1,3.1,3.4,2.5,2.8,2.7,5.1,4.9,3.5,3.4,3.3,2.2,2.2,3.2,5.9,2.9,4.7,4.6,6.6,6.0,3.3,4.6,5.1,3.2,4.7,2.7,5.9,3.2,5.7,4.5,3.7,4.4,4.4,6.8,4.0,3.7,4.3,4.1,2.1,3.2,3.3,2.0,2.9,5.3,3.9,3.5,3.0,3.7,3.4,3.2,,2.2,2.6,3.6,5.7,4.2,4.0,3.1,3.2,3.1,2.2,5.4,2.6,3.6,2.7,4.1,5.6,4.7,3.0,4.9,3.0,3.1,4.6,4.6,2.4,2.1,2.9,5.0,4.2,3.7,4.0,6.4,6.3,3.1,2.8
2026-07-28 04:00:00,2.4,2.3,4.1,3.4,2.9,3.3,3.3,3.6,2.6,2.7,2.9,5.1,4.6,3.8,2.1,3.2,3.1,2.5,2.7,2.4,4.7,5.2,3.5,2.7,3.2,2.4,2.1,2.9,6.0,3.0,4.8,4.7,6.7,6.2,3.2,4.3,5.2,3.1,4.6,2.7,5.2,3.2,5.4,4.4,3.6,4.2,4.5,7.1,3.9,3.6,4.3,3.9,2.0,2.8,3.0,2.0,3.0,7.3,3.6,3.3,3.0,3.5,3.2,3.1,,2.3,2.6,3.4,5.7,4.1,3.8,3.1,3.1,3.0,2.1,5.3,2.6,3.5,2.7,4.1,5.7,4.7,3.0,4.9,3.0,3.2,4.9,4.6,2.5,1.8,3.0,4.9,4.0,3.5,4.0,8.8,6.3,2.9,2.7
2026-07-28 05:00:00,2.4,2.4,4.1,3.3,2.8,3.2,3.1,3.8,2.6,2.9,3.2,5.1,4.3,4.1,2.2,3.3,2.9,3.4,2.9,2.3,4.5,4.8,3.5,3.0,3.0,2.6,2.2,3.5,6.3,3.1,5.1,5.0,6.7,6.1,3.6,4.2,5.5,3.5,5.0,2.6,5.2,3.6,5.2,4.6,3.7,3.9,4.8,7.1,4.1,3.8,4.7,4.3,1.9,3.4,3.3,2.1,3.1,6.8,3.4,3.1,3.2,3.5,3.3,2.9,,2.6,2.6,3.3,5.7,4.1,4.1,3.1,3.3,2.9,2.2,5.7,2.7,3.4,2.9,4.2,5.5,4.9,3.1,4.7,3.2,3.2,5.0,4.5,2.6,1.8,3.3,5.0,3.8,3.3,4.0,11.3,6.4,2.9,2.9
2026-07-28 06:00:00,2.3,2.5,4.5,2.9,2.7,3.3,3.2,3.5,2.6,2.6,2.9,5.4,4.2,4.0,2.1,3.2,2.9,2.3,3.1,2.5,4.6,5.2,3.5,2.7,3.1,2.5,2.1,3.6,6.2,3.1,4.7,4.6,6.7,5.9,3.5,4.2,5.3,3.8,4.5,2.6,5.1,4.0,5.4,4.9,3.4,3.9,4.9,7.1,3.7,3.7,4.6,4.1,1.9,3.5,3.0,2.1,3.1,3.8,3.5,3.2,3.1,3.8,3.2,2.8,2.6,2.3,2.7,3.2,6.1,4.1,4.2,3.1,2.9,2.9,2.1,6.3,2.9,3.3,2.8,4.5,5.5,4.6,3.0,5.0,5.1,3.2,4.8,4.5,2.7,1.8,5.2,5.4,3.8,3.3,3.7,17.1,6.5,3.0,2.6
2026-07-28 07:00:00,2.0,2.5,4.5,2.7,2.4,3.4,2.9,2.9,2.4,2.2,2.4,5.1,3.9,3.7,1.9,3.0,2.9,2.2,2.7,2.4,4.5,4.7,3.4,2.6,3.1,2.2,1.9,3.4,5.7,3.0,4.0,4.0,5.8,5.8,3.2,3.9,4.6,3.4,4.3,2.5,5.3,4.1,4.9,4.6,3.1,3.6,4.5,6.6,3.7,3.5,4.2,4.2,1.7,3.2,2.9,2.0,2.9,3.0,3.3,3.1,3.1,3.6,2.9,2.4,2.2,2.2,2.5,2.9,5.7,4.1,4.1,3.2,2.7,2.7,2.0,5.6,3.0,3.2,2.6,4.1,4.9,4.1,2.5,4.9,5.0,3.1,4.3,4.5,2.4,1.8,4.0,5.0,3.6,3.0,3.2,6.0,5.8,2.9,2.4
2026-07-28 08:00:00,2.1,2.6,4.3,2.3,2.4,5.0,2.8,2.4,2.3,2.0,2.3,4.4,3.4,3.2,1.6,2.7,2.7,2.0,2.6,2.4,3.9,4.7,3.2,2.4,3.0,2.1,1.8,3.2,5.0,2.7,3.3,3.2,5.1,5.2,2.9,3.9,4.9,3.2,4.3,2.6,5.6,3.3,4.7,4.1,3.0,3.1,3.8,5.9,3.7,3.3,3.7,3.7,1.6,3.1,2.4,1.9,2.5,2.5,3.0,3.0,2.9,3.7,2.5,2.3,2.3,2.1,2.3,2.6,5.1,3.9,4.0,3.1,2.6,2.5,1.8,4.5,2.8,3.0,2.4,3.9,4.5,3.7,2.0,5.2,4.3,3.0,3.8,4.5,2.1,1.6,2.8,4.6,3.7,2.9,2.7,4.9,4.8,2.7,2.2
2026-07-28 09:00:00,1.9,2.5,4.2,2.1,2.1,7.3,2.6,2.2,1.9,1.8,2.0,3.8,3.1,2.9,1.4,2.8,2.4,1.8,2.3,2.1,3.5,4.2,2.8,2.2,2.9,1.9,1.7,2.7,3.8,2.1,2.9,2.8,4.3,4.1,2.4,3.3,4.4,2.7,4.0,2.2,5.1,2.7,4.4,3.5,2.5,2.6,3.0,5.0,3.3,2.9,3.1,2.9,1.5,2.7,3.6,1.6,2.2,2.2,2.5,2.8,2.6,3.3,2.1,2.3,2.0,1.8,2.1,2.4,4.3,3.4,3.6,2.7,2.2,3.4,1.7,4.0,2.0,3.0,2.0,3.2,3.6,2.9,1.8,4.4,2.2,3.5,2.9,3.8,1.8,1.4,2.3,3.4,3.4,2.9,2.1,2.8,3.7,2.5,2.0
2026-07-28 10:00:00,1.6,2.7,3.3,1.7,1.7,74.1,2.2,1.9,1.9,1.7,1.8,3.2,2.5,2.5,1.2,2.2,2.0,1.6,2.1,1.6,3.5,3.8,2.4,2.0,2.4,1.8,1.7,2.3,3.5,1.7,2.4,2.5,3.6,3.3,2.1,2.4,3.3,2.3,3.1,1.6,4.3,2.3,3.6,2.8,2.1,2.3,2.6,3.6,2.7,3.1,2.5,1.9,1.2,3.6,2.4,1.3,1.9,1.9,3.6,2.1,2.4,2.6,1.8,1.9,1.8,1.5,2.0,2.5,3.4,2.9,2.8,2.1,2.0,2.4,1.4,3.6,1.6,2.4,1.5,3.5,3.3,2.6,1.6,3.8,2.0,3.0,2.5,3.3,1.7,1.2,2.0,2.9,2.5,2.5,1.7,2.3,3.1,2.0,1.7
2026-07-28 11:00:00,1.4,3.8,3.2,1.6,1.6,7.6,1.9,1.9,2.0,1.4,1.6,2.8,2.3,2.7,1.1,2.0,1.8,1.4,2.0,1.5,2.7,3.4,2.1,1.6,2.2,1.5,1.4,2.1,3.0,1.4,2.4,2.1,3.2,3.0,1.8,2.2,2.9,2.2,2.8,1.5,3.8,2.1,3.2,2.9,2.2,1.9,2.4,3.7,2.5,2.2,2.2,1.9,1.2,2.9,1.7,1.2,1.8,1.7,2.3,1.9,1.9,2.5,1.7,1.6,1.6,1.4,1.7,2.0,3.2,2.7,2.6,2.0,2.0,2.0,1.3,3.1,1.5,2.2,1.4,2.5,3.0,2.4,1.5,3.6,1.9,2.7,2.2,3.0,1.7,1.3,1.7,2.7,2.5,2.3,1.6,2.6,2.8,1.9,1.5
2026-07-28 12:00:00,1.3,2.9,2.8,1.5,1.4,5.1,2.0,1.7,1.8,1.5,1.6,2.8,2.6,3.0,1.1,1.9,1.7,1.3,1.8,1.6,2.7,3.1,1.9,1.6,2.0,1.6,1.3,2.1,3.1,1.4,2.1,2.2,3.1,2.9,1.7,2.2,2.9,1.9,2.8,1.3,3.7,2.2,3.2,2.5,1.8,1.8,2.4,4.8,2.4,2.3,2.2,1.8,1.2,2.1,2.0,1.2,1.7,1.7,1.9,1.8,1.9,2.3,1.6,1.5,1.5,1.3,1.6,1.9,3.0,2.4,2.5,1.8,1.8,1.9,1.2,3.1,1.4,2.7,1.4,2.4,2.5,2.4,1.6,2.9,1.7,2.3,2.3,2.8,1.5,1.3,1.8,2.5,2.3,2.2,1.5,1.7,2.7,1.8,1.6
2026-07-28 13:00:00,1.3,3.1,3.0,1.6,1.3,20.9,1.8,1.8,1.7,1.4,1.5,2.7,2.4,2.5,1.1,2.1,1.6,1.3,2.3,1.5,2.4,2.9,2.0,1.7,2.0,1.6,1.6,2.1,2.8,1.5,2.1,2.2,2.8,2.7,1.7,2.1,3.2,2.6,3.3,1.2,3.7,2.1,3.1,2.5,1.7,1.9,2.4,5.2,2.7,2.4,2.4,1.9,1.1,2.5,2.2,1.3,1.7,1.9,1.9,1.7,1.9,2.1,1.7,1.6,1.5,1.5,1.6,1.7,3.0,2.4,2.5,1.8,1.8,2.0,1.2,3.3,1.5,2.1,1.6,2.3,2.7,2.5,1.6,2.8,2.0,2.0,2.0,2.8,1.6,1.8,1.8,2.5,2.2,2.1,1.6,2.3,2.7,1.7,1.5
2026-07-28 14:00:00,1.3,2.5,3.6,1.5,1.4,47.5,1.9,1.8,1.4,1.6,1.5,2.8,4.5,2.5,1.1,1.9,1.6,1.3,2.0,1.5,2.4,3.6,1.9,1.6,2.0,1.5,2.4,2.1,2.9,1.4,2.1,1.9,2.9,2.8,1.8,2.1,2.9,2.3,2.9,1.4,3.9,2.0,2.9,2.4,1.8,2.6,2.3,3.8,2.7,2.4,2.2,1.8,1.0,2.1,1.9,1.2,1.7,1.8,1.9,1.8,2.5,2.0,1.7,1.6,1.6,1.3,1.7,1.8,3.0,2.5,2.4,1.8,2.0,2.0,1.2,3.3,1.6,1.9,1.4,2.3,2.4,2.4,1.5,2.6,1.8,2.2,2.0,2.8,1.5,1.5,1.8,2.4,2.0,2.1,1.6,1.9,2.6,1.7,1.5
2026-07-28 15:00:00,1.3,1.8,2.6,1.4,1.4,50.7,1.8,1.7,1.5,1.4,1.5,2.7,2.0,2.5,1.1,1.8,1.5,1.4,1.8,1.5,2.2,3.3,1.9,1.9,1.8,1.7,1.3,1.9,2.9,1.4,1.9,1.9,2.8,2.8,1.6,2.1,2.5,1.9,2.9,1.1,3.3,1.9,2.7,2.3,1.7,1.8,2.2,3.5,2.4,2.3,2.1,1.7,1.0,2.0,1.6,1.1,1.6,1.7,1.9,1.7,1.9,2.1,1.6,1.6,1.4,1.3,1.9,1.6,2.9,2.4,2.3,1.7,1.8,1.8,1.1,3.3,1.4,1.8,1.4,2.2,2.8,2.2,1.4,2.5,1.6,2.1,1.9,2.6,1.5,1.1,1.6,2.3,1.9,1.9,1.5,1.9,2.5,1.5,1.3
2026-07-28 16:00:00,1.3,2.1,3.3,1.5,1.4,635.2,1.8,1.8,1.5,1.4,1.5,2.7,1.9,3.6,1.1,1.9,1.6,1.3,1.9,1.5,3.2,2.4,1.9,1.6,1.9,1.4,1.2,2.1,2.8,1.4,2.0,2.1,3.0,3.4,1.6,2.2,2.7,2.0,3.0,1.1,3.4,2.1,2.9,2.6,1.8,1.7,2.3,3.7,2.6,2.5,2.2,1.8,1.1,2.2,1.9,1.1,1.7,1.8,1.9,1.7,1.8,2.0,1.6,1.5,1.5,1.4,2.6,1.8,3.2,2.5,2.4,1.8,1.8,1.7,1.1,3.2,1.4,1.8,1.4,2.2,2.6,2.5,1.5,2.6,1.8,3.1,2.0,2.9,1.5,1.2,1.8,2.6,2.1,1.9,1.7,2.3,2.7,1.6,1.4
2026-07-28 17:00:00,1.4,1.8,2.9,1.5,1.5,122.5,1.7,2.5,1.5,1.5,1.5,2.7,2.0,2.8,1.0,1.9,1.5,1.4,1.9,1.5,2.5,2.5,1.9,1.5,1.8,1.4,1.2,2.0,2.9,1.4,2.0,2.0,2.9,3.0,1.7,2.0,2.7,2.1,2.9,1.2,3.4,2.0,2.9,2.5,1.8,1.7,2.4,3.3,2.5,2.5,2.1,1.9,1.2,2.0,1.7,1.1,1.7,1.8,1.9,1.8,1.9,2.2,1.6,1.6,1.5,1.3,2.2,1.8,3.0,2.7,2.5,1.8,1.8,1.7,1.1,3.2,1.5,1.8,1.5,2.1,2.4,2.4,1.5,2.3,2.2,3.4,2.1,2.6,1.6,1.3,1.8,2.6,2.0,1.9,1.7,1.8,2.7,1.7,1.3
2026-07-28 18:00:00,1.3,1.7,3.1,1.7,1.5,8.2,1.9,2.0,1.6,1.5,1.5,2.8,2.1,2.9,1.2,2.0,1.5,1.4,1.9,1.5,2.4,2.8,1.9,1.5,2.1,1.4,1.3,2.1,3.1,1.6,2.2,2.0,3.1,2.8,1.8,2.2,2.8,2.2,3.1,1.2,4.0,2.1,3.1,2.4,1.8,1.8,2.7,3.3,2.5,2.6,2.2,2.1,1.2,2.0,1.7,1.1,1.9,2.0,2.1,1.9,2.0,2.1,1.7,1.5,1.6,1.5,2.2,1.8,3.1,2.6,2.5,1.8,1.9,1.9,1.1,3.4,1.7,2.2,1.6,2.3,2.6,2.7,1.5,2.5,4.2,3.2,2.2,2.8,1.6,1.1,2.0,2.9,2.1,2.2,1.9,1.9,2.7,1.9,1.3
2026-07-28 19:00:00,1.5,1.9,3.3,1.8,1.7,2.2,2.0,2.2,1.6,1.7,1.8,3.0,2.1,3.8,1.4,2.4,1.7,1.5,2.1,1.7,2.5,2.9,2.1,1.6,2.0,1.4,1.4,2.3,3.4,1.7,2.5,2.2,3.2,3.4,1.9,2.2,3.0,2.3,3.8,1.4,5.2,2.3,3.4,2.8,2.0,1.9,3.0,3.6,3.1,3.0,2.5,2.9,1.2,2.2,1.9,1.2,2.0,2.1,2.2,2.0,2.1,2.2,1.9,1.7,1.7,2.0,1.9,2.0,3.4,2.8,2.6,2.2,2.2,1.9,1.2,3.5,1.8,2.6,1.8,2.4,3.5,2.9,1.7,,3.6,2.2,2.4,3.1,1.7,1.1,2.1,3.0,2.4,2.1,1.9,,2.9,1.9,1.5
2026-07-28 20:00:00,1.6,2.3,3.8,1.9,2.0,2.2,2.1,2.3,1.8,1.8,2.0,3.2,2.4,3.9,1.4,2.7,1.9,1.6,2.3,2.0,2.8,3.0,2.3,1.8,2.2,1.5,1.5,2.7,3.5,1.9,2.5,2.5,3.6,3.2,2.2,2.3,3.2,2.9,4.2,1.5,4.7,2.5,3.5,2.9,2.4,2.0,3.0,4.0,3.6,3.3,2.8,3.0,1.3,2.5,3.3,1.3,2.1,2.2,2.4,2.2,2.4,2.5,2.1,1.9,1.9,1.8,1.9,2.1,3.2,3.0,2.8,2.1,2.4,2.1,1.4,3.8,2.0,2.8,2.0,2.7,2.9,3.2,1.9,3.0,3.1,2.3,2.5,3.3,1.9,1.2,2.3,3.3,2.6,2.3,2.1,2.7,3.4,2.0,1.8
2026-07-28 21:00:00,1.6,2.4,3.9,2.2,2.4,3.1,3.0,2.6,1.9,2.0,2.2,3.6,3.0,3.0,,3.1,2.1,1.8,2.6,2.2,3.3,3.4,2.5,2.1,2.4,1.9,1.7,3.0,4.2,2.8,3.0,3.1,4.4,3.8,2.6,2.9,3.6,2.8,5.5,1.6,6.3,,4.4,3.4,2.6,2.3,3.3,4.6,4.2,4.3,3.0,3.3,1.4,2.9,3.9,1.5,2.3,2.1,2.8,2.5,2.5,3.2,2.5,2.2,2.2,2.0,2.0,2.3,4.2,3.4,3.1,2.4,2.5,5.2,1.5,4.0,2.6,6.3,2.8,3.5,3.6,3.4,2.1,3.4,3.4,2.6,2.9,3.7,2.1,1.4,2.4,4.0,2.8,2.5,2.4,3.9,4.0,2.3,2.0
2026-07-28 22:00:00,1.9,2.5,4.2,5.7,2.9,3.1,3.4,2.8,2.2,2.1,2.9,4.3,3.8,3.2,2.3,3.2,2.6,2.4,3.3,2.6,4.3,5.3,3.0,2.9,2.5,2.6,2.0,4.1,5.3,3.0,3.6,3.7,5.3,5.0,3.0,5.0,4.2,3.3,6.3,2.0,7.3,4.2,5.3,4.9,2.9,2.8,5.4,6.1,5.0,5.0,4.0,3.4,1.6,3.8,2.5,1.7,2.5,2.8,3.2,3.1,2.8,3.7,3.1,2.5,2.8,2.4,2.2,2.9,5.3,4.3,3.9,2.9,3.0,14.5,1.8,4.4,2.9,7.4,2.5,4.7,4.9,5.0,2.3,4.8,4.5,3.1,3.8,4.3,2.5,1.8,3.7,5.3,3.6,2.6,2.7,8.3,4.8,2.9,3.1
2026-07-28 23:00:00,2.7,2.8,5.0,5.1,3.8,3.9,3.5,3.5,2.8,2.2,3.2,6.7,4.9,4.6,2.8,3.4,3.3,4.6,3.8,6.3,6.2,6.3,4.2,4.9,3.6,3.6,2.3,4.7,5.8,3.4,4.2,4.8,6.4,6.4,3.2,5.2,5.0,3.6,6.1,2.7,5.5,4.5,6.3,6.3,3.6,3.7,4.4,7.0,5.5,5.9,4.2,4.1,2.9,3.9,3.2,2.5,3.5,6.7,3.9,3.6,3.4,3.9,3.4,2.9,3.1,2.7,3.0,3.6,7.0,5.1,5.5,3.6,3.7,4.4,2.1,4.6,3.0,3.8,2.9,6.1,5.2,5.4,3.0,6.1,3.1,3.5,4.9,4.9,3.1,2.2,4.0,6.6,4.6,3.2,3.9,4.5,5.9,3.5,3.0
2026-07-29 00:00:00,3.0,4.2,7.1,4.4,3.1,5.8,3.9,4.6,2.8,2.7,3.4,7.3,4.9,6.1,3.4,4.0,3.6,3.2,4.5,6.8,6.3,6.0,4.8,5.0,3.6,3.1,3.0,4.9,6.1,3.6,4.7,4.9,6.7,6.4,4.1,5.2,5.4,4.3,5.2,3.2,6.6,4.7,6.4,6.3,4.7,4.2,4.8,7.5,5.3,6.3,4.7,5.0,2.6,4.7,4.3,3.0,5.5,5.9,4.4,4.0,3.7,4.6,5.2,3.0,3.8,3.0,4.0,4.0,6.4,6.5,6.0,4.2,4.6,4.3,2.6,5.0,3.3,4.9,3.4,6.6,5.6,5.3,3.8,7.3,3.9,4.5,5.0,6.0,4.4,2.3,3.7,6.9,4.9,4.1,4.3,7.5,6.0,4.3,3.6
2026-07-29 01:00:00,3.1,5.3,6.6,4.6,3.5,5.3,4.1,4.4,3.2,3.2,3.6,6.4,5.2,5.7,3.3,3.9,3.8,3.4,4.5,5.4,5.9,6.0,5.2,6.8,4.0,3.1,3.3,4.5,6.2,3.5,4.7,5.0,6.7,6.3,3.6,5.0,5.4,3.8,5.1,3.8,7.2,4.5,6.1,6.9,4.8,4.3,4.8,7.6,5.0,6.1,5.1,5.0,2.8,4.4,4.0,2.7,4.4,6.9,4.4,4.1,3.7,4.4,5.0,3.4,4.1,3.3,3.8,4.4,6.4,6.7,6.5,4.8,4.7,3.9,2.7,5.5,3.3,5.1,3.2,5.9,6.3,5.3,3.8,6.6,3.9,4.5,5.1,6.3,4.4,2.3,4.0,6.5,4.9,4.2,4.6,10.9,6.5,4.0,3.4
2026-07-29 02:00:00,3.5,4.0,5.1,4.6,3.8,4.8,3.9,4.5,3.3,3.7,3.9,5.9,5.2,5.6,3.3,4.1,3.9,3.7,4.3,4.4,6.1,5.9,4.8,5.3,4.3,3.0,3.5,3.9,6.2,3.7,5.2,6.0,6.8,6.2,3.7,5.0,5.2,3.7,4.9,3.5,7.5,4.2,6.2,5.4,4.6,4.5,5.1,7.4,4.8,4.9,5.5,4.6,3.0,4.3,3.9,2.5,4.1,5.8,4.5,4.0,3.8,4.7,4.7,4.1,4.5,3.6,3.8,5.0,6.5,6.2,5.3,4.4,4.1,3.7,2.9,5.8,3.4,4.8,3.8,5.5,6.3,5.5,3.8,6.5,5.7,4.0,5.1,5.7,4.1,2.3,4.4,6.1,4.8,4.3,5.0,8.0,6.8,4.1,3.7
2026-07-29 03:00:00,3.7,3.7,5.4,5.0,4.1,4.5,4.6,4.7,3.5,4.0,4.2,6.5,5.7,5.8,3.2,4.7,4.0,3.3,4.2,3.9,6.1,6.3,4.6,4.4,4.2,3.0,3.5,4.2,6.4,4.1,5.5,6.2,7.2,6.5,4.1,6.0,5.8,4.0,5.2,3.2,7.6,4.2,6.4,5.5,4.6,4.8,5.2,7.6,4.5,4.7,5.4,5.0,2.9,4.1,4.2,2.5,4.3,5.2,4.7,4.8,4.0,4.8,4.7,4.3,4.5,4.0,4.1,6.2,7.0,5.5,5.3,4.1,3.9,3.7,2.9,6.1,3.9,4.4,4.1,5.9,6.5,5.7,3.8,6.4,6.3,3.9,5.5,5.3,3.9,2.6,6.3,6.4,5.6,4.3,5.0,7.6,6.8,4.2,4.1
2026-07-29 04:00:00,3.6,3.9,5.6,5.1,4.0,4.7,5.1,4.8,3.7,4.1,4.1,6.6,6.1,6.0,3.2,4.6,4.2,3.3,4.2,3.8,6.4,6.8,4.8,4.3,4.0,3.0,3.5,4.8,7.0,4.3,6.0,5.9,7.6,7.0,4.5,6.0,6.3,4.4,5.8,3.5,7.5,4.8,7.0,6.1,4.8,5.2,5.8,8.2,5.0,4.9,5.8,5.6,2.8,4.3,4.4,2.8,4.5,5.4,4.9,4.9,4.3,5.2,4.6,4.3,4.2,3.7,4.2,6.0,7.1,5.6,5.8,4.3,4.1,3.9,3.0,6.2,3.9,4.5,4.2,6.0,6.8,5.9,3.9,6.5,5.6,4.5,6.0,5.4,4.1,3.0,6.7,6.6,5.6,4.3,5.2,7.9,7.2,4.4,3.7
2026-07-29 05:00:00,3.7,4.0,6.2,5.3,4.0,4.7,5.1,5.1,3.7,4.1,4.2,6.8,6.4,6.2,3.4,4.8,4.3,3.4,4.5,4.1,6.3,6.8,5.3,4.2,4.2,3.4,3.3,4.9,7.3,4.6,6.4,6.2,8.0,7.4,4.9,6.1,6.6,5.2,6.0,3.8,7.9,5.5,7.1,6.5,5.3,5.5,6.2,8.7,5.0,4.8,6.2,5.6,2.8,4.6,4.5,3.0,4.7,5.1,5.2,5.0,4.6,5.3,4.8,4.3,4.3,3.7,4.4,5.5,7.3,6.1,6.0,4.5,4.6,3.9,2.9,6.1,4.1,4.6,4.3,6.1,7.0,6.3,4.3,6.6,4.9,4.6,6.3,5.8,4.2,2.9,6.2,6.8,5.6,4.3,5.6,8.3,7.9,4.4,3.9
2026-07-29 06:00:00,4.0,4.2,6.5,5.7,4.0,5.4,5.1,5.3,3.8,4.1,4.4,7.2,6.4,6.2,3.8,5.4,4.7,3.7,5.2,4.3,6.6,7.2,5.6,4.5,4.6,3.7,3.5,5.2,7.7,4.9,6.6,6.5,8.8,8.5,5.3,6.4,7.4,5.9,6.4,4.5,8.3,5.8,7.2,7.1,5.9,5.9,7.1,9.2,5.4,5.4,6.5,6.2,2.9,4.9,4.7,3.5,4.7,5.3,5.3,5.1,5.1,5.8,4.8,4.6,4.5,3.8,4.5,5.6,7.5,6.3,6.3,5.0,5.2,4.3,3.2,6.3,4.5,4.7,4.8,6.5,7.4,6.5,4.7,7.0,5.7,5.4,6.8,6.2,4.7,3.0,5.9,7.4,5.9,4.4,5.9,7.6,8.4,4.2,4.3
2026-07-29 07:00:00,4.4,4.2,6.8,6.0,4.4,5.8,4.9,5.7,4.4,3.7,5.1,7.2,6.5,6.1,3.8,5.8,5.1,4.1,5.4,5.2,7.6,7.3,5.8,5.3,4.7,4.5,3.9,5.1,8.4,5.2,6.8,6.7,8.5,8.9,5.6,6.7,7.5,5.5,7.1,4.8,7.7,5.8,7.2,7.3,6.2,6.1,6.8,9.7,6.7,6.5,6.6,6.4,2.8,5.1,5.2,3.7,4.8,9.0,5.7,5.3,5.3,8.7,5.1,4.4,4.6,4.3,4.5,5.3,7.8,6.6,6.5,5.3,5.7,4.1,3.6,7.0,5.0,4.9,5.0,6.4,7.7,6.6,5.0,6.9,5.2,6.5,7.2,6.8,4.1,2.9,6.1,7.4,6.0,4.6,6.2,8.2,8.3,4.3,5.0
2026-07-29 08:00:00,3.7,4.3,6.5,5.3,4.0,6.5,4.8,5.2,3.4,3.5,4.4,6.7,6.0,5.7,3.3,5.7,5.2,5.3,4.5,4.5,6.6,7.2,5.6,4.8,4.8,3.8,3.9,5.4,8.0,4.4,6.1,6.1,8.3,7.8,4.8,7.0,7.7,5.2,7.0,4.3,7.9,5.1,7.6,6.6,6.1,5.7,6.6,8.5,6.6,6.5,6.7,6.2,2.7,4.8,4.5,3.4,4.4,11.3,5.0,5.3,4.7,6.0,5.0,4.0,4.4,3.3,4.2,5.1,7.3,6.1,5.9,4.9,5.3,3.7,3.4,7.5,4.7,4.7,4.7,6.8,7.2,6.3,4.0,6.7,4.6,5.5,6.7,7.2,3.5,2.6,6.2,7.3,6.0,4.4,5.3,8.8,7.4,4.4,4.4
2026-07-29 09:00:00,2.6,3.6,5.3,3.7,3.0,4.8,3.7,3.8,3.5,2.9,3.1,5.5,4.7,4.5,2.4,4.2,4.0,4.3,3.3,3.3,5.9,6.5,3.8,4.8,3.7,3.2,2.8,3.6,5.4,3.3,4.0,4.2,6.7,6.2,3.4,5.3,6.1,3.4,5.3,3.0,6.5,3.6,6.3,4.4,4.4,4.2,4.6,6.6,5.0,4.8,4.5,4.6,2.0,3.7,3.0,2.3,3.4,7.3,3.8,3.7,4.8,4.6,3.7,3.1,3.4,2.6,3.6,3.6,6.2,5.1,4.4,3.6,4.0,3.1,2.7,6.2,3.7,3.6,3.9,5.0,5.6,5.1,2.6,6.4,3.1,5.4,4.2,5.3,2.8,2.0,5.4,5.8,4.7,3.4,3.5,7.0,5.8,3.1,3.4
2026-07-29 10:00:00,1.9,2.5,4.2,2.8,2.5,6.0,2.8,3.0,2.1,2.2,2.5,3.9,3.3,2.9,1.7,3.0,2.8,2.4,2.3,2.5,4.0,4.8,3.0,2.5,2.6,1.7,1.9,2.8,4.0,2.4,2.9,2.9,4.9,4.6,2.5,3.5,4.1,2.6,3.9,1.9,5.4,2.8,4.6,3.4,2.5,3.0,3.4,4.9,3.5,3.3,2.9,3.3,1.5,2.9,2.6,1.7,2.5,3.3,2.7,2.5,2.7,3.7,2.7,2.6,2.4,2.1,3.0,3.0,4.2,3.4,3.5,2.6,2.3,2.7,1.8,4.2,2.9,3.0,2.5,3.4,4.4,3.2,2.0,4.8,2.7,2.9,3.3,4.1,2.0,1.5,3.3,4.1,3.5,2.8,2.6,3.7,4.3,2.2,2.4
2026-07-29 11:00:00,1.7,2.9,4.4,2.2,2.1,3.2,2.3,2.7,2.3,1.9,2.2,3.8,2.8,2.9,1.5,2.9,2.2,1.7,2.5,2.0,5.5,4.9,2.6,1.9,2.4,1.8,1.6,2.7,3.8,2.1,2.8,2.7,4.1,4.1,2.6,2.8,3.7,2.7,3.6,1.7,4.4,2.6,4.1,3.1,2.4,2.3,3.2,4.4,3.1,3.1,2.8,3.1,1.4,2.7,2.1,1.4,2.5,2.7,2.6,2.2,3.2,2.8,2.2,2.1,1.9,1.9,2.7,2.3,4.1,3.2,3.0,2.3,2.2,2.3,1.5,3.7,2.2,2.8,2.3,3.2,3.6,3.1,1.8,8.7,3.4,2.7,3.0,4.0,1.7,1.3,2.5,3.9,3.0,2.6,2.1,3.9,3.5,2.1,1.9
2026-07-29 12:00:00,1.9,5.3,4.0,2.3,2.2,12.6,2.6,2.8,2.7,2.3,2.6,4.2,3.2,3.6,1.6,2.9,2.3,2.0,2.8,2.3,5.3,4.3,3.1,2.2,2.8,2.2,2.0,2.9,4.3,2.3,3.1,2.9,4.3,4.6,2.6,3.4,4.0,3.1,3.8,1.9,5.2,3.0,4.5,3.6,2.7,2.8,3.7,5.2,3.4,3.4,3.2,2.9,1.7,3.3,2.2,1.6,2.4,2.9,2.9,2.6,3.2,3.2,2.4,2.3,2.3,2.0,2.8,2.4,4.5,3.6,3.5,2.5,2.7,2.5,1.7,5.7,2.3,3.0,2.4,3.5,3.9,3.3,1.9,4.0,3.0,3.2,3.4,4.2,2.0,1.5,2.6,4.4,3.4,2.8,2.3,3.4,3.7,2.4,2.3
2026-07-29 13:00:00,1.9,2.3,4.0,2.4,2.2,6.1,2.7,2.7,2.1,2.3,2.6,4.3,3.3,3.3,1.6,2.9,2.5,2.0,2.9,2.4,4.0,5.0,3.0,2.1,2.8,1.9,2.0,3.1,4.4,2.2,3.0,3.0,4.3,4.6,2.7,3.3,4.2,2.9,4.2,2.2,4.9,3.0,4.5,3.6,2.8,2.9,3.8,5.2,3.5,3.6,3.2,2.8,1.7,3.4,2.4,1.7,2.3,2.5,3.2,2.7,3.5,7.6,2.3,2.6,2.4,2.1,2.9,2.7,4.5,3.8,3.6,2.6,2.9,2.7,1.8,4.3,2.4,3.2,2.3,3.5,4.2,3.4,2.1,4.2,2.8,3.4,3.2,4.3,2.2,1.6,2.5,4.4,3.5,3.1,2.4,2.7,3.8,2.5,2.2
2026-07-29 14:00:00,1.8,2.2,3.4,2.1,1.9,3.6,2.6,2.5,2.1,2.1,2.5,3.7,3.1,3.0,1.6,2.7,2.2,1.9,3.0,2.0,3.8,4.9,2.9,2.0,2.6,1.9,2.3,2.8,3.9,2.0,2.8,2.8,3.9,4.0,2.7,3.0,3.9,2.8,4.2,2.0,5.1,2.9,4.4,3.3,2.8,2.7,3.5,4.7,3.3,3.5,3.0,3.0,1.6,3.2,2.3,1.5,2.2,2.8,3.3,2.5,3.0,5.1,2.3,2.5,2.4,1.9,2.4,2.6,4.0,3.3,3.3,2.4,2.8,2.6,1.7,4.3,2.3,2.9,2.2,3.2,3.8,3.0,1.9,3.9,3.0,3.7,2.9,4.0,2.0,1.5,2.4,4.0,3.1,2.9,2.2,4.8,3.5,2.2,2.2
2026-07-29 15:00:00,2.0,2.2,3.8,2.2,1.9,5.7,2.5,2.6,2.2,2.4,2.4,3.8,2.9,3.0,1.6,2.8,2.0,2.0,2.8,2.2,3.7,3.4,2.6,2.1,2.4,1.9,1.8,2.6,4.1,2.2,2.9,2.8,3.9,3.9,2.5,3.0,3.9,2.8,3.9,1.6,4.7,2.9,4.1,3.3,2.6,2.5,3.5,4.5,3.2,3.4,2.9,2.8,1.5,3.5,2.3,1.4,2.3,2.8,2.9,2.4,3.6,3.7,2.4,2.4,2.2,1.9,2.7,2.3,3.9,3.4,3.3,2.3,2.8,2.4,1.5,4.4,2.5,2.7,2.3,3.1,3.7,3.2,1.9,3.7,2.8,3.3,3.0,4.1,2.3,1.7,2.6,4.0,2.9,2.5,2.4,3.9,3.4,2.0,2.0
2026-07-29 16:00:00,2.0,2.4,3.8,2.2,2.1,5.3,2.6,2.6,2.2,2.4,2.4,3.7,2.9,3.0,1.6,2.6,2.0,1.9,2.9,2.4,3.8,3.4,2.6,2.1,2.6,1.8,1.7,2.8,4.1,2.1,2.8,3.0,4.3,4.1,2.6,3.2,4.0,2.6,4.1,1.7,4.8,2.9,4.0,3.5,2.7,2.4,3.6,4.5,3.3,3.2,2.8,2.7,1.5,3.1,2.2,1.5,2.6,2.8,2.8,2.7,3.3,3.1,2.4,2.5,2.2,2.2,2.3,2.4,3.9,3.6,3.3,2.4,2.8,2.4,1.5,5.1,2.4,2.7,2.2,2.9,3.6,3.0,2.1,3.6,2.6,2.7,3.0,4.0,2.4,2.3,2.6,3.9,2.8,2.7,2.6,3.0,3.5,2.1,2.0
2026-07-29 17:00:00,2.0,2.3,3.8,2.2,2.1,3.9,2.7,2.5,2.3,2.3,2.7,3.8,3.0,3.1,1.7,2.5,2.1,1.8,2.8,2.2,3.6,3.5,2.5,1.9,2.5,1.9,1.8,2.6,4.1,2.2,3.0,3.2,4.5,3.9,2.3,2.9,3.8,2.7,4.4,1.7,4.9,2.9,4.2,3.6,2.7,2.6,3.5,4.7,3.1,3.4,2.8,2.6,1.6,2.8,2.4,1.5,2.2,2.8,3.0,2.6,3.9,3.3,2.4,2.4,2.3,2.1,2.2,2.7,3.9,3.5,3.5,2.4,2.8,2.4,1.4,5.0,2.4,2.7,2.2,2.9,3.8,3.4,2.1,3.5,2.7,3.1,3.1,4.2,2.3,1.5,2.7,4.2,2.7,2.7,2.8,3.5,3.5,2.3,1.9
2026-07-29 18:00:00,2.0,2.5,4.1,2.2,2.1,10.1,2.9,2.5,2.1,2.2,2.4,3.9,3.1,3.1,1.7,2.5,2.2,1.8,2.9,2.2,3.7,3.7,2.5,1.9,2.6,1.9,1.8,2.8,4.4,2.2,3.0,2.9,4.6,4.1,2.4,2.8,3.9,2.7,4.6,1.9,4.6,3.1,4.3,3.8,2.6,2.8,3.5,5.0,3.5,3.7,2.9,2.7,1.7,3.0,2.4,1.5,2.2,2.8,3.2,2.7,2.9,3.5,2.4,2.5,2.3,2.0,2.1,2.9,3.9,3.5,3.4,2.4,2.9,2.4,1.5,5.3,2.5,2.7,2.3,2.8,3.7,3.5,2.1,3.4,2.6,2.7,3.1,4.0,2.4,1.6,2.7,4.3,2.8,2.7,2.8,3.3,3.9,2.3,1.9
2026-07-29 19:00:00,2.0,2.2,4.1,2.4,2.2,2.7,2.8,2.8,2.2,2.2,2.2,3.9,3.1,3.2,1.9,2.5,2.3,1.7,2.8,2.2,3.7,3.8,2.5,1.9,2.6,1.9,1.8,2.8,4.8,2.2,3.0,3.0,4.5,4.2,2.4,3.0,3.9,2.8,4.5,1.9,5.5,3.2,4.5,3.6,2.7,2.8,3.5,5.2,3.5,3.6,3.5,2.9,1.7,3.1,2.5,1.5,2.3,2.7,3.1,2.8,2.6,2.9,2.5,2.5,2.3,2.1,2.3,2.9,3.9,3.6,3.5,2.6,2.9,2.9,1.5,5.3,2.5,2.9,2.3,2.9,3.7,3.7,2.1,3.6,2.6,2.8,3.1,4.1,2.7,2.5,2.8,4.6,3.4,2.8,2.8,2.8,3.8,2.5,2.1
2026-07-29 20:00:00,1.9,2.5,4.1,3.1,2.4,3.1,3.4,3.1,2.3,2.3,2.5,4.1,3.3,4.1,2.0,3.2,2.6,2.1,3.2,2.4,4.2,4.1,2.9,2.3,2.8,2.1,2.1,3.3,4.8,2.5,3.5,3.5,5.2,4.8,2.9,3.5,4.3,3.1,5.6,2.1,5.4,3.8,4.8,4.2,3.1,3.0,4.0,5.8,3.8,4.3,3.7,3.4,1.9,3.6,2.6,1.6,2.8,2.8,3.3,3.0,2.8,3.4,3.1,2.8,2.9,2.0,2.3,3.0,4.4,3.9,3.9,2.8,3.2,3.3,1.6,4.9,2.5,4.0,2.4,3.6,4.2,3.9,2.4,3.9,2.9,3.1,3.6,4.5,2.9,1.6,2.9,5.1,3.3,2.8,3.1,3.6,3.9,2.6,2.3
2026-07-29 21:00:00,2.3,3.7,4.9,3.5,3.0,4.2,3.4,3.8,3.0,2.5,3.1,4.9,4.6,6.0,2.3,4.0,3.0,2.7,4.9,3.5,5.5,8.7,3.7,3.2,3.0,4.0,2.8,5.4,6.2,3.3,4.2,4.1,6.1,6.3,3.7,5.0,5.2,3.8,5.9,2.3,9.3,5.1,5.9,5.7,4.2,3.6,5.4,6.5,5.2,5.0,4.8,3.8,2.7,5.1,3.0,2.0,3.8,3.0,3.9,3.3,3.5,4.4,4.0,3.2,3.4,2.4,2.8,4.8,7.1,4.9,5.3,3.9,3.8,4.5,1.9,5.4,3.0,8.7,3.0,8.1,5.1,4.9,3.2,6.0,4.0,4.3,5.9,4.8,4.7,2.0,3.9,6.6,4.2,3.1,3.6,4.7,5.2,3.2,3.6
2026-07-29 22:00:00,3.6,6.0,7.9,4.5,3.2,6.0,3.9,4.7,3.4,2.9,3.7,6.4,5.8,6.5,4.5,5.6,4.6,5.5,6.9,4.8,6.5,7.2,4.4,3.8,3.3,4.4,5.6,7.4,7.5,4.7,6.1,6.1,7.2,7.3,5.2,9.1,6.7,6.4,6.5,3.0,9.1,7.2,7.3,7.7,6.0,3.8,7.7,7.9,6.7,6.6,6.3,4.9,2.3,6.0,4.0,5.2,6.1,3.5,4.5,4.7,4.6,8.5,5.5,3.9,3.6,2.9,3.8,5.3,8.6,7.0,6.8,5.7,5.8,5.7,2.5,6.2,5.2,7.9,4.4,6.9,6.3,6.7,4.7,7.6,5.2,4.4,7.6,6.5,9.9,2.6,4.8,8.4,6.4,3.5,4.4,5.3,7.4,4.3,5.7
2026-07-29 23:00:00,4.8,5.9,8.0,5.6,3.5,6.4,5.1,5.5,4.0,3.5,4.3,7.1,7.3,7.1,5.3,6.4,7.4,7.2,6.3,5.1,7.9,7.0,5.3,4.9,3.9,3.7,6.5,7.0,8.7,6.5,6.9,6.9,9.2,9.9,10.0,9.9,9.6,10.9,6.9,3.9,8.8,8.0,7.9,8.3,6.7,4.8,8.4,9.7,6.6,6.7,7.0,5.9,3.8,7.6,4.1,6.0,6.1,3.7,4.9,5.1,5.8,10.4,5.5,5.2,4.3,3.3,4.7,6.9,9.7,7.7,7.9,6.3,5.6,4.0,3.7,7.2,6.9,5.4,6.5,7.3,7.0,6.9,5.7,8.2,5.8,5.9,7.4,8.6,8.1,2.8,5.8,9.2,6.6,3.9,4.9,6.2,8.6,5.3,4.4
2026-07-30 00:00:00,5.2,5.3,6.8,5.8,4.4,7.4,5.4,5.7,4.2,4.1,5.8,7.7,7.8,9.6,5.7,6.5,6.7,6.1,6.6,5.5,7.2,6.8,7.6,6.0,4.7,3.9,5.2,7.0,8.8,8.3,7.2,6.9,9.2,8.9,7.1,7.3,8.3,7.2,6.7,4.2,8.5,8.4,8.1,7.9,7.4,6.2,9.2,9.3,6.8,6.6,8.1,6.7,5.4,7.2,5.1,5.2,6.5,4.2,6.3,5.4,6.6,6.8,5.2,6.1,4.6,4.2,5.8,8.0,9.7,8.3,8.9,6.3,6.1,4.9,4.1,6.5,9.4,6.7,7.0,7.1,7.9,7.3,6.0,7.3,5.8,6.1,7.4,8.4,6.8,3.1,5.8,8.4,6.6,5.3,5.7,5.8,9.4,6.6,6.0
2026-07-30 01:00:00,4.8,5.5,6.5,5.0,5.3,6.7,5.7,6.2,4.6,4.6,5.2,8.6,8.6,8.4,6.5,7.3,5.9,6.4,6.4,6.0,6.9,7.0,6.7,6.3,6.0,3.7,4.7,6.6,7.3,8.3,6.8,7.1,8.3,7.8,6.7,7.0,6.8,6.5,6.3,4.1,8.4,7.9,8.8,7.5,7.0,7.2,8.8,9.4,6.2,6.2,8.4,7.1,5.3,7.1,5.5,3.7,6.8,4.5,6.0,5.0,7.4,6.3,6.6,6.7,5.7,4.7,5.4,8.1,8.4,7.9,8.3,6.4,6.2,5.4,4.6,6.7,7.5,6.9,7.1,7.1,7.6,7.1,5.7,6.7,6.2,6.0,6.9,6.4,6.8,3.7,7.1,8.3,6.2,5.9,6.3,6.1,7.2,6.5,5.2
2026-07-30 02:00:00,5.7,5.9,6.8,5.2,6.0,6.0,5.6,6.4,5.1,5.6,5.5,8.2,8.1,7.9,5.1,7.5,5.5,6.4,6.5,6.0,6.9,6.9,6.0,6.9,6.0,5.1,4.5,6.2,6.7,7.1,7.6,8.0,8.2,7.5,6.7,7.5,6.1,7.0,6.3,4.7,8.9,7.8,9.3,8.0,7.4,7.6,8.0,9.3,6.1,5.8,8.1,7.2,4.8,6.7,5.4,3.1,6.2,4.9,5.9,5.2,7.2,6.6,20.9,6.7,6.3,4.8,5.4,7.5,8.2,7.2,8.0,6.2,6.7,6.0,5.2,7.3,6.5,7.0,7.5,6.9,7.4,6.8,4.9,7.5,5.7,6.3,6.8,6.2,6.4,4.7,7.7,8.5,5.9,5.7,5.8,5.9,6.8,6.6,5.7
2026-07-30 03:00:00,6.4,6.1,6.7,5.1,6.6,6.3,5.7,6.0,5.4,5.4,6.4,7.7,7.3,7.2,4.1,7.2,6.9,5.8,7.3,6.2,7.3,6.6,6.5,7.3,5.8,5.6,5.4,6.5,7.0,6.7,8.8,8.3,7.7,7.7,7.3,7.6,5.5,8.5,6.6,5.5,9.6,7.7,9.1,8.6,9.2,8.0,8.3,8.8,6.5,6.3,8.1,7.2,5.1,7.1,5.1,3.2,6.8,5.9,6.1,5.8,7.5,6.9,13.7,6.7,6.9,5.9,6.3,7.3,8.2,7.0,7.7,6.1,8.2,6.4,5.9,7.7,6.4,7.4,6.7,6.5,7.3,6.6,4.9,8.2,5.3,6.2,6.6,6.9,6.3,5.1,7.2,8.4,5.9,6.1,5.6,5.3,6.7,6.6,6.3
2026-07-30 04:00:00,6.6,6.3,6.5,5.0,6.8,5.8,6.5,5.6,5.8,5.8,6.9,7.9,7.6,7.6,4.2,7.3,7.8,6.3,7.9,6.4,8.3,6.9,7.1,7.0,5.9,5.7,5.7,7.0,7.2,7.2,8.8,8.3,7.8,7.5,8.7,7.5,5.2,9.9,7.5,7.3,9.7,8.7,10.7,9.9,10.3,8.2,9.7,9.1,7.3,7.2,8.7,7.9,5.4,8.1,4.9,3.3,7.3,6.5,6.9,7.0,7.8,6.9,6.2,6.7,6.9,6.4,6.7,7.3,7.9,7.2,7.9,6.9,9.0,7.2,6.0,8.3,7.0,7.9,7.0,6.9,6.9,5.9,5.1,7.7,5.2,6.4,6.4,8.0,6.4,5.8,7.3,8.2,6.7,6.4,5.5,5.2,6.7,6.9,6.5
2026-07-30 05:00:00,6.3,6.5,7.1,4.9,6.8,6.2,7.3,5.6,5.9,6.0,7.1,8.0,7.4,8.1,3.9,8.0,7.7,6.8,7.9,6.5,8.4,7.2,8.2,7.2,6.1,6.8,6.0,7.8,7.6,7.8,8.5,8.6,8.3,8.0,10.1,7.7,6.0,9.9,7.9,9.2,10.5,10.2,11.7,10.7,10.4,9.5,11.2,9.7,7.7,7.7,10.0,8.2,6.3,8.9,4.6,3.7,7.4,6.7,6.9,7.4,8.4,7.9,5.6,6.7,6.5,6.4,6.7,7.7,7.7,7.9,8.2,7.5,8.9,7.2,6.1,8.5,7.5,8.0,7.8,7.1,7.2,6.1,4.7,8.8,5.2,7.2,6.4,9.7,7.2,5.9,7.9,8.3,7.0,6.8,5.8,5.6,6.9,7.1,7.0
2026-07-30 06:00:00,6.3,6.7,7.0,5.1,6.8,6.5,7.8,5.8,6.2,6.2,7.1,8.6,7.4,8.2,3.9,8.2,7.7,7.0,8.4,6.6,9.3,7.4,8.8,7.6,6.1,7.2,6.4,8.6,7.9,8.5,9.0,8.8,8.9,8.3,10.4,7.9,5.9,10.1,8.1,9.4,11.0,11.0,12.1,11.6,10.5,10.2,12.6,9.5,8.0,8.0,10.2,8.7,6.8,9.3,4.8,4.0,7.8,6.5,7.3,7.9,8.4,7.8,6.0,6.6,6.5,6.3,6.8,7.5,8.3,8.6,9.0,7.9,9.0,7.4,6.2,8.6,8.4,8.0,7.9,7.6,7.3,6.3,4.8,8.7,5.3,10.4,6.6,9.8,7.9,6.2,8.0,9.3,7.2,7.1,6.0,5.5,7.2,7.3,6.6
2026-07-30 07:00:00,5.9,6.2,7.2,4.8,6.6,6.9,8.6,5.6,7.3,6.1,6.7,8.2,7.3,8.3,3.4,7.5,7.6,6.9,8.4,6.4,8.3,7.4,8.7,7.5,6.3,7.1,6.2,8.7,8.0,8.0,8.8,9.2,8.2,8.2,10.0,7.7,6.5,9.6,8.0,8.7,10.7,10.2,10.1,11.4,10.1,10.6,11.3,9.0,8.0,8.0,9.8,9.5,6.5,9.0,4.8,4.1,8.0,7.0,7.2,7.6,8.3,7.3,6.2,6.7,6.6,6.2,7.0,8.0,8.3,8.2,9.3,7.6,8.8,8.2,6.4,9.0,8.1,8.5,7.3,7.8,7.4,6.4,4.7,8.3,4.9,9.8,6.8,9.3,7.4,6.3,7.6,8.9,7.2,6.6,6.0,5.1,7.5,7.1,6.8
2026-07-30 08:00:00,4.6,5.4,7.1,4.8,5.4,7.1,7.2,5.9,6.2,4.7,5.5,8.2,7.0,7.3,3.4,7.0,7.1,5.9,7.2,5.3,6.7,7.6,7.8,6.1,6.5,,5.2,7.9,8.6,6.5,6.2,6.6,8.0,8.1,7.8,7.5,7.2,8.0,7.9,6.9,9.2,8.1,7.7,9.4,8.1,8.6,9.1,8.6,7.7,7.5,8.8,7.3,5.4,8.0,5.2,3.8,6.7,6.8,6.8,6.9,7.8,7.1,5.7,5.8,6.0,4.6,6.2,6.5,8.5,7.2,8.2,6.9,7.3,7.3,5.2,9.2,6.6,7.7,6.4,7.5,7.7,6.8,4.8,8.0,5.4,8.3,6.9,8.1,6.2,5.0,6.5,8.3,7.1,6.3,6.1,5.4,7.2,6.4,5.8
2026-07-30 09:00:00,3.4,6.0,6.2,4.7,3.8,5.8,5.3,5.5,5.0,3.7,4.4,7.5,6.1,6.6,3.3,6.1,5.9,4.8,5.7,4.2,6.2,6.8,6.9,5.2,5.1,,3.7,6.5,7.4,5.0,6.3,5.7,7.4,7.0,6.4,6.3,6.8,6.2,7.0,4.2,7.4,6.7,6.8,7.4,6.7,7.0,7.9,7.9,6.7,6.6,7.3,6.5,4.1,6.8,4.2,3.0,6.4,6.3,5.9,5.3,10.0,6.1,4.9,4.6,4.4,3.6,5.6,5.1,7.9,6.6,6.7,5.7,6.1,5.1,4.3,7.6,5.5,6.2,5.3,7.0,7.4,6.2,3.8,7.5,4.1,6.0,6.1,6.3,4.7,3.9,5.7,7.9,6.5,5.2,5.5,4.3,8.1,5.1,4.3
2026-07-30 10:00:00,2.9,5.2,5.0,4.3,3.3,4.5,4.6,5.0,4.3,3.1,3.7,6.7,5.1,5.9,3.0,5.2,5.1,3.8,4.6,3.4,5.6,6.3,5.7,4.1,4.2,3.0,3.1,6.4,6.4,4.2,5.2,5.3,6.8,6.3,5.4,5.0,6.1,5.2,5.8,3.3,6.5,5.6,5.7,6.6,5.4,5.5,6.9,7.3,5.8,5.5,6.3,5.0,3.2,6.0,3.7,2.5,5.5,5.4,4.8,4.2,6.6,5.0,4.3,4.2,3.5,2.7,4.7,4.7,7.2,5.8,6.0,4.7,5.2,4.9,3.3,6.2,4.8,5.4,4.1,6.4,6.7,5.5,3.3,7.1,3.7,5.8,5.6,5.8,4.1,2.9,4.6,7.0,5.8,6.0,4.8,4.0,6.5,3.9,3.7
2026-07-30 11:00:00,2.5,3.6,4.7,3.9,2.8,4.2,4.4,4.6,3.7,3.0,3.3,6.2,4.7,5.0,2.9,4.5,4.2,3.0,3.7,3.3,5.4,5.8,6.5,3.4,4.1,3.1,3.4,5.3,6.3,3.3,4.7,4.2,6.0,6.0,5.1,4.8,5.8,4.5,5.5,3.0,5.8,4.6,5.4,6.0,4.4,4.5,6.2,6.9,5.5,5.1,5.4,4.5,2.6,5.0,3.3,2.3,4.7,4.8,4.6,3.8,5.1,4.4,4.1,3.7,3.4,2.5,4.1,3.9,6.4,5.3,5.6,4.2,4.5,4.4,2.8,5.5,3.6,5.0,3.6,5.5,6.1,4.7,3.0,6.8,3.5,4.7,5.1,5.4,3.4,2.6,3.9,6.4,5.4,5.4,4.2,3.7,5.4,3.7,3.1
2026-07-30 12:00:00,2.6,2.7,4.7,3.8,2.9,3.8,4.3,4.5,3.7,3.0,3.5,6.1,4.6,4.9,2.8,4.2,3.9,2.6,3.5,3.0,5.2,5.4,9.3,3.1,4.0,2.5,2.5,4.9,6.2,3.0,4.7,4.3,5.9,6.0,4.1,4.5,5.8,4.0,5.4,2.8,5.7,4.5,5.2,5.7,3.9,4.6,6.0,7.1,5.0,5.1,4.9,4.5,2.7,4.9,3.6,2.3,4.7,4.9,4.7,3.9,5.4,4.1,4.1,3.3,3.2,2.7,4.0,3.7,6.0,5.5,5.3,3.9,4.3,4.7,2.4,5.5,3.4,5.3,3.5,5.0,5.9,4.8,3.0,5.9,3.7,4.5,4.9,5.4,3.3,2.8,3.8,6.0,5.0,4.6,4.1,3.7,5.2,3.5,3.1
2026-07-30 13:00:00,2.8,2.9,4.7,3.6,2.9,4.0,4.3,4.4,3.6,3.2,3.8,5.9,4.3,4.8,2.9,4.3,4.1,2.8,3.8,3.2,5.0,5.2,11.2,3.2,3.8,,2.5,5.0,6.1,3.1,4.6,4.6,5.9,6.1,4.2,4.6,5.6,4.1,5.4,2.7,5.7,4.8,5.1,5.7,4.3,4.8,5.9,7.1,5.0,5.0,5.0,4.5,2.9,5.1,3.9,2.4,4.3,4.7,4.6,4.0,5.2,3.9,3.8,3.7,3.3,2.8,3.8,3.7,5.9,5.3,5.5,4.0,4.7,4.5,2.4,5.8,3.5,5.2,3.6,4.6,5.8,4.7,3.0,5.5,3.7,4.7,4.7,5.4,3.5,3.2,3.9,6.0,4.7,5.0,4.0,3.7,5.3,3.2,3.0
2026-07-30 14:00:00,2.6,2.8,5.0,3.2,2.9,3.9,4.6,3.8,3.8,3.1,3.4,5.4,4.1,4.4,2.5,4.0,3.8,2.9,3.9,3.0,4.7,4.9,6.8,3.3,3.7,,2.4,4.6,6.4,3.1,4.6,4.3,5.0,5.5,4.2,4.0,5.3,4.0,5.7,2.7,5.5,4.2,5.0,5.4,4.2,4.1,5.9,7.6,5.1,5.3,4.8,4.7,2.3,4.7,3.7,2.5,4.1,4.8,4.2,4.0,4.9,3.6,3.8,3.1,2.9,2.9,3.7,3.2,5.2,4.7,5.5,3.8,4.5,3.8,2.2,6.0,3.6,4.5,3.4,4.5,5.6,4.6,3.0,5.4,3.6,4.4,4.4,5.2,3.6,2.5,3.8,5.6,4.3,5.0,3.6,3.6,4.5,3.1,2.8
2026-07-30 15:00:00,2.3,4.7,4.6,2.9,2.1,4.6,3.9,3.6,3.8,2.6,2.6,5.3,3.8,4.2,2.5,3.5,3.2,2.8,3.7,2.7,4.7,4.6,3.6,3.0,3.5,,2.2,3.9,6.0,2.9,4.2,3.8,4.7,5.4,3.4,3.8,5.2,3.5,5.2,2.4,5.4,3.8,4.8,4.9,3.6,3.5,5.4,6.8,4.4,4.6,4.2,4.3,2.1,4.2,3.6,,3.9,4.4,4.1,3.6,4.4,3.5,3.5,3.1,2.6,2.4,3.4,3.1,4.8,4.8,4.7,3.2,4.1,3.5,2.0,6.0,3.4,3.9,3.0,3.7,5.0,4.5,3.0,5.0,3.6,3.9,4.3,5.1,3.6,2.2,3.6,5.2,3.8,35.7,3.7,3.6,4.1,2.8,2.6
2026-07-30 16:00:00,2.3,5.7,4.6,2.8,2.2,4.1,3.9,3.7,3.3,2.8,2.6,4.9,3.9,3.7,2.4,3.1,2.8,2.7,3.5,2.7,4.5,4.4,3.1,2.8,3.4,,2.2,3.6,5.8,2.7,3.9,3.8,4.8,5.2,3.1,3.7,5.5,3.4,5.0,2.2,5.4,3.6,4.7,4.5,3.4,3.5,5.3,6.1,4.2,4.4,3.9,3.7,2.0,4.0,3.4,2.3,3.7,4.2,4.1,3.5,4.6,3.4,3.4,3.3,2.8,2.3,2.9,3.1,4.5,5.3,4.5,3.2,4.0,3.4,1.8,5.7,3.4,3.8,2.9,3.6,5.0,4.5,3.0,4.6,3.6,3.7,4.1,5.1,3.4,2.2,3.4,5.2,4.5,4.7,3.8,3.5,4.3,3.1,2.4
2026-07-30 17:00:00,2.7,2.6,5.0,3.2,2.4,3.7,3.9,3.6,3.5,2.9,2.7,5.6,4.1,3.9,2.6,2.9,2.5,2.5,3.7,2.8,4.6,5.0,3.0,2.6,3.6,,2.3,3.4,5.4,2.7,3.9,3.7,5.6,5.3,3.1,3.8,5.7,3.4,4.7,2.3,5.5,3.6,4.9,4.6,3.3,3.5,5.8,6.4,4.1,4.5,3.9,3.5,2.2,3.9,3.6,2.1,3.6,4.1,4.4,3.5,4.0,3.7,3.7,3.6,2.9,2.5,2.8,3.3,5.0,6.4,4.5,3.1,3.9,3.4,1.7,5.8,3.4,4.1,2.9,4.1,5.6,4.6,3.2,5.0,3.8,3.5,4.3,5.4,3.4,2.2,3.5,5.9,3.8,4.1,4.3,3.7,4.9,3.3,2.5
2026-07-30 18:00:00,2.9,2.9,5.9,3.8,2.8,4.2,4.1,4.1,3.6,3.3,2.9,6.3,4.3,4.0,2.9,2.9,2.7,2.5,4.0,3.1,5.0,5.7,3.1,2.7,4.0,,2.5,3.8,6.1,2.9,4.0,3.7,6.4,5.7,3.2,4.3,5.4,3.7,5.1,2.5,5.8,3.9,5.1,4.8,3.5,3.8,5.4,6.7,4.5,4.7,4.5,3.9,2.3,4.2,3.9,2.8,3.5,4.1,4.7,3.8,4.1,4.4,3.8,3.7,3.4,2.8,3.0,3.9,6.0,5.7,4.8,3.4,4.1,3.6,1.8,5.9,3.7,4.3,3.1,4.6,5.9,5.0,3.3,5.5,3.9,3.6,4.5,5.3,3.7,2.3,3.7,6.7,4.0,4.2,4.9,4.0,5.4,3.8,2.7
2026-07-30 19:00:00,3.6,3.3,5.4,4.3,3.3,4.3,4.3,4.8,3.6,3.7,3.4,6.6,4.5,4.4,3.2,3.2,3.4,2.6,4.1,3.3,5.4,6.0,3.4,2.8,4.2,,2.6,4.0,6.2,3.3,4.2,3.9,6.5,5.9,3.2,4.5,5.4,3.9,5.5,2.7,5.7,4.2,5.3,5.5,3.7,4.1,6.1,6.9,4.7,5.3,4.6,,2.4,4.3,3.9,2.2,3.6,4.3,4.9,3.9,4.2,5.4,3.8,3.8,3.6,3.2,3.6,4.3,5.9,5.4,5.2,3.7,4.3,3.8,2.0,6.1,3.8,4.5,3.1,5.4,6.2,5.3,3.5,5.8,,3.8,4.8,5.5,3.8,2.6,3.8,7.0,4.9,5.1,5.3,4.1,5.7,3.9,
2026-07-30 20:00:00,3.5,3.6,5.5,4.2,3.7,4.3,4.8,4.9,4.2,3.9,3.5,6.4,5.1,4.7,3.4,4.1,4.1,3.4,5.1,3.7,5.5,6.0,4.2,3.2,4.5,,3.0,5.1,6.5,3.6,4.6,4.4,6.6,6.4,3.8,5.0,5.6,4.3,6.6,3.1,6.8,5.0,5.9,6.0,4.3,4.5,6.6,7.3,5.3,,5.3,5.3,2.8,5.5,4.0,2.6,4.2,4.6,5.3,4.4,4.5,5.1,4.3,3.9,4.5,3.4,3.7,4.4,6.1,6.2,5.7,4.1,4.8,4.2,2.4,6.1,4.2,5.5,3.5,5.8,6.3,5.7,3.7,6.0,4.4,3.9,5.4,5.6,4.2,2.7,4.3,7.0,5.3,4.6,5.1,4.4,5.8,4.6,3.8
2026-07-30 21:00:00,4.1,4.9,6.0,4.5,4.7,5.1,5.1,5.4,4.6,4.4,5.6,6.8,5.7,5.8,3.9,5.2,4.5,4.5,6.0,4.6,6.0,6.5,5.0,4.7,5.1,,3.8,6.8,7.2,4.8,5.7,5.5,7.5,6.7,5.5,5.7,5.8,4.9,7.0,3.5,8.6,6.6,7.0,6.6,5.5,5.1,7.7,7.7,5.7,6.4,6.4,6.5,2.9,7.0,4.5,3.5,5.9,5.2,5.8,4.8,5.3,5.5,5.2,4.9,4.9,4.0,4.7,4.7,7.5,6.9,7.1,4.6,5.8,4.7,2.9,6.6,5.3,5.8,5.2,6.3,6.6,6.1,4.3,6.3,5.1,4.5,6.2,6.5,5.6,2.9,5.4,7.2,5.9,5.4,5.4,5.1,6.2,5.9,4.0
2026-07-30 22:00:00,4.7,4.5,6.1,4.5,5.0,5.2,5.9,5.6,5.1,5.1,5.8,7.1,5.9,6.3,3.7,5.8,5.1,5.0,6.0,5.4,6.3,6.4,5.6,5.3,5.3,,3.6,7.2,7.5,4.8,5.6,5.6,7.1,6.8,6.3,6.2,6.0,5.6,7.9,3.9,8.0,7.5,6.4,6.9,6.3,6.1,8.5,7.7,6.3,7.0,6.5,6.8,3.9,7.0,4.5,3.5,6.9,7.3,6.1,5.3,5.6,7.5,5.7,5.8,5.1,4.9,6.0,5.9,7.5,6.8,6.7,4.9,6.2,6.2,3.8,7.3,5.4,6.1,5.3,7.0,6.9,6.6,4.0,6.8,5.3,5.5,6.1,6.9,6.1,3.3,6.1,7.6,6.1,5.6,5.4,5.2,6.6,6.3,4.5
2026-07-30 23:00:00,4.3,4.2,6.5,4.5,5.5,5.9,6.0,5.7,5.7,4.9,5.6,7.5,6.4,6.6,3.3,5.9,6.2,4.8,6.2,4.5,6.7,6.6,7.3,5.3,5.9,,4.0,7.4,8.0,5.1,5.9,6.4,7.2,7.0,6.5,6.9,6.2,6.2,7.7,4.5,7.9,7.0,6.7,7.4,6.5,6.5,7.7,7.8,6.8,7.0,6.8,6.5,4.2,6.4,4.6,3.3,5.8,6.4,6.5,6.4,6.0,7.3,5.5,7.4,5.5,5.3,5.9,6.3,7.9,7.2,7.9,5.8,6.6,7.1,4.3,8.1,5.7,6.8,5.0,6.8,7.1,6.6,4.1,7.5,5.0,6.5,6.4,7.2,5.8,4.1,5.8,7.8,6.5,6.1,5.7,5.0,6.4,6.6,4.7
2026-07-31 00:00:00,5.6,4.7,7.7,5.0,6.0,6.1,6.3,6.0,5.7,6.1,6.6,7.8,6.6,6.8,3.6,6.2,6.7,5.2,6.5,4.7,7.0,7.1,6.9,5.6,6.0,,4.6,7.1,8.6,5.8,6.6,6.4,7.6,7.4,6.6,6.5,6.6,6.4,8.5,5.2,8.5,7.1,7.1,7.7,6.7,6.8,8.1,8.2,7.2,7.3,7.1,6.9,5.0,6.7,4.9,3.6,6.2,6.6,6.9,6.7,6.2,8.3,5.3,7.4,5.7,6.1,5.3,6.4,8.1,7.6,8.5,6.5,6.5,7.2,4.5,8.2,6.2,7.2,5.4,6.8,7.5,6.7,4.4,7.6,5.2,6.6,6.7,7.7,6.1,4.6,6.0,7.8,6.8,6.5,6.2,13.5,6.6,6.7,5.1
2026-07-31 01:00:00,6.0,5.4,7.4,5.3,6.0,6.3,6.9,6.3,5.5,6.5,6.8,8.1,7.1,7.2,3.9,6.6,6.8,5.5,6.7,5.6,7.7,7.3,7.1,6.0,6.3,,4.7,7.2,8.9,6.1,7.0,6.8,7.9,7.7,7.0,6.6,7.1,6.6,9.2,5.8,8.5,7.2,8.2,7.9,6.9,7.1,8.0,8.6,7.6,7.4,7.6,7.3,5.4,6.9,5.4,3.8,6.5,6.9,7.1,7.1,6.8,7.4,5.8,6.8,5.9,5.5,5.8,6.5,8.3,7.7,8.0,6.7,7.1,7.1,4.6,7.9,6.4,7.6,5.9,6.9,7.7,7.2,4.7,7.7,5.6,6.5,7.0,8.4,6.4,4.8,6.3,8.2,7.1,6.7,6.4,5.6,6.7,6.7,5.4
2026-07-31 02:00:00,5.9,5.9,7.6,5.9,6.2,6.9,7.1,6.7,5.9,6.4,6.7,8.3,7.6,7.5,4.4,6.6,6.8,5.7,6.8,6.0,7.8,7.7,7.3,6.1,6.9,,4.9,7.3,9.3,6.3,7.3,6.9,8.4,8.2,6.9,7.2,7.8,6.7,8.9,6.1,8.8,7.3,8.7,8.1,7.0,7.5,8.4,9.5,7.6,7.5,7.8,7.5,5.2,7.1,6.0,4.4,6.6,7.2,7.6,7.1,6.7,7.3,6.3,6.5,6.2,5.9,6.0,6.7,8.6,8.0,8.1,6.7,6.9,6.7,4.6,8.3,7.9,7.6,6.2,7.2,8.3,7.6,5.5,8.1,6.1,6.6,7.6,8.7,6.4,5.0,6.5,8.7,7.7,7.1,6.8,6.1,7.2,6.6,5.8
2026-07-31 03:00:00,5.6,6.0,7.9,6.1,6.3,7.5,7.3,7.0,6.1,6.3,6.5,8.8,7.9,7.5,4.7,6.8,6.6,5.8,7.0,6.0,7.8,8.0,7.3,6.3,7.0,,5.1,7.4,9.1,6.3,7.2,6.9,8.8,8.6,7.1,7.3,7.9,6.9,8.3,6.2,9.1,7.6,8.6,8.3,7.4,7.6,8.6,10.0,7.6,7.5,8.1,7.7,5.3,7.3,6.2,4.0,6.6,7.2,7.7,7.1,6.8,7.0,6.5,6.5,6.4,6.0,6.3,7.0,9.0,8.0,8.1,6.7,7.1,6.8,5.1,9.0,6.5,7.7,6.3,7.5,8.5,7.7,5.7,8.4,6.4,6.5,7.6,8.6,6.5,4.9,6.6,9.2,7.7,7.2,7.1,6.3,7.5,6.8,6.1
2026-07-31 04:00:00,5.5,6.0,8.1,6.4,6.2,7.6,7.1,7.2,6.2,6.3,6.4,9.0,8.1,7.7,4.9,6.9,6.8,6.0,7.3,6.1,8.0,8.2,7.4,6.3,7.2,,5.3,7.4,9.4,6.6,7.5,7.1,9.2,8.9,7.5,7.5,8.1,7.2,8.4,6.4,9.2,7.9,9.0,8.4,7.7,8.0,8.5,10.6,7.7,7.6,8.1,7.8,5.5,7.7,6.4,4.2,6.8,7.3,7.8,7.2,7.0,7.1,6.7,6.5,6.4,5.7,6.3,7.0,9.5,8.1,8.1,6.7,7.4,6.9,5.5,9.0,6.6,7.7,6.5,7.8,8.9,7.7,5.9,8.8,6.5,6.6,7.8,8.7,6.6,5.2,6.7,9.6,7.8,7.3,7.3,6.5,7.9,7.0,6.1
2026-07-31 05:00:00,5.5,5.9,8.0,6.5,6.2,8.3,7.0,7.3,6.5,6.1,6.4,9.4,8.7,7.9,5.2,7.3,6.8,6.2,7.5,6.0,8.4,8.5,7.6,6.6,7.4,,5.4,7.5,9.8,6.9,7.9,7.5,9.7,9.4,7.6,8.0,8.6,7.6,8.7,6.8,9.3,8.1,9.7,8.8,8.0,8.4,8.9,11.6,7.8,7.8,8.3,8.1,5.7,7.9,6.6,4.4,6.9,7.5,8.2,7.4,7.3,7.4,6.7,6.6,6.4,5.7,6.6,7.2,9.6,8.3,8.3,6.9,7.8,7.1,5.5,9.7,6.9,7.9,6.7,8.2,9.0,8.1,6.2,9.0,6.7,6.8,8.2,9.1,6.9,5.3,7.1,10.0,8.2,7.6,7.4,6.8,8.2,7.1,6.2
2026-07-31 06:00:00,5.9,6.2,8.3,6.9,6.5,8.7,7.3,7.7,6.7,6.4,6.7,9.8,8.8,8.1,5.5,7.3,7.0,6.3,7.5,6.2,8.7,9.0,7.7,6.8,7.5,,5.6,7.8,10.4,6.9,8.3,8.0,10.2,10.0,8.0,8.2,9.2,7.7,9.0,7.1,9.7,8.3,10.1,9.2,8.2,8.6,9.4,11.6,8.1,8.0,8.7,8.4,5.7,8.1,7.0,4.6,7.2,7.7,8.3,7.5,7.5,7.6,6.9,6.7,6.6,6.0,6.7,7.3,10.0,8.7,8.5,7.0,7.9,7.2,5.7,10.2,7.0,8.0,6.8,8.5,9.5,8.6,6.5,9.3,7.1,7.0,8.6,9.4,7.0,5.4,7.1,10.6,8.3,7.8,7.8,7.2,8.7,7.4,6.4
2026-07-31 07:00:00,6.2,6.2,8.7,7.1,6.6,9.1,7.4,7.9,6.9,6.3,6.9,9.9,8.9,8.1,5.7,7.4,6.8,6.4,7.4,6.3,8.8,9.2,7.7,6.8,7.5,,5.6,7.8,10.7,6.9,8.3,8.0,10.2,10.4,7.9,8.5,9.3,7.7,9.1,7.2,9.7,8.3,10.2,9.3,8.1,8.3,9.5,12.5,8.3,8.2,8.8,8.4,5.5,8.1,7.1,4.8,7.4,7.6,8.4,7.5,7.8,7.7,7.1,6.5,6.7,6.1,6.9,7.4,10.2,9.0,8.6,7.1,7.7,7.1,5.7,10.6,7.1,8.2,6.8,8.6,9.8,8.8,6.6,9.4,7.2,7.1,8.9,9.4,6.9,5.1,7.2,10.6,8.5,76.1,8.0,7.3,9.1,7.6,6.4
2026-07-31 08:00:00,6.1,6.5,9.2,7.3,6.5,9.5,7.4,8.3,6.9,6.3,7.0,10.1,9.0,8.4,5.9,7.5,7.0,6.5,7.5,6.6,8.8,9.5,7.7,7.0,7.6,6.5,5.7,8.0,11.0,7.0,8.6,8.3,10.7,10.6,7.8,8.7,9.8,7.8,9.4,7.3,9.9,8.1,10.2,9.2,8.3,8.0,9.5,12.8,8.4,8.3,8.8,8.5,5.4,8.1,7.2,5.0,7.6,7.8,8.6,7.5,8.0,8.1,7.7,6.8,6.8,6.1,7.0,7.6,10.6,9.2,8.9,7.1,7.9,7.0,5.8,11.4,7.2,8.6,7.0,9.0,10.1,9.3,6.8,9.5,7.5,7.9,9.2,9.9,6.9,5.0,7.5,10.7,8.6,7.9,8.4,7.5,9.4,7.6,6.7
2026-07-31 09:00:00,6.2,6.7,8.8,7.7,6.6,10.4,7.4,8.7,7.1,6.7,7.2,10.4,9.0,8.9,6.2,7.6,7.2,6.6,7.5,6.8,9.0,10.0,7.9,7.2,7.7,6.5,6.0,8.3,10.9,7.1,8.8,8.3,10.9,11.1,7.9,8.9,10.4,7.9,9.7,7.4,10.2,8.1,10.6,9.3,8.3,8.0,9.7,13.1,8.8,8.6,8.9,8.7,5.4,8.4,7.4,5.4,8.0,8.1,8.6,7.8,8.2,8.8,8.2,7.2,7.1,6.2,7.1,7.8,11.1,9.5,9.1,7.3,7.6,7.4,5.9,11.0,7.5,8.7,7.2,9.3,10.7,10.0,7.0,10.0,7.5,9.6,9.5,10.7,7.2,5.1,7.8,11.4,8.9,7.7,8.5,7.8,9.7,7.6,6.9
2026-07-31 10:00:00,6.4,6.7,9.2,8.2,7.0,10.4,7.9,9.2,7.6,6.9,7.6,11.0,9.4,9.3,6.5,7.9,7.7,6.9,7.7,7.0,9.8,10.6,9.0,7.3,8.0,6.6,6.3,8.7,11.3,7.3,9.2,8.3,11.3,11.3,8.1,9.2,10.8,8.1,9.8,7.8,13.1,8.4,11.0,9.7,8.5,8.2,9.9,14.0,9.2,9.3,9.1,8.7,5.8,8.6,7.5,5.9,8.2,8.4,8.9,7.9,8.5,8.4,8.7,7.5,7.1,6.4,7.6,8.1,11.8,10.0,9.6,7.6,8.0,7.6,6.1,11.1,7.7,9.1,7.4,9.8,11.1,10.1,7.1,11.2,7.9,8.3,10.0,11.4,7.3,5.4,7.7,12.1,9.7,8.0,8.7,8.1,9.9,7.8,7.0
2026-07-31 11:00:00,6.5,7.0,9.5,8.5,7.3,12.2,8.2,9.7,8.0,7.0,7.9,11.9,9.5,9.6,6.8,8.4,7.8,7.4,8.1,7.3,10.2,10.8,10.7,,8.5,7.0,6.5,9.3,11.3,7.7,9.4,8.6,11.7,11.6,8.4,9.2,10.9,8.6,10.1,8.2,12.0,8.6,11.2,9.9,8.6,8.7,10.4,15.5,9.7,9.4,9.4,8.9,6.2,9.1,7.8,6.1,8.5,8.8,9.2,8.1,8.5,8.4,9.1,7.7,7.3,6.7,8.1,8.1,12.4,10.7,10.3,7.9,8.4,8.1,6.5,11.6,8.0,9.5,7.8,10.3,11.5,11.7,7.2,11.9,8.2,8.5,10.3,12.0,7.7,6.1,8.2,13.0,10.1,8.5,8.8,8.5,10.3,7.9,7.4
2026-07-31 12:00:00,6.7,7.3,10.1,9.7,7.4,12.7,9.0,10.7,8.7,7.5,8.2,12.8,10.4,10.9,7.6,9.2,8.5,7.9,8.9,7.9,11.4,11.7,10.0,8.1,9.5,7.3,6.9,9.9,12.2,8.0,10.0,9.3,12.7,12.7,8.9,10.5,11.8,9.0,10.9,9.1,12.1,9.2,12.6,10.6,9.1,9.3,10.9,16.1,10.2,10.2,9.9,9.9,6.8,9.8,8.7,6.7,9.1,9.6,10.4,8.8,9.3,9.3,10.0,8.0,7.6,7.0,9.0,8.4,13.4,12.3,11.1,8.5,9.2,8.6,6.8,13.1,8.2,10.2,8.3,11.1,13.3,10.9,7.7,12.0,9.2,8.6,10.9,13.3,8.4,7.8,8.8,14.4,11.1,9.5,9.7,9.3,11.0,8.8,7.5
2026-07-31 13:00:00,7.1,8.0,11.3,9.9,7.6,13.2,9.9,11.1,9.4,8.3,8.8,13.4,11.1,11.7,7.9,9.5,9.0,8.3,9.8,8.7,12.0,12.0,10.6,8.5,10.1,7.7,7.5,10.5,13.1,8.6,10.4,9.7,12.9,13.2,9.6,10.6,12.4,9.6,11.8,10.0,13.1,9.8,13.5,11.3,10.0,10.0,11.8,17.2,11.1,11.2,10.4,10.6,7.8,10.7,9.2,6.9,9.4,10.3,11.3,9.6,9.9,9.9,10.5,8.7,8.2,7.7,9.6,8.9,14.1,12.7,12.0,9.1,10.3,9.4,7.2,15.4,9.0,11.1,8.8,11.5,13.4,11.5,8.3,12.9,10.0,9.6,11.4,14.5,8.9,8.5,9.1,15.1,11.7,10.2,10.2,10.2,11.2,9.4,8.2
2026-07-31 14:00:00,7.8,8.6,11.9,9.8,8.2,20.9,10.3,11.4,9.5,8.8,9.5,14.5,11.7,11.6,7.9,10.0,9.3,8.9,10.4,8.9,12.4,12.9,11.0,9.1,10.2,7.9,7.9,11.1,14.3,9.0,11.2,10.3,14.0,14.4,9.9,11.0,13.0,9.9,12.8,10.7,13.9,10.3,13.7,12.0,10.6,10.6,12.4,17.6,11.7,11.8,11.0,11.3,8.3,11.3,9.7,7.1,9.5,11.1,11.7,10.1,10.7,10.3,10.6,9.3,8.7,8.3,9.7,10.6,15.0,13.5,12.6,9.6,11.0,9.5,7.6,15.7,9.6,11.0,9.3,12.0,14.5,13.0,8.8,13.1,10.9,10.1,12.0,15.6,9.4,8.8,10.0,15.9,11.7,10.3,10.7,11.1,11.7,9.5,8.5
2026-07-31 15:00:00,8.0,8.8,11.0,8.4,8.7,14.1,10.5,9.9,8.4,9.2,9.4,13.0,11.6,9.8,6.9,9.3,9.1,8.4,10.5,9.4,12.1,11.1,10.6,8.2,10.6,7.2,7.9,10.3,12.9,8.4,9.8,8.9,12.4,12.5,9.5,10.3,11.9,9.6,11.8,9.8,14.4,9.9,13.4,11.2,10.3,10.5,11.5,17.5,11.0,11.0,9.9,9.9,7.7,11.0,8.5,6.8,8.2,9.6,12.1,10.3,10.2,9.9,9.1,8.9,9.0,8.7,8.2,9.0,12.9,13.1,12.0,9.3,10.9,9.4,7.3,13.3,9.2,10.7,8.5,10.6,12.8,11.1,7.9,12.6,9.3,9.8,10.6,14.4,8.8,9.1,9.4,14.0,11.8,10.2,9.4,10.0,10.3,9.5,8.6
2026-07-31 16:00:00,7.7,8.2,12.4,9.0,7.9,13.6,10.8,10.4,8.8,8.7,9.1,14.3,11.9,10.6,7.5,9.4,9.2,8.2,10.3,8.7,12.5,12.3,10.9,8.4,10.9,7.2,7.8,10.5,13.7,8.5,10.6,,13.3,13.5,9.6,11.2,12.9,9.7,12.6,10.6,14.0,10.2,14.3,11.6,10.2,10.6,12.0,17.2,11.4,11.7,10.5,10.2,8.7,11.0,9.3,7.1,8.6,10.5,12.2,10.4,10.5,10.9,9.9,9.6,8.9,8.1,8.6,10.2,14.0,13.2,12.4,9.6,10.7,10.2,7.4,13.5,9.4,11.6,8.8,11.6,14.2,12.3,8.5,13.7,9.8,10.2,11.5,15.2,9.1,9.5,9.6,15.9,11.9,10.7,10.8,10.5,11.3,9.7,8.3
2026-07-31 17:00:00,8.1,8.5,11.7,9.7,8.1,41.1,10.3,10.7,9.6,8.9,9.5,13.5,11.0,11.7,8.3,9.1,8.8,8.2,10.2,8.7,11.8,11.9,10.1,8.5,10.2,8.0,7.8,9.8,13.1,8.4,10.7,,13.4,13.2,9.4,10.0,12.1,9.4,11.7,9.8,13.7,9.7,12.6,11.1,9.8,10.1,11.4,15.7,10.7,11.1,9.9,10.7,8.4,10.6,9.9,6.8,9.1,11.1,11.9,10.0,10.1,9.7,10.4,9.4,9.3,8.3,9.4,10.1,13.6,13.4,11.9,9.3,10.6,10.0,7.1,16.4,9.4,11.5,8.7,10.7,14.1,11.6,8.9,12.3,10.7,9.6,10.8,13.9,9.5,8.5,10.0,14.7,10.9,10.4,11.4,10.7,11.3,9.3,8.5
2026-07-31 18:00:00,8.3,9.1,13.9,10.8,8.6,14.9,11.5,12.0,10.8,9.6,9.1,16.1,12.2,12.7,8.9,10.1,9.5,9.1,11.5,9.6,13.2,14.2,10.9,9.2,11.1,9.2,8.1,11.1,15.9,9.6,12.4,,15.7,15.5,10.4,12.5,14.3,10.6,14.0,11.5,14.7,11.3,14.8,12.7,10.9,10.8,13.2,18.7,12.8,12.9,11.8,12.2,8.9,12.1,11.1,7.8,10.1,12.3,12.8,11.0,11.7,11.4,11.3,9.8,9.7,8.8,10.4,10.4,16.0,16.6,13.8,10.3,11.8,10.0,7.3,18.7,10.8,11.5,9.9,12.5,15.9,14.0,10.1,14.0,11.9,11.6,12.7,16.7,10.8,9.9,11.2,18.0,11.9,11.1,12.9,11.8,13.0,10.3,8.5
2026-07-31 19:00:00,9.3,10.2,14.7,11.6,9.8,15.1,13.3,13.3,11.8,10.8,10.4,17.0,13.9,13.8,9.1,11.1,11.1,9.6,12.6,10.5,14.7,15.4,12.0,9.9,12.7,9.2,9.0,12.6,17.2,10.5,13.0,12.1,16.5,16.4,11.4,12.6,15.3,11.6,15.7,13.5,16.6,12.4,17.2,14.2,12.2,12.5,14.5,22.0,14.0,14.2,12.9,13.5,11.3,13.5,11.5,8.0,10.8,12.5,14.9,12.6,12.2,68.9,12.0,11.1,10.8,9.8,10.8,11.9,16.6,18.7,15.0,11.4,13.0,11.8,8.1,18.7,11.5,13.3,10.5,13.3,16.7,15.0,10.6,15.4,12.3,11.6,13.6,18.6,11.1,11.2,12.0,19.1,14.2,12.5,13.4,12.1,13.5,12.1,9.6
2026-07-31 20:00:00,10.1,17.2,15.1,11.9,11.5,16.1,14.1,14.4,14.2,11.3,12.0,17.0,15.6,13.7,9.2,12.7,12.1,10.7,13.3,11.3,16.2,16.1,13.5,11.7,13.0,9.6,10.4,13.9,17.9,11.3,13.8,12.4,17.6,17.7,12.6,13.2,15.6,12.4,15.9,14.7,21.0,13.2,19.1,15.3,14.1,14.2,15.8,21.4,14.7,15.1,14.0,14.4,13.9,14.8,11.9,8.5,11.3,12.2,15.9,13.2,12.6,59.0,12.7,13.0,11.5,10.5,10.8,14.1,17.8,20.7,15.9,12.0,13.7,12.7,9.1,19.5,12.1,14.4,11.4,15.0,17.8,15.3,10.9,16.3,12.8,12.1,14.6,20.1,11.8,12.1,12.9,20.0,15.2,13.2,13.9,12.0,15.0,13.1,11.1
2026-07-31 21:00:00,11.5,15.0,16.6,13.0,12.5,25.8,17.4,14.9,12.0,12.7,14.0,19.0,17.2,14.5,9.8,13.7,13.3,11.2,14.8,13.1,17.4,31.1,16.7,12.9,13.8,10.8,11.2,15.1,19.6,13.0,15.6,14.2,20.4,19.7,13.5,15.6,16.8,13.8,17.6,15.8,31.4,14.2,20.9,16.7,16.0,15.4,18.1,23.6,15.9,15.2,16.1,15.2,13.7,16.3,12.4,8.7,11.8,12.7,16.5,13.5,13.6,35.7,13.3,14.8,12.0,11.1,11.4,15.9,20.2,26.0,17.8,12.9,14.5,14.4,10.4,23.6,13.0,15.8,12.3,16.8,19.3,16.4,11.8,18.5,13.7,12.8,17.1,20.8,13.2,13.8,13.9,,16.4,14.5,14.9,13.9,16.7,13.6,12.3
2026-07-31 22:00:00,12.6,14.2,18.0,12.5,13.4,20.9,22.2,16.5,12.7,14.6,15.6,23.0,19.0,15.8,10.7,14.8,14.3,12.4,16.4,13.9,18.4,19.1,20.8,13.6,14.4,10.9,11.7,17.8,23.4,18.8,17.8,15.9,23.1,21.6,15.0,20.3,20.5,16.5,22.8,17.2,22.1,16.1,23.0,19.2,19.2,17.4,21.7,27.1,19.0,19.2,18.3,16.1,14.5,17.5,13.6,11.3,13.0,13.4,17.9,14.5,14.7,22.2,14.8,16.2,13.1,13.0,12.6,18.7,22.3,23.6,18.1,13.7,15.9,15.0,11.0,25.7,16.0,17.8,14.2,18.0,21.0,18.0,13.0,21.5,14.0,13.9,19.5,22.7,14.3,14.6,14.5,24.3,18.3,16.3,16.4,15.5,19.4,14.2,13.7
2026-07-31 23:00:00,13.2,15.3,19.0,13.4,14.5,18.4,17.2,17.2,14.1,15.8,16.2,24.6,21.2,16.3,13.7,15.1,15.3,14.5,16.8,14.5,18.2,19.2,19.2,14.8,15.6,11.5,11.5,20.3,24.0,24.1,18.5,16.8,24.2,23.1,23.7,19.7,21.7,18.2,20.3,19.6,24.1,18.4,24.7,20.5,20.1,18.2,22.5,28.4,19.9,19.3,18.8,17.5,14.3,18.8,14.8,9.5,14.0,13.8,19.2,15.7,15.7,20.6,15.6,16.8,15.4,15.4,14.9,21.3,22.9,23.4,20.0,16.5,17.1,16.6,12.2,28.0,19.2,30.8,15.5,18.5,22.0,19.1,13.4,21.1,14.1,14.0,20.7,24.2,15.2,15.0,14.7,25.6,19.2,17.6,17.5,18.3,20.7,16.2,14.6
